Copyright 1986-2018 Xilinx, Inc. All Rights Reserved.
-----------------------------------------------------------------------------------------------------------------------------------------------
| Tool Version : Vivado v.2018.3 (win64) Build 2405991 Thu Dec  6 23:38:27 MST 2018
| Date         : Sat Oct  3 16:41:23 2026
| Host         : LAPTOP-1K937BIF running 64-bit major release  (build 9200)
| Command      : report_timing_summary -file D:/codex/2026-09-27/yong/outputs/head_training/qat_board_candidate640_upwords_v1/board/timing.rpt
| Design       : acx720_yolo_board_top
| Device       : 7a35t-fgg484
| Speed File   : -2  PRODUCTION 1.23 2018-06-13
-----------------------------------------------------------------------------------------------------------------------------------------------

Timing Summary Report

------------------------------------------------------------------------------------------------
| Timer Settings
| --------------
------------------------------------------------------------------------------------------------

  Enable Multi Corner Analysis               :  Yes
  Enable Pessimism Removal                   :  Yes
  Pessimism Removal Resolution               :  Nearest Common Node
  Enable Input Delay Default Clock           :  No
  Enable Preset / Clear Arcs                 :  No
  Disable Flight Delays                      :  No
  Ignore I/O Paths                           :  No
  Timing Early Launch at Borrowing Latches   :  false

  Corner  Analyze    Analyze    
  Name    Max Paths  Min Paths  
  ------  ---------  ---------  
  Slow    Yes        Yes        
  Fast    Yes        Yes        



check_timing report

Table of Contents
-----------------
1. checking no_clock
2. checking constant_clock
3. checking pulse_width_clock
4. checking unconstrained_internal_endpoints
5. checking no_input_delay
6. checking no_output_delay
7. checking multiple_clock
8. checking generated_clocks
9. checking loops
10. checking partial_input_delay
11. checking partial_output_delay
12. checking latch_loops

1. checking no_clock
--------------------
 There are 0 register/latch pins with no clock.


2. checking constant_clock
--------------------------
 There are 0 register/latch pins with constant_clock.


3. checking pulse_width_clock
-----------------------------
 There are 0 register/latch pins which need pulse_width check


4. checking unconstrained_internal_endpoints
--------------------------------------------
 There are 0 pins that are not constrained for maximum delay.

 There are 0 pins that are not constrained for maximum delay due to constant clock.


5. checking no_input_delay
--------------------------
 There are 6 input ports with no input delay specified. (HIGH)

 There are 0 input ports with no input delay but user has a false path constraint.


6. checking no_output_delay
---------------------------
 There are 9 ports with no output delay specified. (HIGH)

 There are 0 ports with no output delay but user has a false path constraint

 There are 0 ports with no output delay but with a timing clock defined on it or propagating through it


7. checking multiple_clock
--------------------------
 There are 0 register/latch pins with multiple clocks.


8. checking generated_clocks
----------------------------
 There are 0 generated clocks that are not connected to a clock source.


9. checking loops
-----------------
 There are 0 combinational loops in the design.


10. checking partial_input_delay
--------------------------------
 There are 0 input ports with partial input delay specified.


11. checking partial_output_delay
---------------------------------
 There are 0 ports with partial output delay specified.


12. checking latch_loops
------------------------
 There are 0 combinational latch loops in the design through latch input



------------------------------------------------------------------------------------------------
| Design Timing Summary
| ---------------------
------------------------------------------------------------------------------------------------

    WNS(ns)      TNS(ns)  TNS Failing Endpoints  TNS Total Endpoints      WHS(ns)      THS(ns)  THS Failing Endpoints  THS Total Endpoints     WPWS(ns)     TPWS(ns)  TPWS Failing Endpoints  TPWS Total Endpoints  
    -------      -------  ---------------------  -------------------      -------      -------  ---------------------  -------------------     --------     --------  ----------------------  --------------------  
      0.514        0.000                      0                55755        0.028        0.000                      0                55741        0.000        0.000                       0                 22886  


All user specified timing constraints are met.


------------------------------------------------------------------------------------------------
| Clock Summary
| -------------
------------------------------------------------------------------------------------------------

Clock                                                                                                                                                            Waveform(ns)         Period(ns)      Frequency(MHz)
-----                                                                                                                                                            ------------         ----------      --------------
Clk                                                                                                                                                              {0.000 10.000}       20.000          50.000          
  clk_out1_mmcm                                                                                                                                                  {0.000 2.500}        5.000           200.000         
    freq_refclk                                                                                                                                                  {0.000 0.625}        1.250           800.000         
      u_memc_ui_top_axi/mem_intfc0/ddr_phy_top0/u_ddr_mc_phy_wrapper/u_ddr_mc_phy/ddr_phy_4lanes_0.u_ddr_phy_4lanes/ddr_byte_lane_A.ddr_byte_lane_A/iserdes_clk  {0.000 1.250}        2.500           400.000         
        iserdes_clkdiv                                                                                                                                           {0.000 5.000}        10.000          100.000         
      u_memc_ui_top_axi/mem_intfc0/ddr_phy_top0/u_ddr_mc_phy_wrapper/u_ddr_mc_phy/ddr_phy_4lanes_0.u_ddr_phy_4lanes/ddr_byte_lane_C.ddr_byte_lane_C/iserdes_clk  {0.000 1.250}        2.500           400.000         
        iserdes_clkdiv_1                                                                                                                                         {0.000 5.000}        10.000          100.000         
    mem_refclk                                                                                                                                                   {0.000 1.250}        2.500           400.000         
      oserdes_clk                                                                                                                                                {0.000 1.250}        2.500           400.000         
        oserdes_clkdiv                                                                                                                                           {0.000 2.500}        5.000           200.000         
      oserdes_clk_1                                                                                                                                              {0.000 1.250}        2.500           400.000         
        oserdes_clkdiv_1                                                                                                                                         {0.000 5.000}        10.000          100.000         
      oserdes_clk_2                                                                                                                                              {0.000 1.250}        2.500           400.000         
        oserdes_clkdiv_2                                                                                                                                         {0.000 2.500}        5.000           200.000         
      oserdes_clk_3                                                                                                                                              {0.000 1.250}        2.500           400.000         
        oserdes_clkdiv_3                                                                                                                                         {0.000 5.000}        10.000          100.000         
    pll_clk3_out                                                                                                                                                 {0.000 5.000}        10.000          100.000         
      clk_pll_i                                                                                                                                                  {0.000 5.000}        10.000          100.000         
    pll_clkfbout                                                                                                                                                 {0.000 2.500}        5.000           200.000         
    sync_pulse                                                                                                                                                   {1.094 3.594}        40.000          25.000          
  clk_out2_mmcm                                                                                                                                                  {0.000 5.000}        10.000          100.000         
  clkfbout_mmcm                                                                                                                                                  {0.000 10.000}       20.000          50.000          
rgmii_rx_clk_i                                                                                                                                                   {0.000 4.000}        8.000           125.000         
  clk_out1_clk_wiz_0                                                                                                                                             {2.000 6.000}        8.000           125.000         
  clkfbout_clk_wiz_0                                                                                                                                             {0.000 4.000}        8.000           125.000         


------------------------------------------------------------------------------------------------
| Intra Clock Table
| -----------------
------------------------------------------------------------------------------------------------

Clock                                                                                                                                                                WNS(ns)      TNS(ns)  TNS Failing Endpoints  TNS Total Endpoints      WHS(ns)      THS(ns)  THS Failing Endpoints  THS Total Endpoints     WPWS(ns)     TPWS(ns)  TPWS Failing Endpoints  TPWS Total Endpoints  
-----                                                                                                                                                                -------      -------  ---------------------  -------------------      -------      -------  ---------------------  -------------------     --------     --------  ----------------------  --------------------  
Clk                                                                                                                                                                                                                                                                                                                7.000        0.000                       0                     1  
  clk_out1_mmcm                                                                                                                                                        2.741        0.000                      0                  126        0.121        0.000                      0                  126        0.264        0.000                       0                    65  
    freq_refclk                                                                                                                                                                                                                                                                                                    0.001        0.000                       0                     8  
      u_memc_ui_top_axi/mem_intfc0/ddr_phy_top0/u_ddr_mc_phy_wrapper/u_ddr_mc_phy/ddr_phy_4lanes_0.u_ddr_phy_4lanes/ddr_byte_lane_A.ddr_byte_lane_A/iserdes_clk                                                                                                                                                    1.029        0.000                       0                    16  
        iserdes_clkdiv                                                                                                                                                 8.265        0.000                      0                   33        0.071        0.000                      0                   33        2.850        0.000                       0                     9  
      u_memc_ui_top_axi/mem_intfc0/ddr_phy_top0/u_ddr_mc_phy_wrapper/u_ddr_mc_phy/ddr_phy_4lanes_0.u_ddr_phy_4lanes/ddr_byte_lane_C.ddr_byte_lane_C/iserdes_clk                                                                                                                                                    1.029        0.000                       0                    16  
        iserdes_clkdiv_1                                                                                                                                               8.146        0.000                      0                   33        0.071        0.000                      0                   33        2.850        0.000                       0                     9  
    mem_refclk                                                                                                                                                         1.412        0.000                      0                    1        0.336        0.000                      0                    1        0.715        0.000                       0                     8  
      oserdes_clk                                                                                                                                                      1.195        0.000                      0                    4        0.409        0.000                      0                    4        1.026        0.000                       0                    12  
        oserdes_clkdiv                                                                                                                                                 3.868        0.000                      0                   36        0.088        0.000                      0                   36        0.000        0.000                       0                    11  
      oserdes_clk_1                                                                                                                                                                                                                                                                                                1.029        0.000                       0                    12  
        oserdes_clkdiv_1                                                                                                                                               8.857        0.000                      0                   48        0.092        0.000                      0                   48        2.850        0.000                       0                    13  
      oserdes_clk_2                                                                                                                                                    1.189        0.000                      0                    4        0.411        0.000                      0                    4        1.026        0.000                       0                    12  
        oserdes_clkdiv_2                                                                                                                                               3.863        0.000                      0                   36        0.090        0.000                      0                   36        0.000        0.000                       0                    11  
      oserdes_clk_3                                                                                                                                                                                                                                                                                                1.026        0.000                       0                    12  
        oserdes_clkdiv_3                                                                                                                                               8.600        0.000                      0                   44        0.084        0.000                      0                   44        2.850        0.000                       0                    12  
    pll_clk3_out                                                                                                                                                                                                                                                                                                   3.000        0.000                       0                     3  
      clk_pll_i                                                                                                                                                        0.514        0.000                      0                51825        0.028        0.000                      0                51825        2.850        0.000                       0                 21217  
    pll_clkfbout                                                                                                                                                                                                                                                                                                   3.751        0.000                       0                     2  
    sync_pulse                                                                                                                                                                                                                                                                                                     1.428        0.000                       0                     8  
  clk_out2_mmcm                                                                                                                                                        2.669        0.000                      0                 1539        0.117        0.000                      0                 1539        3.870        0.000                       0                   491  
  clkfbout_mmcm                                                                                                                                                                                                                                                                                                   18.408        0.000                       0                     3  
rgmii_rx_clk_i                                                                                                                                                                                                                                                                                                     2.000        0.000                       0                     1  
  clk_out1_clk_wiz_0                                                                                                                                                   2.538        0.000                      0                 1716        0.056        0.000                      0                 1716        3.146        0.000                       0                   931  
  clkfbout_clk_wiz_0                                                                                                                                                                                                                                                                                               6.408        0.000                       0                     3  


------------------------------------------------------------------------------------------------
| Inter Clock Table
| -----------------
------------------------------------------------------------------------------------------------

From Clock                                                                                                                                                 To Clock                                                                                                                                                       WNS(ns)      TNS(ns)  TNS Failing Endpoints  TNS Total Endpoints      WHS(ns)      THS(ns)  THS Failing Endpoints  THS Total Endpoints  
----------                                                                                                                                                 --------                                                                                                                                                       -------      -------  ---------------------  -------------------      -------      -------  ---------------------  -------------------  
clk_pll_i                                                                                                                                                  clk_out1_mmcm                                                                                                                                                   17.071        0.000                      0                    1                                                                        
clk_pll_i                                                                                                                                                  u_memc_ui_top_axi/mem_intfc0/ddr_phy_top0/u_ddr_mc_phy_wrapper/u_ddr_mc_phy/ddr_phy_4lanes_0.u_ddr_phy_4lanes/ddr_byte_lane_A.ddr_byte_lane_A/iserdes_clk        7.241        0.000                      0                    8       38.474        0.000                      0                    8  
clk_pll_i                                                                                                                                                  u_memc_ui_top_axi/mem_intfc0/ddr_phy_top0/u_ddr_mc_phy_wrapper/u_ddr_mc_phy/ddr_phy_4lanes_0.u_ddr_phy_4lanes/ddr_byte_lane_C.ddr_byte_lane_C/iserdes_clk        8.732        0.000                      0                    8       38.025        0.000                      0                    8  
sync_pulse                                                                                                                                                 mem_refclk                                                                                                                                                       0.982        0.000                      0                    1        0.678        0.000                      0                    1  
oserdes_clk                                                                                                                                                oserdes_clkdiv                                                                                                                                                   1.699        0.000                      0                   15        0.089        0.000                      0                   15  
oserdes_clk_1                                                                                                                                              oserdes_clkdiv_1                                                                                                                                                 1.699        0.000                      0                   13        0.080        0.000                      0                   13  
oserdes_clk_2                                                                                                                                              oserdes_clkdiv_2                                                                                                                                                 1.699        0.000                      0                   15        0.095        0.000                      0                   15  
oserdes_clk_3                                                                                                                                              oserdes_clkdiv_3                                                                                                                                                 1.699        0.000                      0                   12        0.082        0.000                      0                   12  
clk_out1_mmcm                                                                                                                                              clk_pll_i                                                                                                                                                       17.863        0.000                      0                   12        0.082        0.000                      0                   12  
clk_out2_mmcm                                                                                                                                              clk_pll_i                                                                                                                                                        6.529        0.000                      0                   11        0.191        0.000                      0                    5  
clk_pll_i                                                                                                                                                  clk_out2_mmcm                                                                                                                                                    2.867        0.000                      0                  154        1.182        0.000                      0                  148  


------------------------------------------------------------------------------------------------
| Other Path Groups Table
| -----------------------
------------------------------------------------------------------------------------------------

Path Group         From Clock         To Clock               WNS(ns)      TNS(ns)  TNS Failing Endpoints  TNS Total Endpoints      WHS(ns)      THS(ns)  THS Failing Endpoints  THS Total Endpoints  
----------         ----------         --------               -------      -------  ---------------------  -------------------      -------      -------  ---------------------  -------------------  
**async_default**  clk_pll_i          clk_pll_i                4.758        0.000                      0                  129        1.051        0.000                      0                  129  
**default**        clk_pll_i                                   0.521        0.000                      0                    1                                                                        


------------------------------------------------------------------------------------------------
| Timing Details
| --------------
------------------------------------------------------------------------------------------------


---------------------------------------------------------------------------------------------------
From Clock:  Clk
  To Clock:  Clk

Setup :           NA  Failing Endpoints,  Worst Slack           NA  ,  Total Violation           NA
Hold  :           NA  Failing Endpoints,  Worst Slack           NA  ,  Total Violation           NA
PW    :            0  Failing Endpoints,  Worst Slack        7.000ns,  Total Violation        0.000ns
---------------------------------------------------------------------------------------------------


Pulse Width Checks
--------------------------------------------------------------------------------------
Clock Name:         Clk
Waveform(ns):       { 0.000 10.000 }
Period(ns):         20.000
Sources:            { Clk }

Check Type        Corner  Lib Pin            Reference Pin  Required(ns)  Actual(ns)  Slack(ns)  Location         Pin
Min Period        n/a     MMCME2_ADV/CLKIN1  n/a            1.249         20.000      18.751     MMCME2_ADV_X0Y0  u_mmcm/inst/mmcm_adv_inst/CLKIN1
Max Period        n/a     MMCME2_ADV/CLKIN1  n/a            100.000       20.000      80.000     MMCME2_ADV_X0Y0  u_mmcm/inst/mmcm_adv_inst/CLKIN1
Low Pulse Width   Slow    MMCME2_ADV/CLKIN1  n/a            3.000         10.000      7.000      MMCME2_ADV_X0Y0  u_mmcm/inst/mmcm_adv_inst/CLKIN1
High Pulse Width  Slow    MMCME2_ADV/CLKIN1  n/a            3.000         10.000      7.000      MMCME2_ADV_X0Y0  u_mmcm/inst/mmcm_adv_inst/CLKIN1



---------------------------------------------------------------------------------------------------
From Clock:  clk_out1_mmcm
  To Clock:  clk_out1_mmcm

Setup :            0  Failing Endpoints,  Worst Slack        2.741ns,  Total Violation        0.000ns
Hold  :            0  Failing Endpoints,  Worst Slack        0.121ns,  Total Violation        0.000ns
PW    :            0  Failing Endpoints,  Worst Slack        0.264ns,  Total Violation        0.000ns
---------------------------------------------------------------------------------------------------


Max Delay Paths
--------------------------------------------------------------------------------------
Slack (MET) :             2.741ns  (required time - arrival time)
  Source:                 u_ddr3/u_mig_7series_0/u_mig_7series_0_mig/temp_mon_enabled.u_tempmon/xadc_supplied_temperature.sample_timer_reg[4]/C
                            (rising edge-triggered cell FDRE clocked by clk_out1_mmcm  {rise@0.000ns fall@2.500ns period=5.000ns})
  Destination:            u_ddr3/u_mig_7series_0/u_mig_7series_0_mig/temp_mon_enabled.u_tempmon/xadc_supplied_temperature.sample_timer_reg[10]/D
                            (rising edge-triggered cell FDRE clocked by clk_out1_mmcm  {rise@0.000ns fall@2.500ns period=5.000ns})
  Path Group:             clk_out1_mmcm
  Path Type:              Setup (Max at Slow Process Corner)
  Requirement:            5.000ns  (clk_out1_mmcm rise@5.000ns - clk_out1_mmcm rise@0.000ns)
  Data Path Delay:        2.231ns  (logic 0.738ns (33.081%)  route 1.493ns (66.919%))
  Logic Levels:           2  (LUT6=2)
  Clock Path Skew:        -0.023ns (DCD - SCD + CPR)
    Destination Clock Delay (DCD):    -0.956ns = ( 4.044 - 5.000 ) 
    Source Clock Delay      (SCD):    -0.516ns
    Clock Pessimism Removal (CPR):    0.418ns
  Clock Uncertainty:      0.079ns  ((TSJ^2 + DJ^2)^1/2) / 2 + PE
    Total System Jitter     (TSJ):    0.071ns
    Discrete Jitter          (DJ):    0.142ns
    Phase Error              (PE):    0.000ns

    Location             Delay type                Incr(ns)  Path(ns)    Netlist Resource(s)
  -------------------------------------------------------------------    -------------------
                         (clock clk_out1_mmcm rise edge)
                                                      0.000     0.000 r  
    Y18                                               0.000     0.000 r  Clk (IN)
                         net (fo=0)                   0.000     0.000    u_mmcm/inst/clk_in1
    Y18                  IBUF (Prop_ibuf_I_O)         1.427     1.427 r  u_mmcm/inst/clkin1_ibufg/O
                         net (fo=1, routed)           1.065     2.492    u_mmcm/inst/clk_in1_mmcm
    MMCME2_ADV_X0Y0      MMCME2_ADV (Prop_mmcme2_adv_CLKIN1_CLKOUT0)
                                                     -5.924    -3.433 r  u_mmcm/inst/mmcm_adv_inst/CLKOUT0
                         net (fo=1, routed)           1.425    -2.008    u_mmcm/inst/clk_out1_mmcm
    BUFGCTRL_X0Y1        BUFG (Prop_bufg_I_O)         0.081    -1.927 r  u_mmcm/inst/clkout1_buf/O
                         net (fo=63, routed)          1.411    -0.516    u_ddr3/u_mig_7series_0/u_mig_7series_0_mig/temp_mon_enabled.u_tempmon/mmcm_clk
    SLICE_X2Y78          FDRE                                         r  u_ddr3/u_mig_7series_0/u_mig_7series_0_mig/temp_mon_enabled.u_tempmon/xadc_supplied_temperature.sample_timer_reg[4]/C
  -------------------------------------------------------------------    -------------------
    SLICE_X2Y78          FDRE (Prop_fdre_C_Q)         0.398    -0.118 f  u_ddr3/u_mig_7series_0/u_mig_7series_0_mig/temp_mon_enabled.u_tempmon/xadc_supplied_temperature.sample_timer_reg[4]/Q
                         net (fo=4, routed)           0.677     0.560    u_ddr3/u_mig_7series_0/u_mig_7series_0_mig/temp_mon_enabled.u_tempmon/xadc_supplied_temperature.sample_timer_reg__0[4]
    SLICE_X3Y79          LUT6 (Prop_lut6_I0_O)        0.235     0.795 r  u_ddr3/u_mig_7series_0/u_mig_7series_0_mig/temp_mon_enabled.u_tempmon/xadc_supplied_temperature.sample_timer[10]_i_3/O
                         net (fo=5, routed)           0.816     1.610    u_ddr3/u_mig_7series_0/u_mig_7series_0_mig/temp_mon_enabled.u_tempmon/xadc_supplied_temperature.sample_timer[10]_i_3_n_0
    SLICE_X2Y79          LUT6 (Prop_lut6_I2_O)        0.105     1.715 r  u_ddr3/u_mig_7series_0/u_mig_7series_0_mig/temp_mon_enabled.u_tempmon/xadc_supplied_temperature.sample_timer[10]_i_2/O
                         net (fo=1, routed)           0.000     1.715    u_ddr3/u_mig_7series_0/u_mig_7series_0_mig/temp_mon_enabled.u_tempmon/p_0_in__0[10]
    SLICE_X2Y79          FDRE                                         r  u_ddr3/u_mig_7series_0/u_mig_7series_0_mig/temp_mon_enabled.u_tempmon/xadc_supplied_temperature.sample_timer_reg[10]/D
  -------------------------------------------------------------------    -------------------

                         (clock clk_out1_mmcm rise edge)
                                                      5.000     5.000 r  
    Y18                                               0.000     5.000 r  Clk (IN)
                         net (fo=0)                   0.000     5.000    u_mmcm/inst/clk_in1
    Y18                  IBUF (Prop_ibuf_I_O)         1.361     6.361 r  u_mmcm/inst/clkin1_ibufg/O
                         net (fo=1, routed)           1.004     7.364    u_mmcm/inst/clk_in1_mmcm
    MMCME2_ADV_X0Y0      MMCME2_ADV (Prop_mmcme2_adv_CLKIN1_CLKOUT0)
                                                     -6.061     1.303 r  u_mmcm/inst/mmcm_adv_inst/CLKOUT0
                         net (fo=1, routed)           1.357     2.661    u_mmcm/inst/clk_out1_mmcm
    BUFGCTRL_X0Y1        BUFG (Prop_bufg_I_O)         0.077     2.738 r  u_mmcm/inst/clkout1_buf/O
                         net (fo=63, routed)          1.306     4.044    u_ddr3/u_mig_7series_0/u_mig_7series_0_mig/temp_mon_enabled.u_tempmon/mmcm_clk
    SLICE_X2Y79          FDRE                                         r  u_ddr3/u_mig_7series_0/u_mig_7series_0_mig/temp_mon_enabled.u_tempmon/xadc_supplied_temperature.sample_timer_reg[10]/C
                         clock pessimism              0.418     4.461    
                         clock uncertainty           -0.079     4.382    
    SLICE_X2Y79          FDRE (Setup_fdre_C_D)        0.074     4.456    u_ddr3/u_mig_7series_0/u_mig_7series_0_mig/temp_mon_enabled.u_tempmon/xadc_supplied_temperature.sample_timer_reg[10]
  -------------------------------------------------------------------
                         required time                          4.456    
                         arrival time                          -1.715    
  -------------------------------------------------------------------
                         slack                                  2.741    





Min Delay Paths
--------------------------------------------------------------------------------------
Slack (MET) :             0.121ns  (arrival time - required time)
  Source:                 u_ddr3/u_mig_7series_0/u_mig_7series_0_mig/temp_mon_enabled.u_tempmon/xadc_supplied_temperature.rst_r1_reg/C
                            (rising edge-triggered cell FDRE clocked by clk_out1_mmcm  {rise@0.000ns fall@2.500ns period=5.000ns})
  Destination:            u_ddr3/u_mig_7series_0/u_mig_7series_0_mig/temp_mon_enabled.u_tempmon/xadc_supplied_temperature.rst_r2_reg/D
                            (rising edge-triggered cell FDRE clocked by clk_out1_mmcm  {rise@0.000ns fall@2.500ns period=5.000ns})
  Path Group:             clk_out1_mmcm
  Path Type:              Hold (Min at Fast Process Corner)
  Requirement:            0.000ns  (clk_out1_mmcm rise@0.000ns - clk_out1_mmcm rise@0.000ns)
  Data Path Delay:        0.196ns  (logic 0.141ns (71.838%)  route 0.055ns (28.162%))
  Logic Levels:           0  
  Clock Path Skew:        0.000ns (DCD - SCD - CPR)
    Destination Clock Delay (DCD):    -0.799ns
    Source Clock Delay      (SCD):    -0.561ns
    Clock Pessimism Removal (CPR):    -0.238ns

    Location             Delay type                Incr(ns)  Path(ns)    Netlist Resource(s)
  -------------------------------------------------------------------    -------------------
                         (clock clk_out1_mmcm rise edge)
                                                      0.000     0.000 r  
    Y18                                               0.000     0.000 r  Clk (IN)
                         net (fo=0)                   0.000     0.000    u_mmcm/inst/clk_in1
    Y18                  IBUF (Prop_ibuf_I_O)         0.264     0.264 r  u_mmcm/inst/clkin1_ibufg/O
                         net (fo=1, routed)           0.440     0.704    u_mmcm/inst/clk_in1_mmcm
    MMCME2_ADV_X0Y0      MMCME2_ADV (Prop_mmcme2_adv_CLKIN1_CLKOUT0)
                                                     -2.362    -1.659 r  u_mmcm/inst/mmcm_adv_inst/CLKOUT0
                         net (fo=1, routed)           0.489    -1.170    u_mmcm/inst/clk_out1_mmcm
    BUFGCTRL_X0Y1        BUFG (Prop_bufg_I_O)         0.026    -1.144 r  u_mmcm/inst/clkout1_buf/O
                         net (fo=63, routed)          0.583    -0.561    u_ddr3/u_mig_7series_0/u_mig_7series_0_mig/temp_mon_enabled.u_tempmon/mmcm_clk
    SLICE_X3Y78          FDRE                                         r  u_ddr3/u_mig_7series_0/u_mig_7series_0_mig/temp_mon_enabled.u_tempmon/xadc_supplied_temperature.rst_r1_reg/C
  -------------------------------------------------------------------    -------------------
    SLICE_X3Y78          FDRE (Prop_fdre_C_Q)         0.141    -0.420 r  u_ddr3/u_mig_7series_0/u_mig_7series_0_mig/temp_mon_enabled.u_tempmon/xadc_supplied_temperature.rst_r1_reg/Q
                         net (fo=1, routed)           0.055    -0.365    u_ddr3/u_mig_7series_0/u_mig_7series_0_mig/temp_mon_enabled.u_tempmon/xadc_supplied_temperature.rst_r1
    SLICE_X3Y78          FDRE                                         r  u_ddr3/u_mig_7series_0/u_mig_7series_0_mig/temp_mon_enabled.u_tempmon/xadc_supplied_temperature.rst_r2_reg/D
  -------------------------------------------------------------------    -------------------

                         (clock clk_out1_mmcm rise edge)
                                                      0.000     0.000 r  
    Y18                                               0.000     0.000 r  Clk (IN)
                         net (fo=0)                   0.000     0.000    u_mmcm/inst/clk_in1
    Y18                  IBUF (Prop_ibuf_I_O)         0.452     0.452 r  u_mmcm/inst/clkin1_ibufg/O
                         net (fo=1, routed)           0.480     0.932    u_mmcm/inst/clk_in1_mmcm
    MMCME2_ADV_X0Y0      MMCME2_ADV (Prop_mmcme2_adv_CLKIN1_CLKOUT0)
                                                     -3.145    -2.214 r  u_mmcm/inst/mmcm_adv_inst/CLKOUT0
                         net (fo=1, routed)           0.534    -1.680    u_mmcm/inst/clk_out1_mmcm
    BUFGCTRL_X0Y1        BUFG (Prop_bufg_I_O)         0.029    -1.651 r  u_mmcm/inst/clkout1_buf/O
                         net (fo=63, routed)          0.851    -0.799    u_ddr3/u_mig_7series_0/u_mig_7series_0_mig/temp_mon_enabled.u_tempmon/mmcm_clk
    SLICE_X3Y78          FDRE                                         r  u_ddr3/u_mig_7series_0/u_mig_7series_0_mig/temp_mon_enabled.u_tempmon/xadc_supplied_temperature.rst_r2_reg/C
                         clock pessimism              0.238    -0.561    
    SLICE_X3Y78          FDRE (Hold_fdre_C_D)         0.075    -0.486    u_ddr3/u_mig_7series_0/u_mig_7series_0_mig/temp_mon_enabled.u_tempmon/xadc_supplied_temperature.rst_r2_reg
  -------------------------------------------------------------------
                         required time                          0.486    
                         arrival time                          -0.365    
  -------------------------------------------------------------------
                         slack                                  0.121    





Pulse Width Checks
--------------------------------------------------------------------------------------
Clock Name:         clk_out1_mmcm
Waveform(ns):       { 0.000 2.500 }
Period(ns):         5.000
Sources:            { u_mmcm/inst/mmcm_adv_inst/CLKOUT0 }

Check Type        Corner  Lib Pin            Reference Pin  Required(ns)  Actual(ns)  Slack(ns)  Location         Pin
Min Period        n/a     XADC/DCLK          n/a            4.000         5.000       1.000      XADC_X0Y0        u_ddr3/u_mig_7series_0/u_mig_7series_0_mig/temp_mon_enabled.u_tempmon/xadc_supplied_temperature.XADC_inst/DCLK
Max Period        n/a     IDELAYCTRL/REFCLK  n/a            5.264         5.000       0.264      IDELAYCTRL_X1Y0  u_ddr3/u_mig_7series_0/u_mig_7series_0_mig/u_iodelay_ctrl/u_idelayctrl_200/REFCLK
Low Pulse Width   Slow    PLLE2_ADV/CLKIN1   n/a            1.400         2.500       1.100      PLLE2_ADV_X1Y0   u_ddr3/u_mig_7series_0/u_mig_7series_0_mig/u_ddr3_infrastructure/plle2_i/CLKIN1
High Pulse Width  Slow    PLLE2_ADV/CLKIN1   n/a            1.400         2.500       1.100      PLLE2_ADV_X1Y0   u_ddr3/u_mig_7series_0/u_mig_7series_0_mig/u_ddr3_infrastructure/plle2_i/CLKIN1



---------------------------------------------------------------------------------------------------
From Clock:  freq_refclk
  To Clock:  freq_refclk

Setup :           NA  Failing Endpoints,  Worst Slack           NA  ,  Total Violation           NA
Hold  :           NA  Failing Endpoints,  Worst Slack           NA  ,  Total Violation           NA
PW    :            0  Failing Endpoints,  Worst Slack        0.001ns,  Total Violation        0.000ns
---------------------------------------------------------------------------------------------------


Pulse Width Checks
--------------------------------------------------------------------------------------
Clock Name:         freq_refclk
Waveform(ns):       { 0.000 0.625 }
Period(ns):         1.250
Sources:            { u_ddr3/u_mig_7series_0/u_mig_7series_0_mig/u_ddr3_infrastructure/plle2_i/CLKOUT0 }

Check Type        Corner  Lib Pin                    Reference Pin  Required(ns)  Actual(ns)  Slack(ns)  Location             Pin
Min Period        n/a     PLLE2_ADV/CLKOUT0          n/a            1.249         1.250       0.001      PLLE2_ADV_X1Y0       u_ddr3/u_mig_7series_0/u_mig_7series_0_mig/u_ddr3_infrastructure/plle2_i/CLKOUT0
Max Period        n/a     PHASER_OUT_PHY/FREQREFCLK  n/a            2.500         1.250       1.250      PHASER_OUT_PHY_X1Y0  u_ddr3/u_mig_7series_0/u_mig_7series_0_mig/u_memc_ui_top_axi/mem_intfc0/ddr_phy_top0/u_ddr_mc_phy_wrapper/u_ddr_mc_phy/ddr_phy_4lanes_0.u_ddr_phy_4lanes/ddr_byte_lane_A.ddr_byte_lane_A/phaser_out/FREQREFCLK
Low Pulse Width   Fast    PHASER_REF/CLKIN           n/a            0.482         0.625       0.143      PHASER_REF_X1Y0      u_ddr3/u_mig_7series_0/u_mig_7series_0_mig/u_memc_ui_top_axi/mem_intfc0/ddr_phy_top0/u_ddr_mc_phy_wrapper/u_ddr_mc_phy/ddr_phy_4lanes_0.u_ddr_phy_4lanes/phaser_ref_i/CLKIN
High Pulse Width  Slow    PHASER_IN_PHY/FREQREFCLK   n/a            0.482         0.625       0.143      PHASER_IN_PHY_X1Y0   u_ddr3/u_mig_7series_0/u_mig_7series_0_mig/u_memc_ui_top_axi/mem_intfc0/ddr_phy_top0/u_ddr_mc_phy_wrapper/u_ddr_mc_phy/ddr_phy_4lanes_0.u_ddr_phy_4lanes/ddr_byte_lane_A.ddr_byte_lane_A/phaser_in_gen.phaser_in/FREQREFCLK



---------------------------------------------------------------------------------------------------
From Clock:  u_memc_ui_top_axi/mem_intfc0/ddr_phy_top0/u_ddr_mc_phy_wrapper/u_ddr_mc_phy/ddr_phy_4lanes_0.u_ddr_phy_4lanes/ddr_byte_lane_A.ddr_byte_lane_A/iserdes_clk
  To Clock:  u_memc_ui_top_axi/mem_intfc0/ddr_phy_top0/u_ddr_mc_phy_wrapper/u_ddr_mc_phy/ddr_phy_4lanes_0.u_ddr_phy_4lanes/ddr_byte_lane_A.ddr_byte_lane_A/iserdes_clk

Setup :           NA  Failing Endpoints,  Worst Slack           NA  ,  Total Violation           NA
Hold  :           NA  Failing Endpoints,  Worst Slack           NA  ,  Total Violation           NA
PW    :            0  Failing Endpoints,  Worst Slack        1.029ns,  Total Violation        0.000ns
---------------------------------------------------------------------------------------------------


Pulse Width Checks
--------------------------------------------------------------------------------------
Clock Name:         u_memc_ui_top_axi/mem_intfc0/ddr_phy_top0/u_ddr_mc_phy_wrapper/u_ddr_mc_phy/ddr_phy_4lanes_0.u_ddr_phy_4lanes/ddr_byte_lane_A.ddr_byte_lane_A/iserdes_clk
Waveform(ns):       { 0.000 1.250 }
Period(ns):         2.500
Sources:            { u_ddr3/u_mig_7series_0/u_mig_7series_0_mig/u_memc_ui_top_axi/mem_intfc0/ddr_phy_top0/u_ddr_mc_phy_wrapper/u_ddr_mc_phy/ddr_phy_4lanes_0.u_ddr_phy_4lanes/ddr_byte_lane_A.ddr_byte_lane_A/phaser_in_gen.phaser_in/ICLK }

Check Type  Corner  Lib Pin        Reference Pin  Required(ns)  Actual(ns)  Slack(ns)  Location     Pin
Min Period  n/a     ISERDESE2/CLK  n/a            1.471         2.500       1.029      ILOGIC_X1Y1  u_ddr3/u_mig_7series_0/u_mig_7series_0_mig/u_memc_ui_top_axi/mem_intfc0/ddr_phy_top0/u_ddr_mc_phy_wrapper/u_ddr_mc_phy/ddr_phy_4lanes_0.u_ddr_phy_4lanes/ddr_byte_lane_A.ddr_byte_lane_A/ddr_byte_group_io/input_[0].iserdes_dq_.iserdesdq/CLK



---------------------------------------------------------------------------------------------------
From Clock:  iserdes_clkdiv
  To Clock:  iserdes_clkdiv

Setup :            0  Failing Endpoints,  Worst Slack        8.265ns,  Total Violation        0.000ns
Hold  :            0  Failing Endpoints,  Worst Slack        0.071ns,  Total Violation        0.000ns
PW    :            0  Failing Endpoints,  Worst Slack        2.850ns,  Total Violation        0.000ns
---------------------------------------------------------------------------------------------------


Max Delay Paths
--------------------------------------------------------------------------------------
Slack (MET) :             8.265ns  (required time - arrival time)
  Source:                 u_ddr3/u_mig_7series_0/u_mig_7series_0_mig/u_memc_ui_top_axi/mem_intfc0/ddr_phy_top0/u_ddr_mc_phy_wrapper/u_ddr_mc_phy/ddr_phy_4lanes_0.u_ddr_phy_4lanes/ddr_byte_lane_A.ddr_byte_lane_A/ddr_byte_group_io/input_[0].iserdes_dq_.iserdesdq/CLKDIVP
                            (rising edge-triggered cell ISERDESE2 clocked by iserdes_clkdiv  {rise@0.000ns fall@5.000ns period=10.000ns})
  Destination:            u_ddr3/u_mig_7series_0/u_mig_7series_0_mig/u_memc_ui_top_axi/mem_intfc0/ddr_phy_top0/u_ddr_mc_phy_wrapper/u_ddr_mc_phy/ddr_phy_4lanes_0.u_ddr_phy_4lanes/ddr_byte_lane_A.ddr_byte_lane_A/in_fifo_gen.in_fifo/D0[3]
                            (rising edge-triggered cell IN_FIFO clocked by iserdes_clkdiv  {rise@0.000ns fall@5.000ns period=10.000ns})
  Path Group:             iserdes_clkdiv
  Path Type:              Setup (Max at Slow Process Corner)
  Requirement:            10.000ns  (iserdes_clkdiv rise@10.000ns - iserdes_clkdiv rise@0.000ns)
  Data Path Delay:        0.793ns  (logic 0.372ns (46.908%)  route 0.421ns (53.092%))
  Logic Levels:           0  
  Clock Path Skew:        -0.399ns (DCD - SCD + CPR)
    Destination Clock Delay (DCD):    1.155ns = ( 11.155 - 10.000 ) 
    Source Clock Delay      (SCD):    2.068ns
    Clock Pessimism Removal (CPR):    0.514ns
  Clock Uncertainty:      0.056ns  ((TSJ^2 + DJ^2)^1/2) / 2 + PE
    Total System Jitter     (TSJ):    0.071ns
    Discrete Jitter          (DJ):    0.087ns
    Phase Error              (PE):    0.000ns

    Location             Delay type                Incr(ns)  Path(ns)    Netlist Resource(s)
  -------------------------------------------------------------------    -------------------
                         (clock iserdes_clkdiv rise edge)
                                                      0.000     0.000 r  
    Y18                                               0.000     0.000 r  Clk (IN)
                         net (fo=0)                   0.000     0.000    u_mmcm/inst/clk_in1
    Y18                  IBUF (Prop_ibuf_I_O)         1.427     1.427 r  u_mmcm/inst/clkin1_ibufg/O
                         net (fo=1, routed)           1.065     2.492    u_mmcm/inst/clk_in1_mmcm
    MMCME2_ADV_X0Y0      MMCME2_ADV (Prop_mmcme2_adv_CLKIN1_CLKOUT0)
                                                     -5.924    -3.433 r  u_mmcm/inst/mmcm_adv_inst/CLKOUT0
                         net (fo=1, routed)           1.425    -2.008    u_mmcm/inst/clk_out1_mmcm
    BUFGCTRL_X0Y1        BUFG (Prop_bufg_I_O)         0.081    -1.927 r  u_mmcm/inst/clkout1_buf/O
                         net (fo=63, routed)          1.408    -0.519    u_ddr3/u_mig_7series_0/u_mig_7series_0_mig/u_ddr3_infrastructure/CLK
    PLLE2_ADV_X1Y0       PLLE2_ADV (Prop_plle2_adv_CLKIN1_CLKOUT0)
                                                      0.077    -0.442 r  u_ddr3/u_mig_7series_0/u_mig_7series_0_mig/u_ddr3_infrastructure/plle2_i/CLKOUT0
                         net (fo=7, routed)           0.529     0.087    u_ddr3/u_mig_7series_0/u_mig_7series_0_mig/u_memc_ui_top_axi/mem_intfc0/ddr_phy_top0/u_ddr_mc_phy_wrapper/u_ddr_mc_phy/ddr_phy_4lanes_0.u_ddr_phy_4lanes/ddr_byte_lane_A.ddr_byte_lane_A/freq_refclk
    PHASER_IN_PHY_X1Y0   PHASER_IN_PHY (Prop_phaser_in_phy_FREQREFCLK_ICLK)
                                                      1.428     1.515 r  u_ddr3/u_mig_7series_0/u_mig_7series_0_mig/u_memc_ui_top_axi/mem_intfc0/ddr_phy_top0/u_ddr_mc_phy_wrapper/u_ddr_mc_phy/ddr_phy_4lanes_0.u_ddr_phy_4lanes/ddr_byte_lane_A.ddr_byte_lane_A/phaser_in_gen.phaser_in/ICLK
    PHASER_IN_PHY_X1Y0   PHASER_IN_PHY (Prop_phaser_in_phy_ICLK_ICLKDIV)
                                                      0.154     1.669 r  u_ddr3/u_mig_7series_0/u_mig_7series_0_mig/u_memc_ui_top_axi/mem_intfc0/ddr_phy_top0/u_ddr_mc_phy_wrapper/u_ddr_mc_phy/ddr_phy_4lanes_0.u_ddr_phy_4lanes/ddr_byte_lane_A.ddr_byte_lane_A/phaser_in_gen.phaser_in/ICLKDIV
                         net (fo=9, routed)           0.399     2.068    u_ddr3/u_mig_7series_0/u_mig_7series_0_mig/u_memc_ui_top_axi/mem_intfc0/ddr_phy_top0/u_ddr_mc_phy_wrapper/u_ddr_mc_phy/ddr_phy_4lanes_0.u_ddr_phy_4lanes/ddr_byte_lane_A.ddr_byte_lane_A/ddr_byte_group_io/iserdes_clkdiv
    ILOGIC_X1Y1          ISERDESE2                                    r  u_ddr3/u_mig_7series_0/u_mig_7series_0_mig/u_memc_ui_top_axi/mem_intfc0/ddr_phy_top0/u_ddr_mc_phy_wrapper/u_ddr_mc_phy/ddr_phy_4lanes_0.u_ddr_phy_4lanes/ddr_byte_lane_A.ddr_byte_lane_A/ddr_byte_group_io/input_[0].iserdes_dq_.iserdesdq/CLKDIVP
  -------------------------------------------------------------------    -------------------
    ILOGIC_X1Y1          ISERDESE2 (Prop_iserdese2_CLKDIVP_Q1)
                                                      0.372     2.440 r  u_ddr3/u_mig_7series_0/u_mig_7series_0_mig/u_memc_ui_top_axi/mem_intfc0/ddr_phy_top0/u_ddr_mc_phy_wrapper/u_ddr_mc_phy/ddr_phy_4lanes_0.u_ddr_phy_4lanes/ddr_byte_lane_A.ddr_byte_lane_A/ddr_byte_group_io/input_[0].iserdes_dq_.iserdesdq/Q1
                         net (fo=1, routed)           0.421     2.861    u_ddr3/u_mig_7series_0/u_mig_7series_0_mig/u_memc_ui_top_axi/mem_intfc0/ddr_phy_top0/u_ddr_mc_phy_wrapper/u_ddr_mc_phy/ddr_phy_4lanes_0.u_ddr_phy_4lanes/ddr_byte_lane_A.ddr_byte_lane_A/if_d0[3]
    IN_FIFO_X1Y0         IN_FIFO                                      r  u_ddr3/u_mig_7series_0/u_mig_7series_0_mig/u_memc_ui_top_axi/mem_intfc0/ddr_phy_top0/u_ddr_mc_phy_wrapper/u_ddr_mc_phy/ddr_phy_4lanes_0.u_ddr_phy_4lanes/ddr_byte_lane_A.ddr_byte_lane_A/in_fifo_gen.in_fifo/D0[3]
  -------------------------------------------------------------------    -------------------

                         (clock iserdes_clkdiv rise edge)
                                                     10.000    10.000 r  
    Y18                                               0.000    10.000 r  Clk (IN)
                         net (fo=0)                   0.000    10.000    u_mmcm/inst/clk_in1
    Y18                  IBUF (Prop_ibuf_I_O)         1.361    11.361 r  u_mmcm/inst/clkin1_ibufg/O
                         net (fo=1, routed)           1.004    12.364    u_mmcm/inst/clk_in1_mmcm
    MMCME2_ADV_X0Y0      MMCME2_ADV (Prop_mmcme2_adv_CLKIN1_CLKOUT0)
                                                     -6.061     6.303 r  u_mmcm/inst/mmcm_adv_inst/CLKOUT0
                         net (fo=1, routed)           1.357     7.661    u_mmcm/inst/clk_out1_mmcm
    BUFGCTRL_X0Y1        BUFG (Prop_bufg_I_O)         0.077     7.738 r  u_mmcm/inst/clkout1_buf/O
                         net (fo=63, routed)          1.304     9.041    u_ddr3/u_mig_7series_0/u_mig_7series_0_mig/u_ddr3_infrastructure/CLK
    PLLE2_ADV_X1Y0       PLLE2_ADV (Prop_plle2_adv_CLKIN1_CLKOUT0)
                                                      0.073     9.114 r  u_ddr3/u_mig_7series_0/u_mig_7series_0_mig/u_ddr3_infrastructure/plle2_i/CLKOUT0
                         net (fo=7, routed)           0.502     9.616    u_ddr3/u_mig_7series_0/u_mig_7series_0_mig/u_memc_ui_top_axi/mem_intfc0/ddr_phy_top0/u_ddr_mc_phy_wrapper/u_ddr_mc_phy/ddr_phy_4lanes_0.u_ddr_phy_4lanes/ddr_byte_lane_A.ddr_byte_lane_A/freq_refclk
    PHASER_IN_PHY_X1Y0   PHASER_IN_PHY (Prop_phaser_in_phy_FREQREFCLK_ICLK)
                                                      1.394    11.010 r  u_ddr3/u_mig_7series_0/u_mig_7series_0_mig/u_memc_ui_top_axi/mem_intfc0/ddr_phy_top0/u_ddr_mc_phy_wrapper/u_ddr_mc_phy/ddr_phy_4lanes_0.u_ddr_phy_4lanes/ddr_byte_lane_A.ddr_byte_lane_A/phaser_in_gen.phaser_in/ICLK
    PHASER_IN_PHY_X1Y0   PHASER_IN_PHY (Prop_phaser_in_phy_ICLK_ICLKDIV)
                                                      0.145    11.155 r  u_ddr3/u_mig_7series_0/u_mig_7series_0_mig/u_memc_ui_top_axi/mem_intfc0/ddr_phy_top0/u_ddr_mc_phy_wrapper/u_ddr_mc_phy/ddr_phy_4lanes_0.u_ddr_phy_4lanes/ddr_byte_lane_A.ddr_byte_lane_A/phaser_in_gen.phaser_in/ICLKDIV
                         net (fo=9, routed)           0.000    11.155    u_ddr3/u_mig_7series_0/u_mig_7series_0_mig/u_memc_ui_top_axi/mem_intfc0/ddr_phy_top0/u_ddr_mc_phy_wrapper/u_ddr_mc_phy/ddr_phy_4lanes_0.u_ddr_phy_4lanes/ddr_byte_lane_A.ddr_byte_lane_A/iserdes_clkdiv
    IN_FIFO_X1Y0         IN_FIFO                                      r  u_ddr3/u_mig_7series_0/u_mig_7series_0_mig/u_memc_ui_top_axi/mem_intfc0/ddr_phy_top0/u_ddr_mc_phy_wrapper/u_ddr_mc_phy/ddr_phy_4lanes_0.u_ddr_phy_4lanes/ddr_byte_lane_A.ddr_byte_lane_A/in_fifo_gen.in_fifo/WRCLK
                         clock pessimism              0.514    11.669    
                         clock uncertainty           -0.056    11.613    
    IN_FIFO_X1Y0         IN_FIFO (Setup_in_fifo_WRCLK_D0[3])
                                                     -0.487    11.126    u_ddr3/u_mig_7series_0/u_mig_7series_0_mig/u_memc_ui_top_axi/mem_intfc0/ddr_phy_top0/u_ddr_mc_phy_wrapper/u_ddr_mc_phy/ddr_phy_4lanes_0.u_ddr_phy_4lanes/ddr_byte_lane_A.ddr_byte_lane_A/in_fifo_gen.in_fifo
  -------------------------------------------------------------------
                         required time                         11.126    
                         arrival time                          -2.861    
  -------------------------------------------------------------------
                         slack                                  8.265    





Min Delay Paths
--------------------------------------------------------------------------------------
Slack (MET) :             0.071ns  (arrival time - required time)
  Source:                 u_ddr3/u_mig_7series_0/u_mig_7series_0_mig/u_memc_ui_top_axi/mem_intfc0/ddr_phy_top0/u_ddr_mc_phy_wrapper/u_ddr_mc_phy/ddr_phy_4lanes_0.u_ddr_phy_4lanes/ddr_byte_lane_A.ddr_byte_lane_A/phaser_in_gen.phaser_in/ICLKDIV
                            (rising edge-triggered cell PHASER_IN_PHY clocked by iserdes_clkdiv  {rise@0.000ns fall@5.000ns period=10.000ns})
  Destination:            u_ddr3/u_mig_7series_0/u_mig_7series_0_mig/u_memc_ui_top_axi/mem_intfc0/ddr_phy_top0/u_ddr_mc_phy_wrapper/u_ddr_mc_phy/ddr_phy_4lanes_0.u_ddr_phy_4lanes/ddr_byte_lane_A.ddr_byte_lane_A/in_fifo_gen.in_fifo/WREN
                            (rising edge-triggered cell IN_FIFO clocked by iserdes_clkdiv  {rise@0.000ns fall@5.000ns period=10.000ns})
  Path Group:             iserdes_clkdiv
  Path Type:              Hold (Min at Fast Process Corner)
  Requirement:            0.000ns  (iserdes_clkdiv rise@0.000ns - iserdes_clkdiv rise@0.000ns)
  Data Path Delay:        0.058ns  (logic 0.058ns (100.000%)  route 0.000ns (0.000%))
  Logic Levels:           0  
  Clock Path Skew:        0.000ns (DCD - SCD - CPR)
    Destination Clock Delay (DCD):    0.765ns
    Source Clock Delay      (SCD):    0.950ns
    Clock Pessimism Removal (CPR):    -0.185ns

    Location             Delay type                Incr(ns)  Path(ns)    Netlist Resource(s)
  -------------------------------------------------------------------    -------------------
                         (clock iserdes_clkdiv rise edge)
                                                      0.000     0.000 r  
    Y18                                               0.000     0.000 r  Clk (IN)
                         net (fo=0)                   0.000     0.000    u_mmcm/inst/clk_in1
    Y18                  IBUF (Prop_ibuf_I_O)         0.264     0.264 r  u_mmcm/inst/clkin1_ibufg/O
                         net (fo=1, routed)           0.440     0.704    u_mmcm/inst/clk_in1_mmcm
    MMCME2_ADV_X0Y0      MMCME2_ADV (Prop_mmcme2_adv_CLKIN1_CLKOUT0)
                                                     -2.362    -1.659 r  u_mmcm/inst/mmcm_adv_inst/CLKOUT0
                         net (fo=1, routed)           0.489    -1.170    u_mmcm/inst/clk_out1_mmcm
    BUFGCTRL_X0Y1        BUFG (Prop_bufg_I_O)         0.026    -1.144 r  u_mmcm/inst/clkout1_buf/O
                         net (fo=63, routed)          0.554    -0.590    u_ddr3/u_mig_7series_0/u_mig_7series_0_mig/u_ddr3_infrastructure/CLK
    PLLE2_ADV_X1Y0       PLLE2_ADV (Prop_plle2_adv_CLKIN1_CLKOUT0)
                                                      0.050    -0.540 r  u_ddr3/u_mig_7series_0/u_mig_7series_0_mig/u_ddr3_infrastructure/plle2_i/CLKOUT0
                         net (fo=7, routed)           0.205    -0.335    u_ddr3/u_mig_7series_0/u_mig_7series_0_mig/u_memc_ui_top_axi/mem_intfc0/ddr_phy_top0/u_ddr_mc_phy_wrapper/u_ddr_mc_phy/ddr_phy_4lanes_0.u_ddr_phy_4lanes/ddr_byte_lane_A.ddr_byte_lane_A/freq_refclk
    PHASER_IN_PHY_X1Y0   PHASER_IN_PHY (Prop_phaser_in_phy_FREQREFCLK_ICLK)
                                                      1.195     0.860 r  u_ddr3/u_mig_7series_0/u_mig_7series_0_mig/u_memc_ui_top_axi/mem_intfc0/ddr_phy_top0/u_ddr_mc_phy_wrapper/u_ddr_mc_phy/ddr_phy_4lanes_0.u_ddr_phy_4lanes/ddr_byte_lane_A.ddr_byte_lane_A/phaser_in_gen.phaser_in/ICLK
    PHASER_IN_PHY_X1Y0   PHASER_IN_PHY (Prop_phaser_in_phy_ICLK_ICLKDIV)
                                                      0.090     0.950 r  u_ddr3/u_mig_7series_0/u_mig_7series_0_mig/u_memc_ui_top_axi/mem_intfc0/ddr_phy_top0/u_ddr_mc_phy_wrapper/u_ddr_mc_phy/ddr_phy_4lanes_0.u_ddr_phy_4lanes/ddr_byte_lane_A.ddr_byte_lane_A/phaser_in_gen.phaser_in/ICLKDIV
  -------------------------------------------------------------------    -------------------
    PHASER_IN_PHY_X1Y0   PHASER_IN_PHY (Prop_phaser_in_phy_ICLKDIV_WRENABLE)
                                                      0.058     1.008 r  u_ddr3/u_mig_7series_0/u_mig_7series_0_mig/u_memc_ui_top_axi/mem_intfc0/ddr_phy_top0/u_ddr_mc_phy_wrapper/u_ddr_mc_phy/ddr_phy_4lanes_0.u_ddr_phy_4lanes/ddr_byte_lane_A.ddr_byte_lane_A/phaser_in_gen.phaser_in/WRENABLE
                         net (fo=1, routed)           0.000     1.008    u_ddr3/u_mig_7series_0/u_mig_7series_0_mig/u_memc_ui_top_axi/mem_intfc0/ddr_phy_top0/u_ddr_mc_phy_wrapper/u_ddr_mc_phy/ddr_phy_4lanes_0.u_ddr_phy_4lanes/ddr_byte_lane_A.ddr_byte_lane_A/ififo_wr_enable
    IN_FIFO_X1Y0         IN_FIFO                                      r  u_ddr3/u_mig_7series_0/u_mig_7series_0_mig/u_memc_ui_top_axi/mem_intfc0/ddr_phy_top0/u_ddr_mc_phy_wrapper/u_ddr_mc_phy/ddr_phy_4lanes_0.u_ddr_phy_4lanes/ddr_byte_lane_A.ddr_byte_lane_A/in_fifo_gen.in_fifo/WREN
  -------------------------------------------------------------------    -------------------

                         (clock iserdes_clkdiv rise edge)
                                                      0.000     0.000 r  
    Y18                                               0.000     0.000 r  Clk (IN)
                         net (fo=0)                   0.000     0.000    u_mmcm/inst/clk_in1
    Y18                  IBUF (Prop_ibuf_I_O)         0.452     0.452 r  u_mmcm/inst/clkin1_ibufg/O
                         net (fo=1, routed)           0.480     0.932    u_mmcm/inst/clk_in1_mmcm
    MMCME2_ADV_X0Y0      MMCME2_ADV (Prop_mmcme2_adv_CLKIN1_CLKOUT0)
                                                     -3.145    -2.214 r  u_mmcm/inst/mmcm_adv_inst/CLKOUT0
                         net (fo=1, routed)           0.534    -1.680    u_mmcm/inst/clk_out1_mmcm
    BUFGCTRL_X0Y1        BUFG (Prop_bufg_I_O)         0.029    -1.651 r  u_mmcm/inst/clkout1_buf/O
                         net (fo=63, routed)          0.822    -0.829    u_ddr3/u_mig_7series_0/u_mig_7series_0_mig/u_ddr3_infrastructure/CLK
    PLLE2_ADV_X1Y0       PLLE2_ADV (Prop_plle2_adv_CLKIN1_CLKOUT0)
                                                      0.053    -0.776 r  u_ddr3/u_mig_7series_0/u_mig_7series_0_mig/u_ddr3_infrastructure/plle2_i/CLKOUT0
                         net (fo=7, routed)           0.226    -0.550    u_ddr3/u_mig_7series_0/u_mig_7series_0_mig/u_memc_ui_top_axi/mem_intfc0/ddr_phy_top0/u_ddr_mc_phy_wrapper/u_ddr_mc_phy/ddr_phy_4lanes_0.u_ddr_phy_4lanes/ddr_byte_lane_A.ddr_byte_lane_A/freq_refclk
    PHASER_IN_PHY_X1Y0   PHASER_IN_PHY (Prop_phaser_in_phy_FREQREFCLK_ICLK)
                                                      1.219     0.669 r  u_ddr3/u_mig_7series_0/u_mig_7series_0_mig/u_memc_ui_top_axi/mem_intfc0/ddr_phy_top0/u_ddr_mc_phy_wrapper/u_ddr_mc_phy/ddr_phy_4lanes_0.u_ddr_phy_4lanes/ddr_byte_lane_A.ddr_byte_lane_A/phaser_in_gen.phaser_in/ICLK
    PHASER_IN_PHY_X1Y0   PHASER_IN_PHY (Prop_phaser_in_phy_ICLK_ICLKDIV)
                                                      0.096     0.765 r  u_ddr3/u_mig_7series_0/u_mig_7series_0_mig/u_memc_ui_top_axi/mem_intfc0/ddr_phy_top0/u_ddr_mc_phy_wrapper/u_ddr_mc_phy/ddr_phy_4lanes_0.u_ddr_phy_4lanes/ddr_byte_lane_A.ddr_byte_lane_A/phaser_in_gen.phaser_in/ICLKDIV
                         net (fo=9, routed)           0.000     0.765    u_ddr3/u_mig_7series_0/u_mig_7series_0_mig/u_memc_ui_top_axi/mem_intfc0/ddr_phy_top0/u_ddr_mc_phy_wrapper/u_ddr_mc_phy/ddr_phy_4lanes_0.u_ddr_phy_4lanes/ddr_byte_lane_A.ddr_byte_lane_A/iserdes_clkdiv
    IN_FIFO_X1Y0         IN_FIFO                                      r  u_ddr3/u_mig_7series_0/u_mig_7series_0_mig/u_memc_ui_top_axi/mem_intfc0/ddr_phy_top0/u_ddr_mc_phy_wrapper/u_ddr_mc_phy/ddr_phy_4lanes_0.u_ddr_phy_4lanes/ddr_byte_lane_A.ddr_byte_lane_A/in_fifo_gen.in_fifo/WRCLK
                         clock pessimism              0.185     0.950    
    IN_FIFO_X1Y0         IN_FIFO (Hold_in_fifo_WRCLK_WREN)
                                                     -0.013     0.937    u_ddr3/u_mig_7series_0/u_mig_7series_0_mig/u_memc_ui_top_axi/mem_intfc0/ddr_phy_top0/u_ddr_mc_phy_wrapper/u_ddr_mc_phy/ddr_phy_4lanes_0.u_ddr_phy_4lanes/ddr_byte_lane_A.ddr_byte_lane_A/in_fifo_gen.in_fifo
  -------------------------------------------------------------------
                         required time                         -0.937    
                         arrival time                           1.008    
  -------------------------------------------------------------------
                         slack                                  0.071    





Pulse Width Checks
--------------------------------------------------------------------------------------
Clock Name:         iserdes_clkdiv
Waveform(ns):       { 0.000 5.000 }
Period(ns):         10.000
Sources:            { u_ddr3/u_mig_7series_0/u_mig_7series_0_mig/u_memc_ui_top_axi/mem_intfc0/ddr_phy_top0/u_ddr_mc_phy_wrapper/u_ddr_mc_phy/ddr_phy_4lanes_0.u_ddr_phy_4lanes/ddr_byte_lane_A.ddr_byte_lane_A/phaser_in_gen.phaser_in/ICLKDIV }

Check Type        Corner  Lib Pin        Reference Pin  Required(ns)  Actual(ns)  Slack(ns)  Location      Pin
Min Period        n/a     IN_FIFO/WRCLK  n/a            5.000         10.000      5.000      IN_FIFO_X1Y0  u_ddr3/u_mig_7series_0/u_mig_7series_0_mig/u_memc_ui_top_axi/mem_intfc0/ddr_phy_top0/u_ddr_mc_phy_wrapper/u_ddr_mc_phy/ddr_phy_4lanes_0.u_ddr_phy_4lanes/ddr_byte_lane_A.ddr_byte_lane_A/in_fifo_gen.in_fifo/WRCLK
Low Pulse Width   Fast    IN_FIFO/WRCLK  n/a            2.150         5.000       2.850      IN_FIFO_X1Y0  u_ddr3/u_mig_7series_0/u_mig_7series_0_mig/u_memc_ui_top_axi/mem_intfc0/ddr_phy_top0/u_ddr_mc_phy_wrapper/u_ddr_mc_phy/ddr_phy_4lanes_0.u_ddr_phy_4lanes/ddr_byte_lane_A.ddr_byte_lane_A/in_fifo_gen.in_fifo/WRCLK
High Pulse Width  Slow    IN_FIFO/WRCLK  n/a            2.150         5.000       2.850      IN_FIFO_X1Y0  u_ddr3/u_mig_7series_0/u_mig_7series_0_mig/u_memc_ui_top_axi/mem_intfc0/ddr_phy_top0/u_ddr_mc_phy_wrapper/u_ddr_mc_phy/ddr_phy_4lanes_0.u_ddr_phy_4lanes/ddr_byte_lane_A.ddr_byte_lane_A/in_fifo_gen.in_fifo/WRCLK



---------------------------------------------------------------------------------------------------
From Clock:  u_memc_ui_top_axi/mem_intfc0/ddr_phy_top0/u_ddr_mc_phy_wrapper/u_ddr_mc_phy/ddr_phy_4lanes_0.u_ddr_phy_4lanes/ddr_byte_lane_C.ddr_byte_lane_C/iserdes_clk
  To Clock:  u_memc_ui_top_axi/mem_intfc0/ddr_phy_top0/u_ddr_mc_phy_wrapper/u_ddr_mc_phy/ddr_phy_4lanes_0.u_ddr_phy_4lanes/ddr_byte_lane_C.ddr_byte_lane_C/iserdes_clk

Setup :           NA  Failing Endpoints,  Worst Slack           NA  ,  Total Violation           NA
Hold  :           NA  Failing Endpoints,  Worst Slack           NA  ,  Total Violation           NA
PW    :            0  Failing Endpoints,  Worst Slack        1.029ns,  Total Violation        0.000ns
---------------------------------------------------------------------------------------------------


Pulse Width Checks
--------------------------------------------------------------------------------------
Clock Name:         u_memc_ui_top_axi/mem_intfc0/ddr_phy_top0/u_ddr_mc_phy_wrapper/u_ddr_mc_phy/ddr_phy_4lanes_0.u_ddr_phy_4lanes/ddr_byte_lane_C.ddr_byte_lane_C/iserdes_clk
Waveform(ns):       { 0.000 1.250 }
Period(ns):         2.500
Sources:            { u_ddr3/u_mig_7series_0/u_mig_7series_0_mig/u_memc_ui_top_axi/mem_intfc0/ddr_phy_top0/u_ddr_mc_phy_wrapper/u_ddr_mc_phy/ddr_phy_4lanes_0.u_ddr_phy_4lanes/ddr_byte_lane_C.ddr_byte_lane_C/phaser_in_gen.phaser_in/ICLK }

Check Type  Corner  Lib Pin        Reference Pin  Required(ns)  Actual(ns)  Slack(ns)  Location      Pin
Min Period  n/a     ISERDESE2/CLK  n/a            1.471         2.500       1.029      ILOGIC_X1Y26  u_ddr3/u_mig_7series_0/u_mig_7series_0_mig/u_memc_ui_top_axi/mem_intfc0/ddr_phy_top0/u_ddr_mc_phy_wrapper/u_ddr_mc_phy/ddr_phy_4lanes_0.u_ddr_phy_4lanes/ddr_byte_lane_C.ddr_byte_lane_C/ddr_byte_group_io/input_[1].iserdes_dq_.iserdesdq/CLK



---------------------------------------------------------------------------------------------------
From Clock:  iserdes_clkdiv_1
  To Clock:  iserdes_clkdiv_1

Setup :            0  Failing Endpoints,  Worst Slack        8.146ns,  Total Violation        0.000ns
Hold  :            0  Failing Endpoints,  Worst Slack        0.071ns,  Total Violation        0.000ns
PW    :            0  Failing Endpoints,  Worst Slack        2.850ns,  Total Violation        0.000ns
---------------------------------------------------------------------------------------------------


Max Delay Paths
--------------------------------------------------------------------------------------
Slack (MET) :             8.146ns  (required time - arrival time)
  Source:                 u_ddr3/u_mig_7series_0/u_mig_7series_0_mig/u_memc_ui_top_axi/mem_intfc0/ddr_phy_top0/u_ddr_mc_phy_wrapper/u_ddr_mc_phy/ddr_phy_4lanes_0.u_ddr_phy_4lanes/ddr_byte_lane_C.ddr_byte_lane_C/ddr_byte_group_io/input_[1].iserdes_dq_.iserdesdq/CLKDIVP
                            (rising edge-triggered cell ISERDESE2 clocked by iserdes_clkdiv_1  {rise@0.000ns fall@5.000ns period=10.000ns})
  Destination:            u_ddr3/u_mig_7series_0/u_mig_7series_0_mig/u_memc_ui_top_axi/mem_intfc0/ddr_phy_top0/u_ddr_mc_phy_wrapper/u_ddr_mc_phy/ddr_phy_4lanes_0.u_ddr_phy_4lanes/ddr_byte_lane_C.ddr_byte_lane_C/in_fifo_gen.in_fifo/D1[2]
                            (rising edge-triggered cell IN_FIFO clocked by iserdes_clkdiv_1  {rise@0.000ns fall@5.000ns period=10.000ns})
  Path Group:             iserdes_clkdiv_1
  Path Type:              Setup (Max at Slow Process Corner)
  Requirement:            10.000ns  (iserdes_clkdiv_1 rise@10.000ns - iserdes_clkdiv_1 rise@0.000ns)
  Data Path Delay:        0.913ns  (logic 0.372ns (40.736%)  route 0.541ns (59.264%))
  Logic Levels:           0  
  Clock Path Skew:        -0.379ns (DCD - SCD + CPR)
    Destination Clock Delay (DCD):    1.143ns = ( 11.143 - 10.000 ) 
    Source Clock Delay      (SCD):    2.035ns
    Clock Pessimism Removal (CPR):    0.513ns
  Clock Uncertainty:      0.056ns  ((TSJ^2 + DJ^2)^1/2) / 2 + PE
    Total System Jitter     (TSJ):    0.071ns
    Discrete Jitter          (DJ):    0.087ns
    Phase Error              (PE):    0.000ns

    Location             Delay type                Incr(ns)  Path(ns)    Netlist Resource(s)
  -------------------------------------------------------------------    -------------------
                         (clock iserdes_clkdiv_1 rise edge)
                                                      0.000     0.000 r  
    Y18                                               0.000     0.000 r  Clk (IN)
                         net (fo=0)                   0.000     0.000    u_mmcm/inst/clk_in1
    Y18                  IBUF (Prop_ibuf_I_O)         1.427     1.427 r  u_mmcm/inst/clkin1_ibufg/O
                         net (fo=1, routed)           1.065     2.492    u_mmcm/inst/clk_in1_mmcm
    MMCME2_ADV_X0Y0      MMCME2_ADV (Prop_mmcme2_adv_CLKIN1_CLKOUT0)
                                                     -5.924    -3.433 r  u_mmcm/inst/mmcm_adv_inst/CLKOUT0
                         net (fo=1, routed)           1.425    -2.008    u_mmcm/inst/clk_out1_mmcm
    BUFGCTRL_X0Y1        BUFG (Prop_bufg_I_O)         0.081    -1.927 r  u_mmcm/inst/clkout1_buf/O
                         net (fo=63, routed)          1.408    -0.519    u_ddr3/u_mig_7series_0/u_mig_7series_0_mig/u_ddr3_infrastructure/CLK
    PLLE2_ADV_X1Y0       PLLE2_ADV (Prop_plle2_adv_CLKIN1_CLKOUT0)
                                                      0.077    -0.442 r  u_ddr3/u_mig_7series_0/u_mig_7series_0_mig/u_ddr3_infrastructure/plle2_i/CLKOUT0
                         net (fo=7, routed)           0.516     0.074    u_ddr3/u_mig_7series_0/u_mig_7series_0_mig/u_memc_ui_top_axi/mem_intfc0/ddr_phy_top0/u_ddr_mc_phy_wrapper/u_ddr_mc_phy/ddr_phy_4lanes_0.u_ddr_phy_4lanes/ddr_byte_lane_C.ddr_byte_lane_C/freq_refclk
    PHASER_IN_PHY_X1Y2   PHASER_IN_PHY (Prop_phaser_in_phy_FREQREFCLK_ICLK)
                                                      1.428     1.502 r  u_ddr3/u_mig_7series_0/u_mig_7series_0_mig/u_memc_ui_top_axi/mem_intfc0/ddr_phy_top0/u_ddr_mc_phy_wrapper/u_ddr_mc_phy/ddr_phy_4lanes_0.u_ddr_phy_4lanes/ddr_byte_lane_C.ddr_byte_lane_C/phaser_in_gen.phaser_in/ICLK
    PHASER_IN_PHY_X1Y2   PHASER_IN_PHY (Prop_phaser_in_phy_ICLK_ICLKDIV)
                                                      0.154     1.656 r  u_ddr3/u_mig_7series_0/u_mig_7series_0_mig/u_memc_ui_top_axi/mem_intfc0/ddr_phy_top0/u_ddr_mc_phy_wrapper/u_ddr_mc_phy/ddr_phy_4lanes_0.u_ddr_phy_4lanes/ddr_byte_lane_C.ddr_byte_lane_C/phaser_in_gen.phaser_in/ICLKDIV
                         net (fo=9, routed)           0.379     2.035    u_ddr3/u_mig_7series_0/u_mig_7series_0_mig/u_memc_ui_top_axi/mem_intfc0/ddr_phy_top0/u_ddr_mc_phy_wrapper/u_ddr_mc_phy/ddr_phy_4lanes_0.u_ddr_phy_4lanes/ddr_byte_lane_C.ddr_byte_lane_C/ddr_byte_group_io/iserdes_clkdiv
    ILOGIC_X1Y26         ISERDESE2                                    r  u_ddr3/u_mig_7series_0/u_mig_7series_0_mig/u_memc_ui_top_axi/mem_intfc0/ddr_phy_top0/u_ddr_mc_phy_wrapper/u_ddr_mc_phy/ddr_phy_4lanes_0.u_ddr_phy_4lanes/ddr_byte_lane_C.ddr_byte_lane_C/ddr_byte_group_io/input_[1].iserdes_dq_.iserdesdq/CLKDIVP
  -------------------------------------------------------------------    -------------------
    ILOGIC_X1Y26         ISERDESE2 (Prop_iserdese2_CLKDIVP_Q2)
                                                      0.372     2.407 r  u_ddr3/u_mig_7series_0/u_mig_7series_0_mig/u_memc_ui_top_axi/mem_intfc0/ddr_phy_top0/u_ddr_mc_phy_wrapper/u_ddr_mc_phy/ddr_phy_4lanes_0.u_ddr_phy_4lanes/ddr_byte_lane_C.ddr_byte_lane_C/ddr_byte_group_io/input_[1].iserdes_dq_.iserdesdq/Q2
                         net (fo=1, routed)           0.541     2.948    u_ddr3/u_mig_7series_0/u_mig_7series_0_mig/u_memc_ui_top_axi/mem_intfc0/ddr_phy_top0/u_ddr_mc_phy_wrapper/u_ddr_mc_phy/ddr_phy_4lanes_0.u_ddr_phy_4lanes/ddr_byte_lane_C.ddr_byte_lane_C/if_d1[2]
    IN_FIFO_X1Y2         IN_FIFO                                      r  u_ddr3/u_mig_7series_0/u_mig_7series_0_mig/u_memc_ui_top_axi/mem_intfc0/ddr_phy_top0/u_ddr_mc_phy_wrapper/u_ddr_mc_phy/ddr_phy_4lanes_0.u_ddr_phy_4lanes/ddr_byte_lane_C.ddr_byte_lane_C/in_fifo_gen.in_fifo/D1[2]
  -------------------------------------------------------------------    -------------------

                         (clock iserdes_clkdiv_1 rise edge)
                                                     10.000    10.000 r  
    Y18                                               0.000    10.000 r  Clk (IN)
                         net (fo=0)                   0.000    10.000    u_mmcm/inst/clk_in1
    Y18                  IBUF (Prop_ibuf_I_O)         1.361    11.361 r  u_mmcm/inst/clkin1_ibufg/O
                         net (fo=1, routed)           1.004    12.364    u_mmcm/inst/clk_in1_mmcm
    MMCME2_ADV_X0Y0      MMCME2_ADV (Prop_mmcme2_adv_CLKIN1_CLKOUT0)
                                                     -6.061     6.303 r  u_mmcm/inst/mmcm_adv_inst/CLKOUT0
                         net (fo=1, routed)           1.357     7.661    u_mmcm/inst/clk_out1_mmcm
    BUFGCTRL_X0Y1        BUFG (Prop_bufg_I_O)         0.077     7.738 r  u_mmcm/inst/clkout1_buf/O
                         net (fo=63, routed)          1.304     9.041    u_ddr3/u_mig_7series_0/u_mig_7series_0_mig/u_ddr3_infrastructure/CLK
    PLLE2_ADV_X1Y0       PLLE2_ADV (Prop_plle2_adv_CLKIN1_CLKOUT0)
                                                      0.073     9.114 r  u_ddr3/u_mig_7series_0/u_mig_7series_0_mig/u_ddr3_infrastructure/plle2_i/CLKOUT0
                         net (fo=7, routed)           0.490     9.604    u_ddr3/u_mig_7series_0/u_mig_7series_0_mig/u_memc_ui_top_axi/mem_intfc0/ddr_phy_top0/u_ddr_mc_phy_wrapper/u_ddr_mc_phy/ddr_phy_4lanes_0.u_ddr_phy_4lanes/ddr_byte_lane_C.ddr_byte_lane_C/freq_refclk
    PHASER_IN_PHY_X1Y2   PHASER_IN_PHY (Prop_phaser_in_phy_FREQREFCLK_ICLK)
                                                      1.394    10.998 r  u_ddr3/u_mig_7series_0/u_mig_7series_0_mig/u_memc_ui_top_axi/mem_intfc0/ddr_phy_top0/u_ddr_mc_phy_wrapper/u_ddr_mc_phy/ddr_phy_4lanes_0.u_ddr_phy_4lanes/ddr_byte_lane_C.ddr_byte_lane_C/phaser_in_gen.phaser_in/ICLK
    PHASER_IN_PHY_X1Y2   PHASER_IN_PHY (Prop_phaser_in_phy_ICLK_ICLKDIV)
                                                      0.145    11.143 r  u_ddr3/u_mig_7series_0/u_mig_7series_0_mig/u_memc_ui_top_axi/mem_intfc0/ddr_phy_top0/u_ddr_mc_phy_wrapper/u_ddr_mc_phy/ddr_phy_4lanes_0.u_ddr_phy_4lanes/ddr_byte_lane_C.ddr_byte_lane_C/phaser_in_gen.phaser_in/ICLKDIV
                         net (fo=9, routed)           0.000    11.143    u_ddr3/u_mig_7series_0/u_mig_7series_0_mig/u_memc_ui_top_axi/mem_intfc0/ddr_phy_top0/u_ddr_mc_phy_wrapper/u_ddr_mc_phy/ddr_phy_4lanes_0.u_ddr_phy_4lanes/ddr_byte_lane_C.ddr_byte_lane_C/iserdes_clkdiv
    IN_FIFO_X1Y2         IN_FIFO                                      r  u_ddr3/u_mig_7series_0/u_mig_7series_0_mig/u_memc_ui_top_axi/mem_intfc0/ddr_phy_top0/u_ddr_mc_phy_wrapper/u_ddr_mc_phy/ddr_phy_4lanes_0.u_ddr_phy_4lanes/ddr_byte_lane_C.ddr_byte_lane_C/in_fifo_gen.in_fifo/WRCLK
                         clock pessimism              0.513    11.656    
                         clock uncertainty           -0.056    11.600    
    IN_FIFO_X1Y2         IN_FIFO (Setup_in_fifo_WRCLK_D1[2])
                                                     -0.506    11.094    u_ddr3/u_mig_7series_0/u_mig_7series_0_mig/u_memc_ui_top_axi/mem_intfc0/ddr_phy_top0/u_ddr_mc_phy_wrapper/u_ddr_mc_phy/ddr_phy_4lanes_0.u_ddr_phy_4lanes/ddr_byte_lane_C.ddr_byte_lane_C/in_fifo_gen.in_fifo
  -------------------------------------------------------------------
                         required time                         11.094    
                         arrival time                          -2.948    
  -------------------------------------------------------------------
                         slack                                  8.146    





Min Delay Paths
--------------------------------------------------------------------------------------
Slack (MET) :             0.071ns  (arrival time - required time)
  Source:                 u_ddr3/u_mig_7series_0/u_mig_7series_0_mig/u_memc_ui_top_axi/mem_intfc0/ddr_phy_top0/u_ddr_mc_phy_wrapper/u_ddr_mc_phy/ddr_phy_4lanes_0.u_ddr_phy_4lanes/ddr_byte_lane_C.ddr_byte_lane_C/phaser_in_gen.phaser_in/ICLKDIV
                            (rising edge-triggered cell PHASER_IN_PHY clocked by iserdes_clkdiv_1  {rise@0.000ns fall@5.000ns period=10.000ns})
  Destination:            u_ddr3/u_mig_7series_0/u_mig_7series_0_mig/u_memc_ui_top_axi/mem_intfc0/ddr_phy_top0/u_ddr_mc_phy_wrapper/u_ddr_mc_phy/ddr_phy_4lanes_0.u_ddr_phy_4lanes/ddr_byte_lane_C.ddr_byte_lane_C/in_fifo_gen.in_fifo/WREN
                            (rising edge-triggered cell IN_FIFO clocked by iserdes_clkdiv_1  {rise@0.000ns fall@5.000ns period=10.000ns})
  Path Group:             iserdes_clkdiv_1
  Path Type:              Hold (Min at Fast Process Corner)
  Requirement:            0.000ns  (iserdes_clkdiv_1 rise@0.000ns - iserdes_clkdiv_1 rise@0.000ns)
  Data Path Delay:        0.058ns  (logic 0.058ns (100.000%)  route 0.000ns (0.000%))
  Logic Levels:           0  
  Clock Path Skew:        0.000ns (DCD - SCD - CPR)
    Destination Clock Delay (DCD):    0.756ns
    Source Clock Delay      (SCD):    0.942ns
    Clock Pessimism Removal (CPR):    -0.186ns

    Location             Delay type                Incr(ns)  Path(ns)    Netlist Resource(s)
  -------------------------------------------------------------------    -------------------
                         (clock iserdes_clkdiv_1 rise edge)
                                                      0.000     0.000 r  
    Y18                                               0.000     0.000 r  Clk (IN)
                         net (fo=0)                   0.000     0.000    u_mmcm/inst/clk_in1
    Y18                  IBUF (Prop_ibuf_I_O)         0.264     0.264 r  u_mmcm/inst/clkin1_ibufg/O
                         net (fo=1, routed)           0.440     0.704    u_mmcm/inst/clk_in1_mmcm
    MMCME2_ADV_X0Y0      MMCME2_ADV (Prop_mmcme2_adv_CLKIN1_CLKOUT0)
                                                     -2.362    -1.659 r  u_mmcm/inst/mmcm_adv_inst/CLKOUT0
                         net (fo=1, routed)           0.489    -1.170    u_mmcm/inst/clk_out1_mmcm
    BUFGCTRL_X0Y1        BUFG (Prop_bufg_I_O)         0.026    -1.144 r  u_mmcm/inst/clkout1_buf/O
                         net (fo=63, routed)          0.554    -0.590    u_ddr3/u_mig_7series_0/u_mig_7series_0_mig/u_ddr3_infrastructure/CLK
    PLLE2_ADV_X1Y0       PLLE2_ADV (Prop_plle2_adv_CLKIN1_CLKOUT0)
                                                      0.050    -0.540 r  u_ddr3/u_mig_7series_0/u_mig_7series_0_mig/u_ddr3_infrastructure/plle2_i/CLKOUT0
                         net (fo=7, routed)           0.197    -0.343    u_ddr3/u_mig_7series_0/u_mig_7series_0_mig/u_memc_ui_top_axi/mem_intfc0/ddr_phy_top0/u_ddr_mc_phy_wrapper/u_ddr_mc_phy/ddr_phy_4lanes_0.u_ddr_phy_4lanes/ddr_byte_lane_C.ddr_byte_lane_C/freq_refclk
    PHASER_IN_PHY_X1Y2   PHASER_IN_PHY (Prop_phaser_in_phy_FREQREFCLK_ICLK)
                                                      1.195     0.852 r  u_ddr3/u_mig_7series_0/u_mig_7series_0_mig/u_memc_ui_top_axi/mem_intfc0/ddr_phy_top0/u_ddr_mc_phy_wrapper/u_ddr_mc_phy/ddr_phy_4lanes_0.u_ddr_phy_4lanes/ddr_byte_lane_C.ddr_byte_lane_C/phaser_in_gen.phaser_in/ICLK
    PHASER_IN_PHY_X1Y2   PHASER_IN_PHY (Prop_phaser_in_phy_ICLK_ICLKDIV)
                                                      0.090     0.942 r  u_ddr3/u_mig_7series_0/u_mig_7series_0_mig/u_memc_ui_top_axi/mem_intfc0/ddr_phy_top0/u_ddr_mc_phy_wrapper/u_ddr_mc_phy/ddr_phy_4lanes_0.u_ddr_phy_4lanes/ddr_byte_lane_C.ddr_byte_lane_C/phaser_in_gen.phaser_in/ICLKDIV
  -------------------------------------------------------------------    -------------------
    PHASER_IN_PHY_X1Y2   PHASER_IN_PHY (Prop_phaser_in_phy_ICLKDIV_WRENABLE)
                                                      0.058     1.000 r  u_ddr3/u_mig_7series_0/u_mig_7series_0_mig/u_memc_ui_top_axi/mem_intfc0/ddr_phy_top0/u_ddr_mc_phy_wrapper/u_ddr_mc_phy/ddr_phy_4lanes_0.u_ddr_phy_4lanes/ddr_byte_lane_C.ddr_byte_lane_C/phaser_in_gen.phaser_in/WRENABLE
                         net (fo=1, routed)           0.000     1.000    u_ddr3/u_mig_7series_0/u_mig_7series_0_mig/u_memc_ui_top_axi/mem_intfc0/ddr_phy_top0/u_ddr_mc_phy_wrapper/u_ddr_mc_phy/ddr_phy_4lanes_0.u_ddr_phy_4lanes/ddr_byte_lane_C.ddr_byte_lane_C/ififo_wr_enable
    IN_FIFO_X1Y2         IN_FIFO                                      r  u_ddr3/u_mig_7series_0/u_mig_7series_0_mig/u_memc_ui_top_axi/mem_intfc0/ddr_phy_top0/u_ddr_mc_phy_wrapper/u_ddr_mc_phy/ddr_phy_4lanes_0.u_ddr_phy_4lanes/ddr_byte_lane_C.ddr_byte_lane_C/in_fifo_gen.in_fifo/WREN
  -------------------------------------------------------------------    -------------------

                         (clock iserdes_clkdiv_1 rise edge)
                                                      0.000     0.000 r  
    Y18                                               0.000     0.000 r  Clk (IN)
                         net (fo=0)                   0.000     0.000    u_mmcm/inst/clk_in1
    Y18                  IBUF (Prop_ibuf_I_O)         0.452     0.452 r  u_mmcm/inst/clkin1_ibufg/O
                         net (fo=1, routed)           0.480     0.932    u_mmcm/inst/clk_in1_mmcm
    MMCME2_ADV_X0Y0      MMCME2_ADV (Prop_mmcme2_adv_CLKIN1_CLKOUT0)
                                                     -3.145    -2.214 r  u_mmcm/inst/mmcm_adv_inst/CLKOUT0
                         net (fo=1, routed)           0.534    -1.680    u_mmcm/inst/clk_out1_mmcm
    BUFGCTRL_X0Y1        BUFG (Prop_bufg_I_O)         0.029    -1.651 r  u_mmcm/inst/clkout1_buf/O
                         net (fo=63, routed)          0.822    -0.829    u_ddr3/u_mig_7series_0/u_mig_7series_0_mig/u_ddr3_infrastructure/CLK
    PLLE2_ADV_X1Y0       PLLE2_ADV (Prop_plle2_adv_CLKIN1_CLKOUT0)
                                                      0.053    -0.776 r  u_ddr3/u_mig_7series_0/u_mig_7series_0_mig/u_ddr3_infrastructure/plle2_i/CLKOUT0
                         net (fo=7, routed)           0.217    -0.559    u_ddr3/u_mig_7series_0/u_mig_7series_0_mig/u_memc_ui_top_axi/mem_intfc0/ddr_phy_top0/u_ddr_mc_phy_wrapper/u_ddr_mc_phy/ddr_phy_4lanes_0.u_ddr_phy_4lanes/ddr_byte_lane_C.ddr_byte_lane_C/freq_refclk
    PHASER_IN_PHY_X1Y2   PHASER_IN_PHY (Prop_phaser_in_phy_FREQREFCLK_ICLK)
                                                      1.219     0.660 r  u_ddr3/u_mig_7series_0/u_mig_7series_0_mig/u_memc_ui_top_axi/mem_intfc0/ddr_phy_top0/u_ddr_mc_phy_wrapper/u_ddr_mc_phy/ddr_phy_4lanes_0.u_ddr_phy_4lanes/ddr_byte_lane_C.ddr_byte_lane_C/phaser_in_gen.phaser_in/ICLK
    PHASER_IN_PHY_X1Y2   PHASER_IN_PHY (Prop_phaser_in_phy_ICLK_ICLKDIV)
                                                      0.096     0.756 r  u_ddr3/u_mig_7series_0/u_mig_7series_0_mig/u_memc_ui_top_axi/mem_intfc0/ddr_phy_top0/u_ddr_mc_phy_wrapper/u_ddr_mc_phy/ddr_phy_4lanes_0.u_ddr_phy_4lanes/ddr_byte_lane_C.ddr_byte_lane_C/phaser_in_gen.phaser_in/ICLKDIV
                         net (fo=9, routed)           0.000     0.756    u_ddr3/u_mig_7series_0/u_mig_7series_0_mig/u_memc_ui_top_axi/mem_intfc0/ddr_phy_top0/u_ddr_mc_phy_wrapper/u_ddr_mc_phy/ddr_phy_4lanes_0.u_ddr_phy_4lanes/ddr_byte_lane_C.ddr_byte_lane_C/iserdes_clkdiv
    IN_FIFO_X1Y2         IN_FIFO                                      r  u_ddr3/u_mig_7series_0/u_mig_7series_0_mig/u_memc_ui_top_axi/mem_intfc0/ddr_phy_top0/u_ddr_mc_phy_wrapper/u_ddr_mc_phy/ddr_phy_4lanes_0.u_ddr_phy_4lanes/ddr_byte_lane_C.ddr_byte_lane_C/in_fifo_gen.in_fifo/WRCLK
                         clock pessimism              0.186     0.942    
    IN_FIFO_X1Y2         IN_FIFO (Hold_in_fifo_WRCLK_WREN)
                                                     -0.013     0.929    u_ddr3/u_mig_7series_0/u_mig_7series_0_mig/u_memc_ui_top_axi/mem_intfc0/ddr_phy_top0/u_ddr_mc_phy_wrapper/u_ddr_mc_phy/ddr_phy_4lanes_0.u_ddr_phy_4lanes/ddr_byte_lane_C.ddr_byte_lane_C/in_fifo_gen.in_fifo
  -------------------------------------------------------------------
                         required time                         -0.929    
                         arrival time                           1.000    
  -------------------------------------------------------------------
                         slack                                  0.071    





Pulse Width Checks
--------------------------------------------------------------------------------------
Clock Name:         iserdes_clkdiv_1
Waveform(ns):       { 0.000 5.000 }
Period(ns):         10.000
Sources:            { u_ddr3/u_mig_7series_0/u_mig_7series_0_mig/u_memc_ui_top_axi/mem_intfc0/ddr_phy_top0/u_ddr_mc_phy_wrapper/u_ddr_mc_phy/ddr_phy_4lanes_0.u_ddr_phy_4lanes/ddr_byte_lane_C.ddr_byte_lane_C/phaser_in_gen.phaser_in/ICLKDIV }

Check Type        Corner  Lib Pin        Reference Pin  Required(ns)  Actual(ns)  Slack(ns)  Location      Pin
Min Period        n/a     IN_FIFO/WRCLK  n/a            5.000         10.000      5.000      IN_FIFO_X1Y2  u_ddr3/u_mig_7series_0/u_mig_7series_0_mig/u_memc_ui_top_axi/mem_intfc0/ddr_phy_top0/u_ddr_mc_phy_wrapper/u_ddr_mc_phy/ddr_phy_4lanes_0.u_ddr_phy_4lanes/ddr_byte_lane_C.ddr_byte_lane_C/in_fifo_gen.in_fifo/WRCLK
Low Pulse Width   Slow    IN_FIFO/WRCLK  n/a            2.150         5.000       2.850      IN_FIFO_X1Y2  u_ddr3/u_mig_7series_0/u_mig_7series_0_mig/u_memc_ui_top_axi/mem_intfc0/ddr_phy_top0/u_ddr_mc_phy_wrapper/u_ddr_mc_phy/ddr_phy_4lanes_0.u_ddr_phy_4lanes/ddr_byte_lane_C.ddr_byte_lane_C/in_fifo_gen.in_fifo/WRCLK
High Pulse Width  Fast    IN_FIFO/WRCLK  n/a            2.150         5.000       2.850      IN_FIFO_X1Y2  u_ddr3/u_mig_7series_0/u_mig_7series_0_mig/u_memc_ui_top_axi/mem_intfc0/ddr_phy_top0/u_ddr_mc_phy_wrapper/u_ddr_mc_phy/ddr_phy_4lanes_0.u_ddr_phy_4lanes/ddr_byte_lane_C.ddr_byte_lane_C/in_fifo_gen.in_fifo/WRCLK



---------------------------------------------------------------------------------------------------
From Clock:  mem_refclk
  To Clock:  mem_refclk

Setup :            0  Failing Endpoints,  Worst Slack        1.412ns,  Total Violation        0.000ns
Hold  :            0  Failing Endpoints,  Worst Slack        0.336ns,  Total Violation        0.000ns
PW    :            0  Failing Endpoints,  Worst Slack        0.715ns,  Total Violation        0.000ns
---------------------------------------------------------------------------------------------------


Max Delay Paths
--------------------------------------------------------------------------------------
Slack (MET) :             1.412ns  (required time - arrival time)
  Source:                 u_ddr3/u_mig_7series_0/u_mig_7series_0_mig/u_memc_ui_top_axi/mem_intfc0/ddr_phy_top0/u_ddr_mc_phy_wrapper/u_ddr_mc_phy/ddr_phy_4lanes_0.u_ddr_phy_4lanes/phy_control_i/MEMREFCLK
                            (rising edge-triggered cell PHY_CONTROL clocked by mem_refclk  {rise@0.000ns fall@1.250ns period=2.500ns})
  Destination:            u_ddr3/u_mig_7series_0/u_mig_7series_0_mig/u_memc_ui_top_axi/mem_intfc0/ddr_phy_top0/u_ddr_mc_phy_wrapper/u_ddr_mc_phy/ddr_phy_4lanes_0.u_ddr_phy_4lanes/phy_control_i/PHYCTLMSTREMPTY
                            (rising edge-triggered cell PHY_CONTROL clocked by mem_refclk  {rise@0.000ns fall@1.250ns period=2.500ns})
  Path Group:             mem_refclk
  Path Type:              Setup (Max at Slow Process Corner)
  Requirement:            2.500ns  (mem_refclk rise@2.500ns - mem_refclk rise@0.000ns)
  Data Path Delay:        1.019ns  (logic 0.622ns (61.040%)  route 0.397ns (38.960%))
  Logic Levels:           0  
  Clock Path Skew:        0.000ns (DCD - SCD + CPR)
    Destination Clock Delay (DCD):    -0.385ns = ( 2.115 - 2.500 ) 
    Source Clock Delay      (SCD):    0.086ns
    Clock Pessimism Removal (CPR):    0.471ns
  Clock Uncertainty:      0.060ns  ((TSJ^2 + DJ^2)^1/2) / 2 + PE
    Total System Jitter     (TSJ):    0.071ns
    Discrete Jitter          (DJ):    0.096ns
    Phase Error              (PE):    0.000ns

    Location             Delay type                Incr(ns)  Path(ns)    Netlist Resource(s)
  -------------------------------------------------------------------    -------------------
                         (clock mem_refclk rise edge)
                                                      0.000     0.000 r  
    Y18                                               0.000     0.000 r  Clk (IN)
                         net (fo=0)                   0.000     0.000    u_mmcm/inst/clk_in1
    Y18                  IBUF (Prop_ibuf_I_O)         1.427     1.427 r  u_mmcm/inst/clkin1_ibufg/O
                         net (fo=1, routed)           1.065     2.492    u_mmcm/inst/clk_in1_mmcm
    MMCME2_ADV_X0Y0      MMCME2_ADV (Prop_mmcme2_adv_CLKIN1_CLKOUT0)
                                                     -5.924    -3.433 r  u_mmcm/inst/mmcm_adv_inst/CLKOUT0
                         net (fo=1, routed)           1.425    -2.008    u_mmcm/inst/clk_out1_mmcm
    BUFGCTRL_X0Y1        BUFG (Prop_bufg_I_O)         0.081    -1.927 r  u_mmcm/inst/clkout1_buf/O
                         net (fo=63, routed)          1.408    -0.519    u_ddr3/u_mig_7series_0/u_mig_7series_0_mig/u_ddr3_infrastructure/CLK
    PLLE2_ADV_X1Y0       PLLE2_ADV (Prop_plle2_adv_CLKIN1_CLKOUT1)
                                                      0.077    -0.442 r  u_ddr3/u_mig_7series_0/u_mig_7series_0_mig/u_ddr3_infrastructure/plle2_i/CLKOUT1
                         net (fo=7, routed)           0.528     0.086    u_ddr3/u_mig_7series_0/u_mig_7series_0_mig/u_memc_ui_top_axi/mem_intfc0/ddr_phy_top0/u_ddr_mc_phy_wrapper/u_ddr_mc_phy/ddr_phy_4lanes_0.u_ddr_phy_4lanes/mem_refclk
    PHY_CONTROL_X1Y0     PHY_CONTROL                                  r  u_ddr3/u_mig_7series_0/u_mig_7series_0_mig/u_memc_ui_top_axi/mem_intfc0/ddr_phy_top0/u_ddr_mc_phy_wrapper/u_ddr_mc_phy/ddr_phy_4lanes_0.u_ddr_phy_4lanes/phy_control_i/MEMREFCLK
  -------------------------------------------------------------------    -------------------
    PHY_CONTROL_X1Y0     PHY_CONTROL (Prop_phy_control_MEMREFCLK_PHYCTLEMPTY)
                                                      0.622     0.708 r  u_ddr3/u_mig_7series_0/u_mig_7series_0_mig/u_memc_ui_top_axi/mem_intfc0/ddr_phy_top0/u_ddr_mc_phy_wrapper/u_ddr_mc_phy/ddr_phy_4lanes_0.u_ddr_phy_4lanes/phy_control_i/PHYCTLEMPTY
                         net (fo=1, routed)           0.397     1.105    u_ddr3/u_mig_7series_0/u_mig_7series_0_mig/u_memc_ui_top_axi/mem_intfc0/ddr_phy_top0/u_ddr_mc_phy_wrapper/u_ddr_mc_phy/ddr_phy_4lanes_0.u_ddr_phy_4lanes/phy_control_i_n_1
    PHY_CONTROL_X1Y0     PHY_CONTROL                                  r  u_ddr3/u_mig_7series_0/u_mig_7series_0_mig/u_memc_ui_top_axi/mem_intfc0/ddr_phy_top0/u_ddr_mc_phy_wrapper/u_ddr_mc_phy/ddr_phy_4lanes_0.u_ddr_phy_4lanes/phy_control_i/PHYCTLMSTREMPTY
  -------------------------------------------------------------------    -------------------

                         (clock mem_refclk rise edge)
                                                      2.500     2.500 r  
    Y18                                               0.000     2.500 r  Clk (IN)
                         net (fo=0)                   0.000     2.500    u_mmcm/inst/clk_in1
    Y18                  IBUF (Prop_ibuf_I_O)         1.361     3.861 r  u_mmcm/inst/clkin1_ibufg/O
                         net (fo=1, routed)           1.004     4.864    u_mmcm/inst/clk_in1_mmcm
    MMCME2_ADV_X0Y0      MMCME2_ADV (Prop_mmcme2_adv_CLKIN1_CLKOUT0)
                                                     -6.061    -1.197 r  u_mmcm/inst/mmcm_adv_inst/CLKOUT0
                         net (fo=1, routed)           1.357     0.161    u_mmcm/inst/clk_out1_mmcm
    BUFGCTRL_X0Y1        BUFG (Prop_bufg_I_O)         0.077     0.238 r  u_mmcm/inst/clkout1_buf/O
                         net (fo=63, routed)          1.304     1.541    u_ddr3/u_mig_7series_0/u_mig_7series_0_mig/u_ddr3_infrastructure/CLK
    PLLE2_ADV_X1Y0       PLLE2_ADV (Prop_plle2_adv_CLKIN1_CLKOUT1)
                                                      0.073     1.614 r  u_ddr3/u_mig_7series_0/u_mig_7series_0_mig/u_ddr3_infrastructure/plle2_i/CLKOUT1
                         net (fo=7, routed)           0.501     2.115    u_ddr3/u_mig_7series_0/u_mig_7series_0_mig/u_memc_ui_top_axi/mem_intfc0/ddr_phy_top0/u_ddr_mc_phy_wrapper/u_ddr_mc_phy/ddr_phy_4lanes_0.u_ddr_phy_4lanes/mem_refclk
    PHY_CONTROL_X1Y0     PHY_CONTROL                                  r  u_ddr3/u_mig_7series_0/u_mig_7series_0_mig/u_memc_ui_top_axi/mem_intfc0/ddr_phy_top0/u_ddr_mc_phy_wrapper/u_ddr_mc_phy/ddr_phy_4lanes_0.u_ddr_phy_4lanes/phy_control_i/MEMREFCLK
                         clock pessimism              0.471     2.586    
                         clock uncertainty           -0.060     2.526    
    PHY_CONTROL_X1Y0     PHY_CONTROL (Setup_phy_control_MEMREFCLK_PHYCTLMSTREMPTY)
                                                     -0.009     2.517    u_ddr3/u_mig_7series_0/u_mig_7series_0_mig/u_memc_ui_top_axi/mem_intfc0/ddr_phy_top0/u_ddr_mc_phy_wrapper/u_ddr_mc_phy/ddr_phy_4lanes_0.u_ddr_phy_4lanes/phy_control_i
  -------------------------------------------------------------------
                         required time                          2.517    
                         arrival time                          -1.105    
  -------------------------------------------------------------------
                         slack                                  1.412    





Min Delay Paths
--------------------------------------------------------------------------------------
Slack (MET) :             0.336ns  (arrival time - required time)
  Source:                 u_ddr3/u_mig_7series_0/u_mig_7series_0_mig/u_memc_ui_top_axi/mem_intfc0/ddr_phy_top0/u_ddr_mc_phy_wrapper/u_ddr_mc_phy/ddr_phy_4lanes_0.u_ddr_phy_4lanes/phy_control_i/MEMREFCLK
                            (rising edge-triggered cell PHY_CONTROL clocked by mem_refclk  {rise@0.000ns fall@1.250ns period=2.500ns})
  Destination:            u_ddr3/u_mig_7series_0/u_mig_7series_0_mig/u_memc_ui_top_axi/mem_intfc0/ddr_phy_top0/u_ddr_mc_phy_wrapper/u_ddr_mc_phy/ddr_phy_4lanes_0.u_ddr_phy_4lanes/phy_control_i/PHYCTLMSTREMPTY
                            (rising edge-triggered cell PHY_CONTROL clocked by mem_refclk  {rise@0.000ns fall@1.250ns period=2.500ns})
  Path Group:             mem_refclk
  Path Type:              Hold (Min at Fast Process Corner)
  Requirement:            0.000ns  (mem_refclk rise@0.000ns - mem_refclk rise@0.000ns)
  Data Path Delay:        0.459ns  (logic 0.313ns (68.192%)  route 0.146ns (31.808%))
  Logic Levels:           0  
  Clock Path Skew:        0.000ns (DCD - SCD - CPR)
    Destination Clock Delay (DCD):    -0.561ns
    Source Clock Delay      (SCD):    -0.345ns
    Clock Pessimism Removal (CPR):    -0.216ns

    Location             Delay type                Incr(ns)  Path(ns)    Netlist Resource(s)
  -------------------------------------------------------------------    -------------------
                         (clock mem_refclk rise edge)
                                                      0.000     0.000 r  
    Y18                                               0.000     0.000 r  Clk (IN)
                         net (fo=0)                   0.000     0.000    u_mmcm/inst/clk_in1
    Y18                  IBUF (Prop_ibuf_I_O)         0.264     0.264 r  u_mmcm/inst/clkin1_ibufg/O
                         net (fo=1, routed)           0.440     0.704    u_mmcm/inst/clk_in1_mmcm
    MMCME2_ADV_X0Y0      MMCME2_ADV (Prop_mmcme2_adv_CLKIN1_CLKOUT0)
                                                     -2.362    -1.659 r  u_mmcm/inst/mmcm_adv_inst/CLKOUT0
                         net (fo=1, routed)           0.489    -1.170    u_mmcm/inst/clk_out1_mmcm
    BUFGCTRL_X0Y1        BUFG (Prop_bufg_I_O)         0.026    -1.144 r  u_mmcm/inst/clkout1_buf/O
                         net (fo=63, routed)          0.554    -0.590    u_ddr3/u_mig_7series_0/u_mig_7series_0_mig/u_ddr3_infrastructure/CLK
    PLLE2_ADV_X1Y0       PLLE2_ADV (Prop_plle2_adv_CLKIN1_CLKOUT1)
                                                      0.050    -0.540 r  u_ddr3/u_mig_7series_0/u_mig_7series_0_mig/u_ddr3_infrastructure/plle2_i/CLKOUT1
                         net (fo=7, routed)           0.195    -0.345    u_ddr3/u_mig_7series_0/u_mig_7series_0_mig/u_memc_ui_top_axi/mem_intfc0/ddr_phy_top0/u_ddr_mc_phy_wrapper/u_ddr_mc_phy/ddr_phy_4lanes_0.u_ddr_phy_4lanes/mem_refclk
    PHY_CONTROL_X1Y0     PHY_CONTROL                                  r  u_ddr3/u_mig_7series_0/u_mig_7series_0_mig/u_memc_ui_top_axi/mem_intfc0/ddr_phy_top0/u_ddr_mc_phy_wrapper/u_ddr_mc_phy/ddr_phy_4lanes_0.u_ddr_phy_4lanes/phy_control_i/MEMREFCLK
  -------------------------------------------------------------------    -------------------
    PHY_CONTROL_X1Y0     PHY_CONTROL (Prop_phy_control_MEMREFCLK_PHYCTLEMPTY)
                                                      0.313    -0.032 r  u_ddr3/u_mig_7series_0/u_mig_7series_0_mig/u_memc_ui_top_axi/mem_intfc0/ddr_phy_top0/u_ddr_mc_phy_wrapper/u_ddr_mc_phy/ddr_phy_4lanes_0.u_ddr_phy_4lanes/phy_control_i/PHYCTLEMPTY
                         net (fo=1, routed)           0.146     0.114    u_ddr3/u_mig_7series_0/u_mig_7series_0_mig/u_memc_ui_top_axi/mem_intfc0/ddr_phy_top0/u_ddr_mc_phy_wrapper/u_ddr_mc_phy/ddr_phy_4lanes_0.u_ddr_phy_4lanes/phy_control_i_n_1
    PHY_CONTROL_X1Y0     PHY_CONTROL                                  r  u_ddr3/u_mig_7series_0/u_mig_7series_0_mig/u_memc_ui_top_axi/mem_intfc0/ddr_phy_top0/u_ddr_mc_phy_wrapper/u_ddr_mc_phy/ddr_phy_4lanes_0.u_ddr_phy_4lanes/phy_control_i/PHYCTLMSTREMPTY
  -------------------------------------------------------------------    -------------------

                         (clock mem_refclk rise edge)
                                                      0.000     0.000 r  
    Y18                                               0.000     0.000 r  Clk (IN)
                         net (fo=0)                   0.000     0.000    u_mmcm/inst/clk_in1
    Y18                  IBUF (Prop_ibuf_I_O)         0.452     0.452 r  u_mmcm/inst/clkin1_ibufg/O
                         net (fo=1, routed)           0.480     0.932    u_mmcm/inst/clk_in1_mmcm
    MMCME2_ADV_X0Y0      MMCME2_ADV (Prop_mmcme2_adv_CLKIN1_CLKOUT0)
                                                     -3.145    -2.214 r  u_mmcm/inst/mmcm_adv_inst/CLKOUT0
                         net (fo=1, routed)           0.534    -1.680    u_mmcm/inst/clk_out1_mmcm
    BUFGCTRL_X0Y1        BUFG (Prop_bufg_I_O)         0.029    -1.651 r  u_mmcm/inst/clkout1_buf/O
                         net (fo=63, routed)          0.822    -0.829    u_ddr3/u_mig_7series_0/u_mig_7series_0_mig/u_ddr3_infrastructure/CLK
    PLLE2_ADV_X1Y0       PLLE2_ADV (Prop_plle2_adv_CLKIN1_CLKOUT1)
                                                      0.053    -0.776 r  u_ddr3/u_mig_7series_0/u_mig_7series_0_mig/u_ddr3_infrastructure/plle2_i/CLKOUT1
                         net (fo=7, routed)           0.215    -0.561    u_ddr3/u_mig_7series_0/u_mig_7series_0_mig/u_memc_ui_top_axi/mem_intfc0/ddr_phy_top0/u_ddr_mc_phy_wrapper/u_ddr_mc_phy/ddr_phy_4lanes_0.u_ddr_phy_4lanes/mem_refclk
    PHY_CONTROL_X1Y0     PHY_CONTROL                                  r  u_ddr3/u_mig_7series_0/u_mig_7series_0_mig/u_memc_ui_top_axi/mem_intfc0/ddr_phy_top0/u_ddr_mc_phy_wrapper/u_ddr_mc_phy/ddr_phy_4lanes_0.u_ddr_phy_4lanes/phy_control_i/MEMREFCLK
                         clock pessimism              0.216    -0.345    
    PHY_CONTROL_X1Y0     PHY_CONTROL (Hold_phy_control_MEMREFCLK_PHYCTLMSTREMPTY)
                                                      0.123    -0.222    u_ddr3/u_mig_7series_0/u_mig_7series_0_mig/u_memc_ui_top_axi/mem_intfc0/ddr_phy_top0/u_ddr_mc_phy_wrapper/u_ddr_mc_phy/ddr_phy_4lanes_0.u_ddr_phy_4lanes/phy_control_i
  -------------------------------------------------------------------
                         required time                          0.222    
                         arrival time                           0.114    
  -------------------------------------------------------------------
                         slack                                  0.336    





Pulse Width Checks
--------------------------------------------------------------------------------------
Clock Name:         mem_refclk
Waveform(ns):       { 0.000 1.250 }
Period(ns):         2.500
Sources:            { u_ddr3/u_mig_7series_0/u_mig_7series_0_mig/u_ddr3_infrastructure/plle2_i/CLKOUT1 }

Check Type        Corner  Lib Pin                Reference Pin  Required(ns)  Actual(ns)  Slack(ns)  Location          Pin
Min Period        n/a     PHY_CONTROL/MEMREFCLK  n/a            1.475         2.500       1.025      PHY_CONTROL_X1Y0  u_ddr3/u_mig_7series_0/u_mig_7series_0_mig/u_memc_ui_top_axi/mem_intfc0/ddr_phy_top0/u_ddr_mc_phy_wrapper/u_ddr_mc_phy/ddr_phy_4lanes_0.u_ddr_phy_4lanes/phy_control_i/MEMREFCLK
Max Period        n/a     PLLE2_ADV/CLKOUT1      n/a            160.000       2.500       157.500    PLLE2_ADV_X1Y0    u_ddr3/u_mig_7series_0/u_mig_7series_0_mig/u_ddr3_infrastructure/plle2_i/CLKOUT1
Low Pulse Width   Slow    PHY_CONTROL/MEMREFCLK  n/a            0.535         1.250       0.715      PHY_CONTROL_X1Y0  u_ddr3/u_mig_7series_0/u_mig_7series_0_mig/u_memc_ui_top_axi/mem_intfc0/ddr_phy_top0/u_ddr_mc_phy_wrapper/u_ddr_mc_phy/ddr_phy_4lanes_0.u_ddr_phy_4lanes/phy_control_i/MEMREFCLK
High Pulse Width  Fast    PHY_CONTROL/MEMREFCLK  n/a            0.535         1.250       0.715      PHY_CONTROL_X1Y0  u_ddr3/u_mig_7series_0/u_mig_7series_0_mig/u_memc_ui_top_axi/mem_intfc0/ddr_phy_top0/u_ddr_mc_phy_wrapper/u_ddr_mc_phy/ddr_phy_4lanes_0.u_ddr_phy_4lanes/phy_control_i/MEMREFCLK



---------------------------------------------------------------------------------------------------
From Clock:  oserdes_clk
  To Clock:  oserdes_clk

Setup :            0  Failing Endpoints,  Worst Slack        1.195ns,  Total Violation        0.000ns
Hold  :            0  Failing Endpoints,  Worst Slack        0.409ns,  Total Violation        0.000ns
PW    :            0  Failing Endpoints,  Worst Slack        1.026ns,  Total Violation        0.000ns
---------------------------------------------------------------------------------------------------


Max Delay Paths
--------------------------------------------------------------------------------------
Slack (MET) :             1.195ns  (required time - arrival time)
  Source:                 u_ddr3/u_mig_7series_0/u_mig_7series_0_mig/u_memc_ui_top_axi/mem_intfc0/ddr_phy_top0/u_ddr_mc_phy_wrapper/u_ddr_mc_phy/ddr_phy_4lanes_0.u_ddr_phy_4lanes/ddr_byte_lane_A.ddr_byte_lane_A/phaser_out/OCLKDELAYED
                            (rising edge-triggered cell PHASER_OUT_PHY clocked by oserdes_clk  {rise@0.000ns fall@1.250ns period=2.500ns})
  Destination:            u_ddr3/u_mig_7series_0/u_mig_7series_0_mig/u_memc_ui_top_axi/mem_intfc0/ddr_phy_top0/u_ddr_mc_phy_wrapper/u_ddr_mc_phy/ddr_phy_4lanes_0.u_ddr_phy_4lanes/ddr_byte_lane_A.ddr_byte_lane_A/ddr_byte_group_io/dqs_gen.oddr_dqsts/D1
                            (rising edge-triggered cell ODDR clocked by oserdes_clk  {rise@0.000ns fall@1.250ns period=2.500ns})
  Path Group:             oserdes_clk
  Path Type:              Setup (Max at Slow Process Corner)
  Requirement:            2.500ns  (oserdes_clk rise@2.500ns - oserdes_clk rise@0.000ns)
  Data Path Delay:        0.864ns  (logic 0.489ns (56.594%)  route 0.375ns (43.406%))
  Logic Levels:           0  
  Clock Path Skew:        0.342ns (DCD - SCD + CPR)
    Destination Clock Delay (DCD):    2.604ns = ( 5.104 - 2.500 ) 
    Source Clock Delay      (SCD):    2.825ns
    Clock Pessimism Removal (CPR):    0.564ns
  Clock Uncertainty:      0.060ns  ((TSJ^2 + DJ^2)^1/2) / 2 + PE
    Total System Jitter     (TSJ):    0.071ns
    Discrete Jitter          (DJ):    0.096ns
    Phase Error              (PE):    0.000ns

    Location             Delay type                Incr(ns)  Path(ns)    Netlist Resource(s)
  -------------------------------------------------------------------    -------------------
                         (clock oserdes_clk rise edge)
                                                      0.000     0.000 r  
    Y18                                               0.000     0.000 r  Clk (IN)
                         net (fo=0)                   0.000     0.000    u_mmcm/inst/clk_in1
    Y18                  IBUF (Prop_ibuf_I_O)         1.427     1.427 r  u_mmcm/inst/clkin1_ibufg/O
                         net (fo=1, routed)           1.065     2.492    u_mmcm/inst/clk_in1_mmcm
    MMCME2_ADV_X0Y0      MMCME2_ADV (Prop_mmcme2_adv_CLKIN1_CLKOUT0)
                                                     -5.924    -3.433 r  u_mmcm/inst/mmcm_adv_inst/CLKOUT0
                         net (fo=1, routed)           1.425    -2.008    u_mmcm/inst/clk_out1_mmcm
    BUFGCTRL_X0Y1        BUFG (Prop_bufg_I_O)         0.081    -1.927 r  u_mmcm/inst/clkout1_buf/O
                         net (fo=63, routed)          1.408    -0.519    u_ddr3/u_mig_7series_0/u_mig_7series_0_mig/u_ddr3_infrastructure/CLK
    PLLE2_ADV_X1Y0       PLLE2_ADV (Prop_plle2_adv_CLKIN1_CLKOUT1)
                                                      0.077    -0.442 r  u_ddr3/u_mig_7series_0/u_mig_7series_0_mig/u_ddr3_infrastructure/plle2_i/CLKOUT1
                         net (fo=7, routed)           0.522     0.080    u_ddr3/u_mig_7series_0/u_mig_7series_0_mig/u_memc_ui_top_axi/mem_intfc0/ddr_phy_top0/u_ddr_mc_phy_wrapper/u_ddr_mc_phy/ddr_phy_4lanes_0.u_ddr_phy_4lanes/ddr_byte_lane_A.ddr_byte_lane_A/mem_refclk
    PHASER_OUT_PHY_X1Y0  PHASER_OUT_PHY (Prop_phaser_out_phy_MEMREFCLK_OCLK)
                                                      2.083     2.163 r  u_ddr3/u_mig_7series_0/u_mig_7series_0_mig/u_memc_ui_top_axi/mem_intfc0/ddr_phy_top0/u_ddr_mc_phy_wrapper/u_ddr_mc_phy/ddr_phy_4lanes_0.u_ddr_phy_4lanes/ddr_byte_lane_A.ddr_byte_lane_A/phaser_out/OCLK
    PHASER_OUT_PHY_X1Y0  PHASER_OUT_PHY (Prop_phaser_out_phy_OCLK_OCLKDELAYED)
                                                      0.662     2.825 r  u_ddr3/u_mig_7series_0/u_mig_7series_0_mig/u_memc_ui_top_axi/mem_intfc0/ddr_phy_top0/u_ddr_mc_phy_wrapper/u_ddr_mc_phy/ddr_phy_4lanes_0.u_ddr_phy_4lanes/ddr_byte_lane_A.ddr_byte_lane_A/phaser_out/OCLKDELAYED
  -------------------------------------------------------------------    -------------------
    PHASER_OUT_PHY_X1Y0  PHASER_OUT_PHY (Prop_phaser_out_phy_OCLKDELAYED_CTSBUS[0])
                                                      0.489     3.314 r  u_ddr3/u_mig_7series_0/u_mig_7series_0_mig/u_memc_ui_top_axi/mem_intfc0/ddr_phy_top0/u_ddr_mc_phy_wrapper/u_ddr_mc_phy/ddr_phy_4lanes_0.u_ddr_phy_4lanes/ddr_byte_lane_A.ddr_byte_lane_A/phaser_out/CTSBUS[0]
                         net (fo=2, routed)           0.375     3.689    u_ddr3/u_mig_7series_0/u_mig_7series_0_mig/u_memc_ui_top_axi/mem_intfc0/ddr_phy_top0/u_ddr_mc_phy_wrapper/u_ddr_mc_phy/ddr_phy_4lanes_0.u_ddr_phy_4lanes/ddr_byte_lane_A.ddr_byte_lane_A/ddr_byte_group_io/CTSBUS[0]
    OLOGIC_X1Y8          ODDR                                         r  u_ddr3/u_mig_7series_0/u_mig_7series_0_mig/u_memc_ui_top_axi/mem_intfc0/ddr_phy_top0/u_ddr_mc_phy_wrapper/u_ddr_mc_phy/ddr_phy_4lanes_0.u_ddr_phy_4lanes/ddr_byte_lane_A.ddr_byte_lane_A/ddr_byte_group_io/dqs_gen.oddr_dqsts/D1
  -------------------------------------------------------------------    -------------------

                         (clock oserdes_clk rise edge)
                                                      2.500     2.500 r  
    Y18                                               0.000     2.500 r  Clk (IN)
                         net (fo=0)                   0.000     2.500    u_mmcm/inst/clk_in1
    Y18                  IBUF (Prop_ibuf_I_O)         1.361     3.861 r  u_mmcm/inst/clkin1_ibufg/O
                         net (fo=1, routed)           1.004     4.864    u_mmcm/inst/clk_in1_mmcm
    MMCME2_ADV_X0Y0      MMCME2_ADV (Prop_mmcme2_adv_CLKIN1_CLKOUT0)
                                                     -6.061    -1.197 r  u_mmcm/inst/mmcm_adv_inst/CLKOUT0
                         net (fo=1, routed)           1.357     0.161    u_mmcm/inst/clk_out1_mmcm
    BUFGCTRL_X0Y1        BUFG (Prop_bufg_I_O)         0.077     0.238 r  u_mmcm/inst/clkout1_buf/O
                         net (fo=63, routed)          1.304     1.541    u_ddr3/u_mig_7series_0/u_mig_7series_0_mig/u_ddr3_infrastructure/CLK
    PLLE2_ADV_X1Y0       PLLE2_ADV (Prop_plle2_adv_CLKIN1_CLKOUT1)
                                                      0.073     1.614 r  u_ddr3/u_mig_7series_0/u_mig_7series_0_mig/u_ddr3_infrastructure/plle2_i/CLKOUT1
                         net (fo=7, routed)           0.496     2.110    u_ddr3/u_mig_7series_0/u_mig_7series_0_mig/u_memc_ui_top_axi/mem_intfc0/ddr_phy_top0/u_ddr_mc_phy_wrapper/u_ddr_mc_phy/ddr_phy_4lanes_0.u_ddr_phy_4lanes/ddr_byte_lane_A.ddr_byte_lane_A/mem_refclk
    PHASER_OUT_PHY_X1Y0  PHASER_OUT_PHY (Prop_phaser_out_phy_MEMREFCLK_OCLK)
                                                      2.027     4.137 r  u_ddr3/u_mig_7series_0/u_mig_7series_0_mig/u_memc_ui_top_axi/mem_intfc0/ddr_phy_top0/u_ddr_mc_phy_wrapper/u_ddr_mc_phy/ddr_phy_4lanes_0.u_ddr_phy_4lanes/ddr_byte_lane_A.ddr_byte_lane_A/phaser_out/OCLK
    PHASER_OUT_PHY_X1Y0  PHASER_OUT_PHY (Prop_phaser_out_phy_OCLK_OCLKDELAYED)
                                                      0.624     4.762 r  u_ddr3/u_mig_7series_0/u_mig_7series_0_mig/u_memc_ui_top_axi/mem_intfc0/ddr_phy_top0/u_ddr_mc_phy_wrapper/u_ddr_mc_phy/ddr_phy_4lanes_0.u_ddr_phy_4lanes/ddr_byte_lane_A.ddr_byte_lane_A/phaser_out/OCLKDELAYED
                         net (fo=2, routed)           0.342     5.104    u_ddr3/u_mig_7series_0/u_mig_7series_0_mig/u_memc_ui_top_axi/mem_intfc0/ddr_phy_top0/u_ddr_mc_phy_wrapper/u_ddr_mc_phy/ddr_phy_4lanes_0.u_ddr_phy_4lanes/ddr_byte_lane_A.ddr_byte_lane_A/ddr_byte_group_io/oserdes_clk_delayed
    OLOGIC_X1Y8          ODDR                                         r  u_ddr3/u_mig_7series_0/u_mig_7series_0_mig/u_memc_ui_top_axi/mem_intfc0/ddr_phy_top0/u_ddr_mc_phy_wrapper/u_ddr_mc_phy/ddr_phy_4lanes_0.u_ddr_phy_4lanes/ddr_byte_lane_A.ddr_byte_lane_A/ddr_byte_group_io/dqs_gen.oddr_dqsts/C
                         clock pessimism              0.564     5.667    
                         clock uncertainty           -0.060     5.608    
    OLOGIC_X1Y8          ODDR (Setup_oddr_C_D1)      -0.723     4.885    u_ddr3/u_mig_7series_0/u_mig_7series_0_mig/u_memc_ui_top_axi/mem_intfc0/ddr_phy_top0/u_ddr_mc_phy_wrapper/u_ddr_mc_phy/ddr_phy_4lanes_0.u_ddr_phy_4lanes/ddr_byte_lane_A.ddr_byte_lane_A/ddr_byte_group_io/dqs_gen.oddr_dqsts
  -------------------------------------------------------------------
                         required time                          4.885    
                         arrival time                          -3.689    
  -------------------------------------------------------------------
                         slack                                  1.195    





Min Delay Paths
--------------------------------------------------------------------------------------
Slack (MET) :             0.409ns  (arrival time - required time)
  Source:                 u_ddr3/u_mig_7series_0/u_mig_7series_0_mig/u_memc_ui_top_axi/mem_intfc0/ddr_phy_top0/u_ddr_mc_phy_wrapper/u_ddr_mc_phy/ddr_phy_4lanes_0.u_ddr_phy_4lanes/ddr_byte_lane_A.ddr_byte_lane_A/phaser_out/OCLKDELAYED
                            (rising edge-triggered cell PHASER_OUT_PHY clocked by oserdes_clk  {rise@0.000ns fall@1.250ns period=2.500ns})
  Destination:            u_ddr3/u_mig_7series_0/u_mig_7series_0_mig/u_memc_ui_top_axi/mem_intfc0/ddr_phy_top0/u_ddr_mc_phy_wrapper/u_ddr_mc_phy/ddr_phy_4lanes_0.u_ddr_phy_4lanes/ddr_byte_lane_A.ddr_byte_lane_A/ddr_byte_group_io/dqs_gen.oddr_dqs/D2
                            (rising edge-triggered cell ODDR clocked by oserdes_clk  {rise@0.000ns fall@1.250ns period=2.500ns})
  Path Group:             oserdes_clk
  Path Type:              Hold (Min at Fast Process Corner)
  Requirement:            0.000ns  (oserdes_clk rise@0.000ns - oserdes_clk rise@0.000ns)
  Data Path Delay:        0.494ns  (logic 0.346ns (70.032%)  route 0.148ns (29.968%))
  Logic Levels:           0  
  Clock Path Skew:        0.178ns (DCD - SCD - CPR)
    Destination Clock Delay (DCD):    2.051ns
    Source Clock Delay      (SCD):    2.009ns
    Clock Pessimism Removal (CPR):    -0.137ns

    Location             Delay type                Incr(ns)  Path(ns)    Netlist Resource(s)
  -------------------------------------------------------------------    -------------------
                         (clock oserdes_clk rise edge)
                                                      0.000     0.000 r  
    Y18                                               0.000     0.000 r  Clk (IN)
                         net (fo=0)                   0.000     0.000    u_mmcm/inst/clk_in1
    Y18                  IBUF (Prop_ibuf_I_O)         0.264     0.264 r  u_mmcm/inst/clkin1_ibufg/O
                         net (fo=1, routed)           0.440     0.704    u_mmcm/inst/clk_in1_mmcm
    MMCME2_ADV_X0Y0      MMCME2_ADV (Prop_mmcme2_adv_CLKIN1_CLKOUT0)
                                                     -2.362    -1.659 r  u_mmcm/inst/mmcm_adv_inst/CLKOUT0
                         net (fo=1, routed)           0.489    -1.170    u_mmcm/inst/clk_out1_mmcm
    BUFGCTRL_X0Y1        BUFG (Prop_bufg_I_O)         0.026    -1.144 r  u_mmcm/inst/clkout1_buf/O
                         net (fo=63, routed)          0.554    -0.590    u_ddr3/u_mig_7series_0/u_mig_7series_0_mig/u_ddr3_infrastructure/CLK
    PLLE2_ADV_X1Y0       PLLE2_ADV (Prop_plle2_adv_CLKIN1_CLKOUT1)
                                                      0.050    -0.540 r  u_ddr3/u_mig_7series_0/u_mig_7series_0_mig/u_ddr3_infrastructure/plle2_i/CLKOUT1
                         net (fo=7, routed)           0.197    -0.343    u_ddr3/u_mig_7series_0/u_mig_7series_0_mig/u_memc_ui_top_axi/mem_intfc0/ddr_phy_top0/u_ddr_mc_phy_wrapper/u_ddr_mc_phy/ddr_phy_4lanes_0.u_ddr_phy_4lanes/ddr_byte_lane_A.ddr_byte_lane_A/mem_refclk
    PHASER_OUT_PHY_X1Y0  PHASER_OUT_PHY (Prop_phaser_out_phy_MEMREFCLK_OCLK)
                                                      1.813     1.470 r  u_ddr3/u_mig_7series_0/u_mig_7series_0_mig/u_memc_ui_top_axi/mem_intfc0/ddr_phy_top0/u_ddr_mc_phy_wrapper/u_ddr_mc_phy/ddr_phy_4lanes_0.u_ddr_phy_4lanes/ddr_byte_lane_A.ddr_byte_lane_A/phaser_out/OCLK
    PHASER_OUT_PHY_X1Y0  PHASER_OUT_PHY (Prop_phaser_out_phy_OCLK_OCLKDELAYED)
                                                      0.539     2.009 r  u_ddr3/u_mig_7series_0/u_mig_7series_0_mig/u_memc_ui_top_axi/mem_intfc0/ddr_phy_top0/u_ddr_mc_phy_wrapper/u_ddr_mc_phy/ddr_phy_4lanes_0.u_ddr_phy_4lanes/ddr_byte_lane_A.ddr_byte_lane_A/phaser_out/OCLKDELAYED
  -------------------------------------------------------------------    -------------------
    PHASER_OUT_PHY_X1Y0  PHASER_OUT_PHY (Prop_phaser_out_phy_OCLKDELAYED_DQSBUS[1])
                                                      0.346     2.355 r  u_ddr3/u_mig_7series_0/u_mig_7series_0_mig/u_memc_ui_top_axi/mem_intfc0/ddr_phy_top0/u_ddr_mc_phy_wrapper/u_ddr_mc_phy/ddr_phy_4lanes_0.u_ddr_phy_4lanes/ddr_byte_lane_A.ddr_byte_lane_A/phaser_out/DQSBUS[1]
                         net (fo=1, routed)           0.148     2.503    u_ddr3/u_mig_7series_0/u_mig_7series_0_mig/u_memc_ui_top_axi/mem_intfc0/ddr_phy_top0/u_ddr_mc_phy_wrapper/u_ddr_mc_phy/ddr_phy_4lanes_0.u_ddr_phy_4lanes/ddr_byte_lane_A.ddr_byte_lane_A/ddr_byte_group_io/DQSBUS[1]
    OLOGIC_X1Y8          ODDR                                         r  u_ddr3/u_mig_7series_0/u_mig_7series_0_mig/u_memc_ui_top_axi/mem_intfc0/ddr_phy_top0/u_ddr_mc_phy_wrapper/u_ddr_mc_phy/ddr_phy_4lanes_0.u_ddr_phy_4lanes/ddr_byte_lane_A.ddr_byte_lane_A/ddr_byte_group_io/dqs_gen.oddr_dqs/D2
  -------------------------------------------------------------------    -------------------

                         (clock oserdes_clk rise edge)
                                                      0.000     0.000 r  
    Y18                                               0.000     0.000 r  Clk (IN)
                         net (fo=0)                   0.000     0.000    u_mmcm/inst/clk_in1
    Y18                  IBUF (Prop_ibuf_I_O)         0.452     0.452 r  u_mmcm/inst/clkin1_ibufg/O
                         net (fo=1, routed)           0.480     0.932    u_mmcm/inst/clk_in1_mmcm
    MMCME2_ADV_X0Y0      MMCME2_ADV (Prop_mmcme2_adv_CLKIN1_CLKOUT0)
                                                     -3.145    -2.214 r  u_mmcm/inst/mmcm_adv_inst/CLKOUT0
                         net (fo=1, routed)           0.534    -1.680    u_mmcm/inst/clk_out1_mmcm
    BUFGCTRL_X0Y1        BUFG (Prop_bufg_I_O)         0.029    -1.651 r  u_mmcm/inst/clkout1_buf/O
                         net (fo=63, routed)          0.822    -0.829    u_ddr3/u_mig_7series_0/u_mig_7series_0_mig/u_ddr3_infrastructure/CLK
    PLLE2_ADV_X1Y0       PLLE2_ADV (Prop_plle2_adv_CLKIN1_CLKOUT1)
                                                      0.053    -0.776 r  u_ddr3/u_mig_7series_0/u_mig_7series_0_mig/u_ddr3_infrastructure/plle2_i/CLKOUT1
                         net (fo=7, routed)           0.218    -0.558    u_ddr3/u_mig_7series_0/u_mig_7series_0_mig/u_memc_ui_top_axi/mem_intfc0/ddr_phy_top0/u_ddr_mc_phy_wrapper/u_ddr_mc_phy/ddr_phy_4lanes_0.u_ddr_phy_4lanes/ddr_byte_lane_A.ddr_byte_lane_A/mem_refclk
    PHASER_OUT_PHY_X1Y0  PHASER_OUT_PHY (Prop_phaser_out_phy_MEMREFCLK_OCLK)
                                                      1.858     1.300 r  u_ddr3/u_mig_7series_0/u_mig_7series_0_mig/u_memc_ui_top_axi/mem_intfc0/ddr_phy_top0/u_ddr_mc_phy_wrapper/u_ddr_mc_phy/ddr_phy_4lanes_0.u_ddr_phy_4lanes/ddr_byte_lane_A.ddr_byte_lane_A/phaser_out/OCLK
    PHASER_OUT_PHY_X1Y0  PHASER_OUT_PHY (Prop_phaser_out_phy_OCLK_OCLKDELAYED)
                                                      0.573     1.873 r  u_ddr3/u_mig_7series_0/u_mig_7series_0_mig/u_memc_ui_top_axi/mem_intfc0/ddr_phy_top0/u_ddr_mc_phy_wrapper/u_ddr_mc_phy/ddr_phy_4lanes_0.u_ddr_phy_4lanes/ddr_byte_lane_A.ddr_byte_lane_A/phaser_out/OCLKDELAYED
                         net (fo=2, routed)           0.178     2.051    u_ddr3/u_mig_7series_0/u_mig_7series_0_mig/u_memc_ui_top_axi/mem_intfc0/ddr_phy_top0/u_ddr_mc_phy_wrapper/u_ddr_mc_phy/ddr_phy_4lanes_0.u_ddr_phy_4lanes/ddr_byte_lane_A.ddr_byte_lane_A/ddr_byte_group_io/oserdes_clk_delayed
    OLOGIC_X1Y8          ODDR                                         r  u_ddr3/u_mig_7series_0/u_mig_7series_0_mig/u_memc_ui_top_axi/mem_intfc0/ddr_phy_top0/u_ddr_mc_phy_wrapper/u_ddr_mc_phy/ddr_phy_4lanes_0.u_ddr_phy_4lanes/ddr_byte_lane_A.ddr_byte_lane_A/ddr_byte_group_io/dqs_gen.oddr_dqs/C
                         clock pessimism              0.137     2.187    
    OLOGIC_X1Y8          ODDR (Hold_oddr_C_D2)       -0.093     2.094    u_ddr3/u_mig_7series_0/u_mig_7series_0_mig/u_memc_ui_top_axi/mem_intfc0/ddr_phy_top0/u_ddr_mc_phy_wrapper/u_ddr_mc_phy/ddr_phy_4lanes_0.u_ddr_phy_4lanes/ddr_byte_lane_A.ddr_byte_lane_A/ddr_byte_group_io/dqs_gen.oddr_dqs
  -------------------------------------------------------------------
                         required time                         -2.094    
                         arrival time                           2.503    
  -------------------------------------------------------------------
                         slack                                  0.409    





Pulse Width Checks
--------------------------------------------------------------------------------------
Clock Name:         oserdes_clk
Waveform(ns):       { 0.000 1.250 }
Period(ns):         2.500
Sources:            { u_ddr3/u_mig_7series_0/u_mig_7series_0_mig/u_memc_ui_top_axi/mem_intfc0/ddr_phy_top0/u_ddr_mc_phy_wrapper/u_ddr_mc_phy/ddr_phy_4lanes_0.u_ddr_phy_4lanes/ddr_byte_lane_A.ddr_byte_lane_A/phaser_out/OCLK }

Check Type  Corner  Lib Pin  Reference Pin  Required(ns)  Actual(ns)  Slack(ns)  Location     Pin
Min Period  n/a     ODDR/C   n/a            1.474         2.500       1.026      OLOGIC_X1Y8  u_ddr3/u_mig_7series_0/u_mig_7series_0_mig/u_memc_ui_top_axi/mem_intfc0/ddr_phy_top0/u_ddr_mc_phy_wrapper/u_ddr_mc_phy/ddr_phy_4lanes_0.u_ddr_phy_4lanes/ddr_byte_lane_A.ddr_byte_lane_A/ddr_byte_group_io/dqs_gen.oddr_dqs/C



---------------------------------------------------------------------------------------------------
From Clock:  oserdes_clkdiv
  To Clock:  oserdes_clkdiv

Setup :            0  Failing Endpoints,  Worst Slack        3.868ns,  Total Violation        0.000ns
Hold  :            0  Failing Endpoints,  Worst Slack        0.088ns,  Total Violation        0.000ns
PW    :            0  Failing Endpoints,  Worst Slack        0.000ns,  Total Violation        0.000ns
---------------------------------------------------------------------------------------------------


Max Delay Paths
--------------------------------------------------------------------------------------
Slack (MET) :             3.868ns  (required time - arrival time)
  Source:                 u_ddr3/u_mig_7series_0/u_mig_7series_0_mig/u_memc_ui_top_axi/mem_intfc0/ddr_phy_top0/u_ddr_mc_phy_wrapper/u_ddr_mc_phy/ddr_phy_4lanes_0.u_ddr_phy_4lanes/ddr_byte_lane_A.ddr_byte_lane_A/out_fifo/RDCLK
                            (rising edge-triggered cell OUT_FIFO clocked by oserdes_clkdiv  {rise@0.000ns fall@2.500ns period=5.000ns})
  Destination:            u_ddr3/u_mig_7series_0/u_mig_7series_0_mig/u_memc_ui_top_axi/mem_intfc0/ddr_phy_top0/u_ddr_mc_phy_wrapper/u_ddr_mc_phy/ddr_phy_4lanes_0.u_ddr_phy_4lanes/ddr_byte_lane_A.ddr_byte_lane_A/ddr_byte_group_io/output_[6].oserdes_dq_.ddr.oserdes_dq_i/D1
                            (rising edge-triggered cell OSERDESE2 clocked by oserdes_clkdiv  {rise@0.000ns fall@2.500ns period=5.000ns})
  Path Group:             oserdes_clkdiv
  Path Type:              Setup (Max at Slow Process Corner)
  Requirement:            5.000ns  (oserdes_clkdiv rise@5.000ns - oserdes_clkdiv rise@0.000ns)
  Data Path Delay:        0.964ns  (logic 0.596ns (61.822%)  route 0.368ns (38.178%))
  Logic Levels:           0  
  Clock Path Skew:        0.341ns (DCD - SCD + CPR)
    Destination Clock Delay (DCD):    2.111ns = ( 7.111 - 5.000 ) 
    Source Clock Delay      (SCD):    2.304ns
    Clock Pessimism Removal (CPR):    0.534ns
  Clock Uncertainty:      0.060ns  ((TSJ^2 + DJ^2)^1/2) / 2 + PE
    Total System Jitter     (TSJ):    0.071ns
    Discrete Jitter          (DJ):    0.096ns
    Phase Error              (PE):    0.000ns

    Location             Delay type                Incr(ns)  Path(ns)    Netlist Resource(s)
  -------------------------------------------------------------------    -------------------
                         (clock oserdes_clkdiv rise edge)
                                                      0.000     0.000 r  
    Y18                                               0.000     0.000 r  Clk (IN)
                         net (fo=0)                   0.000     0.000    u_mmcm/inst/clk_in1
    Y18                  IBUF (Prop_ibuf_I_O)         1.427     1.427 r  u_mmcm/inst/clkin1_ibufg/O
                         net (fo=1, routed)           1.065     2.492    u_mmcm/inst/clk_in1_mmcm
    MMCME2_ADV_X0Y0      MMCME2_ADV (Prop_mmcme2_adv_CLKIN1_CLKOUT0)
                                                     -5.924    -3.433 r  u_mmcm/inst/mmcm_adv_inst/CLKOUT0
                         net (fo=1, routed)           1.425    -2.008    u_mmcm/inst/clk_out1_mmcm
    BUFGCTRL_X0Y1        BUFG (Prop_bufg_I_O)         0.081    -1.927 r  u_mmcm/inst/clkout1_buf/O
                         net (fo=63, routed)          1.408    -0.519    u_ddr3/u_mig_7series_0/u_mig_7series_0_mig/u_ddr3_infrastructure/CLK
    PLLE2_ADV_X1Y0       PLLE2_ADV (Prop_plle2_adv_CLKIN1_CLKOUT1)
                                                      0.077    -0.442 r  u_ddr3/u_mig_7series_0/u_mig_7series_0_mig/u_ddr3_infrastructure/plle2_i/CLKOUT1
                         net (fo=7, routed)           0.522     0.080    u_ddr3/u_mig_7series_0/u_mig_7series_0_mig/u_memc_ui_top_axi/mem_intfc0/ddr_phy_top0/u_ddr_mc_phy_wrapper/u_ddr_mc_phy/ddr_phy_4lanes_0.u_ddr_phy_4lanes/ddr_byte_lane_A.ddr_byte_lane_A/mem_refclk
    PHASER_OUT_PHY_X1Y0  PHASER_OUT_PHY (Prop_phaser_out_phy_MEMREFCLK_OCLK)
                                                      2.083     2.163 r  u_ddr3/u_mig_7series_0/u_mig_7series_0_mig/u_memc_ui_top_axi/mem_intfc0/ddr_phy_top0/u_ddr_mc_phy_wrapper/u_ddr_mc_phy/ddr_phy_4lanes_0.u_ddr_phy_4lanes/ddr_byte_lane_A.ddr_byte_lane_A/phaser_out/OCLK
    PHASER_OUT_PHY_X1Y0  PHASER_OUT_PHY (Prop_phaser_out_phy_OCLK_OCLKDIV)
                                                      0.141     2.304 r  u_ddr3/u_mig_7series_0/u_mig_7series_0_mig/u_memc_ui_top_axi/mem_intfc0/ddr_phy_top0/u_ddr_mc_phy_wrapper/u_ddr_mc_phy/ddr_phy_4lanes_0.u_ddr_phy_4lanes/ddr_byte_lane_A.ddr_byte_lane_A/phaser_out/OCLKDIV
                         net (fo=11, routed)          0.000     2.304    u_ddr3/u_mig_7series_0/u_mig_7series_0_mig/u_memc_ui_top_axi/mem_intfc0/ddr_phy_top0/u_ddr_mc_phy_wrapper/u_ddr_mc_phy/ddr_phy_4lanes_0.u_ddr_phy_4lanes/ddr_byte_lane_A.ddr_byte_lane_A/oserdes_clkdiv
    OUT_FIFO_X1Y0        OUT_FIFO                                     r  u_ddr3/u_mig_7series_0/u_mig_7series_0_mig/u_memc_ui_top_axi/mem_intfc0/ddr_phy_top0/u_ddr_mc_phy_wrapper/u_ddr_mc_phy/ddr_phy_4lanes_0.u_ddr_phy_4lanes/ddr_byte_lane_A.ddr_byte_lane_A/out_fifo/RDCLK
  -------------------------------------------------------------------    -------------------
    OUT_FIFO_X1Y0        OUT_FIFO (Prop_out_fifo_RDCLK_Q6[0])
                                                      0.596     2.900 r  u_ddr3/u_mig_7series_0/u_mig_7series_0_mig/u_memc_ui_top_axi/mem_intfc0/ddr_phy_top0/u_ddr_mc_phy_wrapper/u_ddr_mc_phy/ddr_phy_4lanes_0.u_ddr_phy_4lanes/ddr_byte_lane_A.ddr_byte_lane_A/out_fifo/Q6[0]
                         net (fo=1, routed)           0.368     3.268    u_ddr3/u_mig_7series_0/u_mig_7series_0_mig/u_memc_ui_top_axi/mem_intfc0/ddr_phy_top0/u_ddr_mc_phy_wrapper/u_ddr_mc_phy/ddr_phy_4lanes_0.u_ddr_phy_4lanes/ddr_byte_lane_A.ddr_byte_lane_A/ddr_byte_group_io/of_dqbus[20]
    OLOGIC_X1Y9          OSERDESE2                                    r  u_ddr3/u_mig_7series_0/u_mig_7series_0_mig/u_memc_ui_top_axi/mem_intfc0/ddr_phy_top0/u_ddr_mc_phy_wrapper/u_ddr_mc_phy/ddr_phy_4lanes_0.u_ddr_phy_4lanes/ddr_byte_lane_A.ddr_byte_lane_A/ddr_byte_group_io/output_[6].oserdes_dq_.ddr.oserdes_dq_i/D1
  -------------------------------------------------------------------    -------------------

                         (clock oserdes_clkdiv rise edge)
                                                      5.000     5.000 r  
    Y18                                               0.000     5.000 r  Clk (IN)
                         net (fo=0)                   0.000     5.000    u_mmcm/inst/clk_in1
    Y18                  IBUF (Prop_ibuf_I_O)         1.361     6.361 r  u_mmcm/inst/clkin1_ibufg/O
                         net (fo=1, routed)           1.004     7.364    u_mmcm/inst/clk_in1_mmcm
    MMCME2_ADV_X0Y0      MMCME2_ADV (Prop_mmcme2_adv_CLKIN1_CLKOUT0)
                                                     -6.061     1.303 r  u_mmcm/inst/mmcm_adv_inst/CLKOUT0
                         net (fo=1, routed)           1.357     2.661    u_mmcm/inst/clk_out1_mmcm
    BUFGCTRL_X0Y1        BUFG (Prop_bufg_I_O)         0.077     2.738 r  u_mmcm/inst/clkout1_buf/O
                         net (fo=63, routed)          1.304     4.041    u_ddr3/u_mig_7series_0/u_mig_7series_0_mig/u_ddr3_infrastructure/CLK
    PLLE2_ADV_X1Y0       PLLE2_ADV (Prop_plle2_adv_CLKIN1_CLKOUT1)
                                                      0.073     4.114 r  u_ddr3/u_mig_7series_0/u_mig_7series_0_mig/u_ddr3_infrastructure/plle2_i/CLKOUT1
                         net (fo=7, routed)           0.496     4.610    u_ddr3/u_mig_7series_0/u_mig_7series_0_mig/u_memc_ui_top_axi/mem_intfc0/ddr_phy_top0/u_ddr_mc_phy_wrapper/u_ddr_mc_phy/ddr_phy_4lanes_0.u_ddr_phy_4lanes/ddr_byte_lane_A.ddr_byte_lane_A/mem_refclk
    PHASER_OUT_PHY_X1Y0  PHASER_OUT_PHY (Prop_phaser_out_phy_MEMREFCLK_OCLK)
                                                      2.027     6.637 r  u_ddr3/u_mig_7series_0/u_mig_7series_0_mig/u_memc_ui_top_axi/mem_intfc0/ddr_phy_top0/u_ddr_mc_phy_wrapper/u_ddr_mc_phy/ddr_phy_4lanes_0.u_ddr_phy_4lanes/ddr_byte_lane_A.ddr_byte_lane_A/phaser_out/OCLK
    PHASER_OUT_PHY_X1Y0  PHASER_OUT_PHY (Prop_phaser_out_phy_OCLK_OCLKDIV)
                                                      0.133     6.770 r  u_ddr3/u_mig_7series_0/u_mig_7series_0_mig/u_memc_ui_top_axi/mem_intfc0/ddr_phy_top0/u_ddr_mc_phy_wrapper/u_ddr_mc_phy/ddr_phy_4lanes_0.u_ddr_phy_4lanes/ddr_byte_lane_A.ddr_byte_lane_A/phaser_out/OCLKDIV
                         net (fo=11, routed)          0.341     7.111    u_ddr3/u_mig_7series_0/u_mig_7series_0_mig/u_memc_ui_top_axi/mem_intfc0/ddr_phy_top0/u_ddr_mc_phy_wrapper/u_ddr_mc_phy/ddr_phy_4lanes_0.u_ddr_phy_4lanes/ddr_byte_lane_A.ddr_byte_lane_A/ddr_byte_group_io/oserdes_clkdiv
    OLOGIC_X1Y9          OSERDESE2                                    r  u_ddr3/u_mig_7series_0/u_mig_7series_0_mig/u_memc_ui_top_axi/mem_intfc0/ddr_phy_top0/u_ddr_mc_phy_wrapper/u_ddr_mc_phy/ddr_phy_4lanes_0.u_ddr_phy_4lanes/ddr_byte_lane_A.ddr_byte_lane_A/ddr_byte_group_io/output_[6].oserdes_dq_.ddr.oserdes_dq_i/CLKDIV
                         clock pessimism              0.534     7.645    
                         clock uncertainty           -0.060     7.585    
    OLOGIC_X1Y9          OSERDESE2 (Setup_oserdese2_CLKDIV_D1)
                                                     -0.449     7.136    u_ddr3/u_mig_7series_0/u_mig_7series_0_mig/u_memc_ui_top_axi/mem_intfc0/ddr_phy_top0/u_ddr_mc_phy_wrapper/u_ddr_mc_phy/ddr_phy_4lanes_0.u_ddr_phy_4lanes/ddr_byte_lane_A.ddr_byte_lane_A/ddr_byte_group_io/output_[6].oserdes_dq_.ddr.oserdes_dq_i
  -------------------------------------------------------------------
                         required time                          7.136    
                         arrival time                          -3.268    
  -------------------------------------------------------------------
                         slack                                  3.868    





Min Delay Paths
--------------------------------------------------------------------------------------
Slack (MET) :             0.088ns  (arrival time - required time)
  Source:                 u_ddr3/u_mig_7series_0/u_mig_7series_0_mig/u_memc_ui_top_axi/mem_intfc0/ddr_phy_top0/u_ddr_mc_phy_wrapper/u_ddr_mc_phy/ddr_phy_4lanes_0.u_ddr_phy_4lanes/ddr_byte_lane_A.ddr_byte_lane_A/out_fifo/RDCLK
                            (rising edge-triggered cell OUT_FIFO clocked by oserdes_clkdiv  {rise@0.000ns fall@2.500ns period=5.000ns})
  Destination:            u_ddr3/u_mig_7series_0/u_mig_7series_0_mig/u_memc_ui_top_axi/mem_intfc0/ddr_phy_top0/u_ddr_mc_phy_wrapper/u_ddr_mc_phy/ddr_phy_4lanes_0.u_ddr_phy_4lanes/ddr_byte_lane_A.ddr_byte_lane_A/ddr_byte_group_io/output_[2].oserdes_dq_.ddr.oserdes_dq_i/D2
                            (rising edge-triggered cell OSERDESE2 clocked by oserdes_clkdiv  {rise@0.000ns fall@2.500ns period=5.000ns})
  Path Group:             oserdes_clkdiv
  Path Type:              Hold (Min at Fast Process Corner)
  Requirement:            0.000ns  (oserdes_clkdiv rise@0.000ns - oserdes_clkdiv rise@0.000ns)
  Data Path Delay:        0.286ns  (logic 0.138ns (48.242%)  route 0.148ns (51.758%))
  Logic Levels:           0  
  Clock Path Skew:        0.179ns (DCD - SCD - CPR)
    Destination Clock Delay (DCD):    1.567ns
    Source Clock Delay      (SCD):    1.553ns
    Clock Pessimism Removal (CPR):    -0.165ns

    Location             Delay type                Incr(ns)  Path(ns)    Netlist Resource(s)
  -------------------------------------------------------------------    -------------------
                         (clock oserdes_clkdiv rise edge)
                                                      0.000     0.000 r  
    Y18                                               0.000     0.000 r  Clk (IN)
                         net (fo=0)                   0.000     0.000    u_mmcm/inst/clk_in1
    Y18                  IBUF (Prop_ibuf_I_O)         0.264     0.264 r  u_mmcm/inst/clkin1_ibufg/O
                         net (fo=1, routed)           0.440     0.704    u_mmcm/inst/clk_in1_mmcm
    MMCME2_ADV_X0Y0      MMCME2_ADV (Prop_mmcme2_adv_CLKIN1_CLKOUT0)
                                                     -2.362    -1.659 r  u_mmcm/inst/mmcm_adv_inst/CLKOUT0
                         net (fo=1, routed)           0.489    -1.170    u_mmcm/inst/clk_out1_mmcm
    BUFGCTRL_X0Y1        BUFG (Prop_bufg_I_O)         0.026    -1.144 r  u_mmcm/inst/clkout1_buf/O
                         net (fo=63, routed)          0.554    -0.590    u_ddr3/u_mig_7series_0/u_mig_7series_0_mig/u_ddr3_infrastructure/CLK
    PLLE2_ADV_X1Y0       PLLE2_ADV (Prop_plle2_adv_CLKIN1_CLKOUT1)
                                                      0.050    -0.540 r  u_ddr3/u_mig_7series_0/u_mig_7series_0_mig/u_ddr3_infrastructure/plle2_i/CLKOUT1
                         net (fo=7, routed)           0.197    -0.343    u_ddr3/u_mig_7series_0/u_mig_7series_0_mig/u_memc_ui_top_axi/mem_intfc0/ddr_phy_top0/u_ddr_mc_phy_wrapper/u_ddr_mc_phy/ddr_phy_4lanes_0.u_ddr_phy_4lanes/ddr_byte_lane_A.ddr_byte_lane_A/mem_refclk
    PHASER_OUT_PHY_X1Y0  PHASER_OUT_PHY (Prop_phaser_out_phy_MEMREFCLK_OCLK)
                                                      1.813     1.470 r  u_ddr3/u_mig_7series_0/u_mig_7series_0_mig/u_memc_ui_top_axi/mem_intfc0/ddr_phy_top0/u_ddr_mc_phy_wrapper/u_ddr_mc_phy/ddr_phy_4lanes_0.u_ddr_phy_4lanes/ddr_byte_lane_A.ddr_byte_lane_A/phaser_out/OCLK
    PHASER_OUT_PHY_X1Y0  PHASER_OUT_PHY (Prop_phaser_out_phy_OCLK_OCLKDIV)
                                                      0.083     1.553 r  u_ddr3/u_mig_7series_0/u_mig_7series_0_mig/u_memc_ui_top_axi/mem_intfc0/ddr_phy_top0/u_ddr_mc_phy_wrapper/u_ddr_mc_phy/ddr_phy_4lanes_0.u_ddr_phy_4lanes/ddr_byte_lane_A.ddr_byte_lane_A/phaser_out/OCLKDIV
                         net (fo=11, routed)          0.000     1.553    u_ddr3/u_mig_7series_0/u_mig_7series_0_mig/u_memc_ui_top_axi/mem_intfc0/ddr_phy_top0/u_ddr_mc_phy_wrapper/u_ddr_mc_phy/ddr_phy_4lanes_0.u_ddr_phy_4lanes/ddr_byte_lane_A.ddr_byte_lane_A/oserdes_clkdiv
    OUT_FIFO_X1Y0        OUT_FIFO                                     r  u_ddr3/u_mig_7series_0/u_mig_7series_0_mig/u_memc_ui_top_axi/mem_intfc0/ddr_phy_top0/u_ddr_mc_phy_wrapper/u_ddr_mc_phy/ddr_phy_4lanes_0.u_ddr_phy_4lanes/ddr_byte_lane_A.ddr_byte_lane_A/out_fifo/RDCLK
  -------------------------------------------------------------------    -------------------
    OUT_FIFO_X1Y0        OUT_FIFO (Prop_out_fifo_RDCLK_Q2[1])
                                                      0.138     1.691 r  u_ddr3/u_mig_7series_0/u_mig_7series_0_mig/u_memc_ui_top_axi/mem_intfc0/ddr_phy_top0/u_ddr_mc_phy_wrapper/u_ddr_mc_phy/ddr_phy_4lanes_0.u_ddr_phy_4lanes/ddr_byte_lane_A.ddr_byte_lane_A/out_fifo/Q2[1]
                         net (fo=1, routed)           0.148     1.839    u_ddr3/u_mig_7series_0/u_mig_7series_0_mig/u_memc_ui_top_axi/mem_intfc0/ddr_phy_top0/u_ddr_mc_phy_wrapper/u_ddr_mc_phy/ddr_phy_4lanes_0.u_ddr_phy_4lanes/ddr_byte_lane_A.ddr_byte_lane_A/ddr_byte_group_io/of_dqbus[9]
    OLOGIC_X1Y3          OSERDESE2                                    r  u_ddr3/u_mig_7series_0/u_mig_7series_0_mig/u_memc_ui_top_axi/mem_intfc0/ddr_phy_top0/u_ddr_mc_phy_wrapper/u_ddr_mc_phy/ddr_phy_4lanes_0.u_ddr_phy_4lanes/ddr_byte_lane_A.ddr_byte_lane_A/ddr_byte_group_io/output_[2].oserdes_dq_.ddr.oserdes_dq_i/D2
  -------------------------------------------------------------------    -------------------

                         (clock oserdes_clkdiv rise edge)
                                                      0.000     0.000 r  
    Y18                                               0.000     0.000 r  Clk (IN)
                         net (fo=0)                   0.000     0.000    u_mmcm/inst/clk_in1
    Y18                  IBUF (Prop_ibuf_I_O)         0.452     0.452 r  u_mmcm/inst/clkin1_ibufg/O
                         net (fo=1, routed)           0.480     0.932    u_mmcm/inst/clk_in1_mmcm
    MMCME2_ADV_X0Y0      MMCME2_ADV (Prop_mmcme2_adv_CLKIN1_CLKOUT0)
                                                     -3.145    -2.214 r  u_mmcm/inst/mmcm_adv_inst/CLKOUT0
                         net (fo=1, routed)           0.534    -1.680    u_mmcm/inst/clk_out1_mmcm
    BUFGCTRL_X0Y1        BUFG (Prop_bufg_I_O)         0.029    -1.651 r  u_mmcm/inst/clkout1_buf/O
                         net (fo=63, routed)          0.822    -0.829    u_ddr3/u_mig_7series_0/u_mig_7series_0_mig/u_ddr3_infrastructure/CLK
    PLLE2_ADV_X1Y0       PLLE2_ADV (Prop_plle2_adv_CLKIN1_CLKOUT1)
                                                      0.053    -0.776 r  u_ddr3/u_mig_7series_0/u_mig_7series_0_mig/u_ddr3_infrastructure/plle2_i/CLKOUT1
                         net (fo=7, routed)           0.218    -0.558    u_ddr3/u_mig_7series_0/u_mig_7series_0_mig/u_memc_ui_top_axi/mem_intfc0/ddr_phy_top0/u_ddr_mc_phy_wrapper/u_ddr_mc_phy/ddr_phy_4lanes_0.u_ddr_phy_4lanes/ddr_byte_lane_A.ddr_byte_lane_A/mem_refclk
    PHASER_OUT_PHY_X1Y0  PHASER_OUT_PHY (Prop_phaser_out_phy_MEMREFCLK_OCLK)
                                                      1.858     1.300 r  u_ddr3/u_mig_7series_0/u_mig_7series_0_mig/u_memc_ui_top_axi/mem_intfc0/ddr_phy_top0/u_ddr_mc_phy_wrapper/u_ddr_mc_phy/ddr_phy_4lanes_0.u_ddr_phy_4lanes/ddr_byte_lane_A.ddr_byte_lane_A/phaser_out/OCLK
    PHASER_OUT_PHY_X1Y0  PHASER_OUT_PHY (Prop_phaser_out_phy_OCLK_OCLKDIV)
                                                      0.088     1.388 r  u_ddr3/u_mig_7series_0/u_mig_7series_0_mig/u_memc_ui_top_axi/mem_intfc0/ddr_phy_top0/u_ddr_mc_phy_wrapper/u_ddr_mc_phy/ddr_phy_4lanes_0.u_ddr_phy_4lanes/ddr_byte_lane_A.ddr_byte_lane_A/phaser_out/OCLKDIV
                         net (fo=11, routed)          0.179     1.567    u_ddr3/u_mig_7series_0/u_mig_7series_0_mig/u_memc_ui_top_axi/mem_intfc0/ddr_phy_top0/u_ddr_mc_phy_wrapper/u_ddr_mc_phy/ddr_phy_4lanes_0.u_ddr_phy_4lanes/ddr_byte_lane_A.ddr_byte_lane_A/ddr_byte_group_io/oserdes_clkdiv
    OLOGIC_X1Y3          OSERDESE2                                    r  u_ddr3/u_mig_7series_0/u_mig_7series_0_mig/u_memc_ui_top_axi/mem_intfc0/ddr_phy_top0/u_ddr_mc_phy_wrapper/u_ddr_mc_phy/ddr_phy_4lanes_0.u_ddr_phy_4lanes/ddr_byte_lane_A.ddr_byte_lane_A/ddr_byte_group_io/output_[2].oserdes_dq_.ddr.oserdes_dq_i/CLKDIV
                         clock pessimism              0.165     1.732    
    OLOGIC_X1Y3          OSERDESE2 (Hold_oserdese2_CLKDIV_D2)
                                                      0.019     1.751    u_ddr3/u_mig_7series_0/u_mig_7series_0_mig/u_memc_ui_top_axi/mem_intfc0/ddr_phy_top0/u_ddr_mc_phy_wrapper/u_ddr_mc_phy/ddr_phy_4lanes_0.u_ddr_phy_4lanes/ddr_byte_lane_A.ddr_byte_lane_A/ddr_byte_group_io/output_[2].oserdes_dq_.ddr.oserdes_dq_i
  -------------------------------------------------------------------
                         required time                         -1.751    
                         arrival time                           1.839    
  -------------------------------------------------------------------
                         slack                                  0.088    





Pulse Width Checks
--------------------------------------------------------------------------------------
Clock Name:         oserdes_clkdiv
Waveform(ns):       { 0.000 2.500 }
Period(ns):         5.000
Sources:            { u_ddr3/u_mig_7series_0/u_mig_7series_0_mig/u_memc_ui_top_axi/mem_intfc0/ddr_phy_top0/u_ddr_mc_phy_wrapper/u_ddr_mc_phy/ddr_phy_4lanes_0.u_ddr_phy_4lanes/ddr_byte_lane_A.ddr_byte_lane_A/phaser_out/OCLKDIV }

Check Type        Corner  Lib Pin         Reference Pin  Required(ns)  Actual(ns)  Slack(ns)  Location       Pin
Min Period        n/a     OUT_FIFO/RDCLK  n/a            5.000         5.000       0.000      OUT_FIFO_X1Y0  u_ddr3/u_mig_7series_0/u_mig_7series_0_mig/u_memc_ui_top_axi/mem_intfc0/ddr_phy_top0/u_ddr_mc_phy_wrapper/u_ddr_mc_phy/ddr_phy_4lanes_0.u_ddr_phy_4lanes/ddr_byte_lane_A.ddr_byte_lane_A/out_fifo/RDCLK
Low Pulse Width   Slow    OUT_FIFO/RDCLK  n/a            2.150         2.500       0.350      OUT_FIFO_X1Y0  u_ddr3/u_mig_7series_0/u_mig_7series_0_mig/u_memc_ui_top_axi/mem_intfc0/ddr_phy_top0/u_ddr_mc_phy_wrapper/u_ddr_mc_phy/ddr_phy_4lanes_0.u_ddr_phy_4lanes/ddr_byte_lane_A.ddr_byte_lane_A/out_fifo/RDCLK
High Pulse Width  Slow    OUT_FIFO/RDCLK  n/a            2.150         2.500       0.350      OUT_FIFO_X1Y0  u_ddr3/u_mig_7series_0/u_mig_7series_0_mig/u_memc_ui_top_axi/mem_intfc0/ddr_phy_top0/u_ddr_mc_phy_wrapper/u_ddr_mc_phy/ddr_phy_4lanes_0.u_ddr_phy_4lanes/ddr_byte_lane_A.ddr_byte_lane_A/out_fifo/RDCLK



---------------------------------------------------------------------------------------------------
From Clock:  oserdes_clk_1
  To Clock:  oserdes_clk_1

Setup :           NA  Failing Endpoints,  Worst Slack           NA  ,  Total Violation           NA
Hold  :           NA  Failing Endpoints,  Worst Slack           NA  ,  Total Violation           NA
PW    :            0  Failing Endpoints,  Worst Slack        1.029ns,  Total Violation        0.000ns
---------------------------------------------------------------------------------------------------


Pulse Width Checks
--------------------------------------------------------------------------------------
Clock Name:         oserdes_clk_1
Waveform(ns):       { 0.000 1.250 }
Period(ns):         2.500
Sources:            { u_ddr3/u_mig_7series_0/u_mig_7series_0_mig/u_memc_ui_top_axi/mem_intfc0/ddr_phy_top0/u_ddr_mc_phy_wrapper/u_ddr_mc_phy/ddr_phy_4lanes_0.u_ddr_phy_4lanes/ddr_byte_lane_B.ddr_byte_lane_B/phaser_out/OCLK }

Check Type  Corner  Lib Pin        Reference Pin  Required(ns)  Actual(ns)  Slack(ns)  Location      Pin
Min Period  n/a     OSERDESE2/CLK  n/a            1.471         2.500       1.029      OLOGIC_X1Y13  u_ddr3/u_mig_7series_0/u_mig_7series_0_mig/u_memc_ui_top_axi/mem_intfc0/ddr_phy_top0/u_ddr_mc_phy_wrapper/u_ddr_mc_phy/ddr_phy_4lanes_0.u_ddr_phy_4lanes/ddr_byte_lane_B.ddr_byte_lane_B/ddr_byte_group_io/output_[0].oserdes_dq_.sdr.oserdes_dq_i/CLK



---------------------------------------------------------------------------------------------------
From Clock:  oserdes_clkdiv_1
  To Clock:  oserdes_clkdiv_1

Setup :            0  Failing Endpoints,  Worst Slack        8.857ns,  Total Violation        0.000ns
Hold  :            0  Failing Endpoints,  Worst Slack        0.092ns,  Total Violation        0.000ns
PW    :            0  Failing Endpoints,  Worst Slack        2.850ns,  Total Violation        0.000ns
---------------------------------------------------------------------------------------------------


Max Delay Paths
--------------------------------------------------------------------------------------
Slack (MET) :             8.857ns  (required time - arrival time)
  Source:                 u_ddr3/u_mig_7series_0/u_mig_7series_0_mig/u_memc_ui_top_axi/mem_intfc0/ddr_phy_top0/u_ddr_mc_phy_wrapper/u_ddr_mc_phy/ddr_phy_4lanes_0.u_ddr_phy_4lanes/ddr_byte_lane_B.ddr_byte_lane_B/out_fifo/RDCLK
                            (rising edge-triggered cell OUT_FIFO clocked by oserdes_clkdiv_1  {rise@0.000ns fall@5.000ns period=10.000ns})
  Destination:            u_ddr3/u_mig_7series_0/u_mig_7series_0_mig/u_memc_ui_top_axi/mem_intfc0/ddr_phy_top0/u_ddr_mc_phy_wrapper/u_ddr_mc_phy/ddr_phy_4lanes_0.u_ddr_phy_4lanes/ddr_byte_lane_B.ddr_byte_lane_B/ddr_byte_group_io/output_[10].oserdes_dq_.sdr.oserdes_dq_i/D1
                            (rising edge-triggered cell OSERDESE2 clocked by oserdes_clkdiv_1  {rise@0.000ns fall@5.000ns period=10.000ns})
  Path Group:             oserdes_clkdiv_1
  Path Type:              Setup (Max at Slow Process Corner)
  Requirement:            10.000ns  (oserdes_clkdiv_1 rise@10.000ns - oserdes_clkdiv_1 rise@0.000ns)
  Data Path Delay:        0.964ns  (logic 0.596ns (61.822%)  route 0.368ns (38.178%))
  Logic Levels:           0  
  Clock Path Skew:        0.330ns (DCD - SCD + CPR)
    Destination Clock Delay (DCD):    2.090ns = ( 12.090 - 10.000 ) 
    Source Clock Delay      (SCD):    2.293ns
    Clock Pessimism Removal (CPR):    0.533ns
  Clock Uncertainty:      0.060ns  ((TSJ^2 + DJ^2)^1/2) / 2 + PE
    Total System Jitter     (TSJ):    0.071ns
    Discrete Jitter          (DJ):    0.096ns
    Phase Error              (PE):    0.000ns

    Location             Delay type                Incr(ns)  Path(ns)    Netlist Resource(s)
  -------------------------------------------------------------------    -------------------
                         (clock oserdes_clkdiv_1 rise edge)
                                                      0.000     0.000 r  
    Y18                                               0.000     0.000 r  Clk (IN)
                         net (fo=0)                   0.000     0.000    u_mmcm/inst/clk_in1
    Y18                  IBUF (Prop_ibuf_I_O)         1.427     1.427 r  u_mmcm/inst/clkin1_ibufg/O
                         net (fo=1, routed)           1.065     2.492    u_mmcm/inst/clk_in1_mmcm
    MMCME2_ADV_X0Y0      MMCME2_ADV (Prop_mmcme2_adv_CLKIN1_CLKOUT0)
                                                     -5.924    -3.433 r  u_mmcm/inst/mmcm_adv_inst/CLKOUT0
                         net (fo=1, routed)           1.425    -2.008    u_mmcm/inst/clk_out1_mmcm
    BUFGCTRL_X0Y1        BUFG (Prop_bufg_I_O)         0.081    -1.927 r  u_mmcm/inst/clkout1_buf/O
                         net (fo=63, routed)          1.408    -0.519    u_ddr3/u_mig_7series_0/u_mig_7series_0_mig/u_ddr3_infrastructure/CLK
    PLLE2_ADV_X1Y0       PLLE2_ADV (Prop_plle2_adv_CLKIN1_CLKOUT1)
                                                      0.077    -0.442 r  u_ddr3/u_mig_7series_0/u_mig_7series_0_mig/u_ddr3_infrastructure/plle2_i/CLKOUT1
                         net (fo=7, routed)           0.511     0.069    u_ddr3/u_mig_7series_0/u_mig_7series_0_mig/u_memc_ui_top_axi/mem_intfc0/ddr_phy_top0/u_ddr_mc_phy_wrapper/u_ddr_mc_phy/ddr_phy_4lanes_0.u_ddr_phy_4lanes/ddr_byte_lane_B.ddr_byte_lane_B/mem_refclk
    PHASER_OUT_PHY_X1Y1  PHASER_OUT_PHY (Prop_phaser_out_phy_MEMREFCLK_OCLK)
                                                      2.083     2.152 r  u_ddr3/u_mig_7series_0/u_mig_7series_0_mig/u_memc_ui_top_axi/mem_intfc0/ddr_phy_top0/u_ddr_mc_phy_wrapper/u_ddr_mc_phy/ddr_phy_4lanes_0.u_ddr_phy_4lanes/ddr_byte_lane_B.ddr_byte_lane_B/phaser_out/OCLK
    PHASER_OUT_PHY_X1Y1  PHASER_OUT_PHY (Prop_phaser_out_phy_OCLK_OCLKDIV)
                                                      0.141     2.293 r  u_ddr3/u_mig_7series_0/u_mig_7series_0_mig/u_memc_ui_top_axi/mem_intfc0/ddr_phy_top0/u_ddr_mc_phy_wrapper/u_ddr_mc_phy/ddr_phy_4lanes_0.u_ddr_phy_4lanes/ddr_byte_lane_B.ddr_byte_lane_B/phaser_out/OCLKDIV
                         net (fo=13, routed)          0.000     2.293    u_ddr3/u_mig_7series_0/u_mig_7series_0_mig/u_memc_ui_top_axi/mem_intfc0/ddr_phy_top0/u_ddr_mc_phy_wrapper/u_ddr_mc_phy/ddr_phy_4lanes_0.u_ddr_phy_4lanes/ddr_byte_lane_B.ddr_byte_lane_B/oserdes_clkdiv
    OUT_FIFO_X1Y1        OUT_FIFO                                     r  u_ddr3/u_mig_7series_0/u_mig_7series_0_mig/u_memc_ui_top_axi/mem_intfc0/ddr_phy_top0/u_ddr_mc_phy_wrapper/u_ddr_mc_phy/ddr_phy_4lanes_0.u_ddr_phy_4lanes/ddr_byte_lane_B.ddr_byte_lane_B/out_fifo/RDCLK
  -------------------------------------------------------------------    -------------------
    OUT_FIFO_X1Y1        OUT_FIFO (Prop_out_fifo_RDCLK_Q5[4])
                                                      0.596     2.889 r  u_ddr3/u_mig_7series_0/u_mig_7series_0_mig/u_memc_ui_top_axi/mem_intfc0/ddr_phy_top0/u_ddr_mc_phy_wrapper/u_ddr_mc_phy/ddr_phy_4lanes_0.u_ddr_phy_4lanes/ddr_byte_lane_B.ddr_byte_lane_B/out_fifo/Q5[4]
                         net (fo=1, routed)           0.368     3.257    u_ddr3/u_mig_7series_0/u_mig_7series_0_mig/u_memc_ui_top_axi/mem_intfc0/ddr_phy_top0/u_ddr_mc_phy_wrapper/u_ddr_mc_phy/ddr_phy_4lanes_0.u_ddr_phy_4lanes/ddr_byte_lane_B.ddr_byte_lane_B/ddr_byte_group_io/oserdes_dq[40]
    OLOGIC_X1Y19         OSERDESE2                                    r  u_ddr3/u_mig_7series_0/u_mig_7series_0_mig/u_memc_ui_top_axi/mem_intfc0/ddr_phy_top0/u_ddr_mc_phy_wrapper/u_ddr_mc_phy/ddr_phy_4lanes_0.u_ddr_phy_4lanes/ddr_byte_lane_B.ddr_byte_lane_B/ddr_byte_group_io/output_[10].oserdes_dq_.sdr.oserdes_dq_i/D1
  -------------------------------------------------------------------    -------------------

                         (clock oserdes_clkdiv_1 rise edge)
                                                     10.000    10.000 r  
    Y18                                               0.000    10.000 r  Clk (IN)
                         net (fo=0)                   0.000    10.000    u_mmcm/inst/clk_in1
    Y18                  IBUF (Prop_ibuf_I_O)         1.361    11.361 r  u_mmcm/inst/clkin1_ibufg/O
                         net (fo=1, routed)           1.004    12.364    u_mmcm/inst/clk_in1_mmcm
    MMCME2_ADV_X0Y0      MMCME2_ADV (Prop_mmcme2_adv_CLKIN1_CLKOUT0)
                                                     -6.061     6.303 r  u_mmcm/inst/mmcm_adv_inst/CLKOUT0
                         net (fo=1, routed)           1.357     7.661    u_mmcm/inst/clk_out1_mmcm
    BUFGCTRL_X0Y1        BUFG (Prop_bufg_I_O)         0.077     7.738 r  u_mmcm/inst/clkout1_buf/O
                         net (fo=63, routed)          1.304     9.041    u_ddr3/u_mig_7series_0/u_mig_7series_0_mig/u_ddr3_infrastructure/CLK
    PLLE2_ADV_X1Y0       PLLE2_ADV (Prop_plle2_adv_CLKIN1_CLKOUT1)
                                                      0.073     9.114 r  u_ddr3/u_mig_7series_0/u_mig_7series_0_mig/u_ddr3_infrastructure/plle2_i/CLKOUT1
                         net (fo=7, routed)           0.486     9.600    u_ddr3/u_mig_7series_0/u_mig_7series_0_mig/u_memc_ui_top_axi/mem_intfc0/ddr_phy_top0/u_ddr_mc_phy_wrapper/u_ddr_mc_phy/ddr_phy_4lanes_0.u_ddr_phy_4lanes/ddr_byte_lane_B.ddr_byte_lane_B/mem_refclk
    PHASER_OUT_PHY_X1Y1  PHASER_OUT_PHY (Prop_phaser_out_phy_MEMREFCLK_OCLK)
                                                      2.027    11.627 r  u_ddr3/u_mig_7series_0/u_mig_7series_0_mig/u_memc_ui_top_axi/mem_intfc0/ddr_phy_top0/u_ddr_mc_phy_wrapper/u_ddr_mc_phy/ddr_phy_4lanes_0.u_ddr_phy_4lanes/ddr_byte_lane_B.ddr_byte_lane_B/phaser_out/OCLK
    PHASER_OUT_PHY_X1Y1  PHASER_OUT_PHY (Prop_phaser_out_phy_OCLK_OCLKDIV)
                                                      0.133    11.760 r  u_ddr3/u_mig_7series_0/u_mig_7series_0_mig/u_memc_ui_top_axi/mem_intfc0/ddr_phy_top0/u_ddr_mc_phy_wrapper/u_ddr_mc_phy/ddr_phy_4lanes_0.u_ddr_phy_4lanes/ddr_byte_lane_B.ddr_byte_lane_B/phaser_out/OCLKDIV
                         net (fo=13, routed)          0.330    12.090    u_ddr3/u_mig_7series_0/u_mig_7series_0_mig/u_memc_ui_top_axi/mem_intfc0/ddr_phy_top0/u_ddr_mc_phy_wrapper/u_ddr_mc_phy/ddr_phy_4lanes_0.u_ddr_phy_4lanes/ddr_byte_lane_B.ddr_byte_lane_B/ddr_byte_group_io/oserdes_clkdiv
    OLOGIC_X1Y19         OSERDESE2                                    r  u_ddr3/u_mig_7series_0/u_mig_7series_0_mig/u_memc_ui_top_axi/mem_intfc0/ddr_phy_top0/u_ddr_mc_phy_wrapper/u_ddr_mc_phy/ddr_phy_4lanes_0.u_ddr_phy_4lanes/ddr_byte_lane_B.ddr_byte_lane_B/ddr_byte_group_io/output_[10].oserdes_dq_.sdr.oserdes_dq_i/CLKDIV
                         clock pessimism              0.533    12.623    
                         clock uncertainty           -0.060    12.563    
    OLOGIC_X1Y19         OSERDESE2 (Setup_oserdese2_CLKDIV_D1)
                                                     -0.449    12.114    u_ddr3/u_mig_7series_0/u_mig_7series_0_mig/u_memc_ui_top_axi/mem_intfc0/ddr_phy_top0/u_ddr_mc_phy_wrapper/u_ddr_mc_phy/ddr_phy_4lanes_0.u_ddr_phy_4lanes/ddr_byte_lane_B.ddr_byte_lane_B/ddr_byte_group_io/output_[10].oserdes_dq_.sdr.oserdes_dq_i
  -------------------------------------------------------------------
                         required time                         12.114    
                         arrival time                          -3.257    
  -------------------------------------------------------------------
                         slack                                  8.857    





Min Delay Paths
--------------------------------------------------------------------------------------
Slack (MET) :             0.092ns  (arrival time - required time)
  Source:                 u_ddr3/u_mig_7series_0/u_mig_7series_0_mig/u_memc_ui_top_axi/mem_intfc0/ddr_phy_top0/u_ddr_mc_phy_wrapper/u_ddr_mc_phy/ddr_phy_4lanes_0.u_ddr_phy_4lanes/ddr_byte_lane_B.ddr_byte_lane_B/out_fifo/RDCLK
                            (rising edge-triggered cell OUT_FIFO clocked by oserdes_clkdiv_1  {rise@0.000ns fall@5.000ns period=10.000ns})
  Destination:            u_ddr3/u_mig_7series_0/u_mig_7series_0_mig/u_memc_ui_top_axi/mem_intfc0/ddr_phy_top0/u_ddr_mc_phy_wrapper/u_ddr_mc_phy/ddr_phy_4lanes_0.u_ddr_phy_4lanes/ddr_byte_lane_B.ddr_byte_lane_B/ddr_byte_group_io/output_[2].oserdes_dq_.sdr.oserdes_dq_i/D2
                            (rising edge-triggered cell OSERDESE2 clocked by oserdes_clkdiv_1  {rise@0.000ns fall@5.000ns period=10.000ns})
  Path Group:             oserdes_clkdiv_1
  Path Type:              Hold (Min at Fast Process Corner)
  Requirement:            0.000ns  (oserdes_clkdiv_1 rise@0.000ns - oserdes_clkdiv_1 rise@0.000ns)
  Data Path Delay:        0.286ns  (logic 0.138ns (48.242%)  route 0.148ns (51.758%))
  Logic Levels:           0  
  Clock Path Skew:        0.175ns (DCD - SCD - CPR)
    Destination Clock Delay (DCD):    1.554ns
    Source Clock Delay      (SCD):    1.546ns
    Clock Pessimism Removal (CPR):    -0.167ns

    Location             Delay type                Incr(ns)  Path(ns)    Netlist Resource(s)
  -------------------------------------------------------------------    -------------------
                         (clock oserdes_clkdiv_1 rise edge)
                                                      0.000     0.000 r  
    Y18                                               0.000     0.000 r  Clk (IN)
                         net (fo=0)                   0.000     0.000    u_mmcm/inst/clk_in1
    Y18                  IBUF (Prop_ibuf_I_O)         0.264     0.264 r  u_mmcm/inst/clkin1_ibufg/O
                         net (fo=1, routed)           0.440     0.704    u_mmcm/inst/clk_in1_mmcm
    MMCME2_ADV_X0Y0      MMCME2_ADV (Prop_mmcme2_adv_CLKIN1_CLKOUT0)
                                                     -2.362    -1.659 r  u_mmcm/inst/mmcm_adv_inst/CLKOUT0
                         net (fo=1, routed)           0.489    -1.170    u_mmcm/inst/clk_out1_mmcm
    BUFGCTRL_X0Y1        BUFG (Prop_bufg_I_O)         0.026    -1.144 r  u_mmcm/inst/clkout1_buf/O
                         net (fo=63, routed)          0.554    -0.590    u_ddr3/u_mig_7series_0/u_mig_7series_0_mig/u_ddr3_infrastructure/CLK
    PLLE2_ADV_X1Y0       PLLE2_ADV (Prop_plle2_adv_CLKIN1_CLKOUT1)
                                                      0.050    -0.540 r  u_ddr3/u_mig_7series_0/u_mig_7series_0_mig/u_ddr3_infrastructure/plle2_i/CLKOUT1
                         net (fo=7, routed)           0.190    -0.350    u_ddr3/u_mig_7series_0/u_mig_7series_0_mig/u_memc_ui_top_axi/mem_intfc0/ddr_phy_top0/u_ddr_mc_phy_wrapper/u_ddr_mc_phy/ddr_phy_4lanes_0.u_ddr_phy_4lanes/ddr_byte_lane_B.ddr_byte_lane_B/mem_refclk
    PHASER_OUT_PHY_X1Y1  PHASER_OUT_PHY (Prop_phaser_out_phy_MEMREFCLK_OCLK)
                                                      1.813     1.463 r  u_ddr3/u_mig_7series_0/u_mig_7series_0_mig/u_memc_ui_top_axi/mem_intfc0/ddr_phy_top0/u_ddr_mc_phy_wrapper/u_ddr_mc_phy/ddr_phy_4lanes_0.u_ddr_phy_4lanes/ddr_byte_lane_B.ddr_byte_lane_B/phaser_out/OCLK
    PHASER_OUT_PHY_X1Y1  PHASER_OUT_PHY (Prop_phaser_out_phy_OCLK_OCLKDIV)
                                                      0.083     1.546 r  u_ddr3/u_mig_7series_0/u_mig_7series_0_mig/u_memc_ui_top_axi/mem_intfc0/ddr_phy_top0/u_ddr_mc_phy_wrapper/u_ddr_mc_phy/ddr_phy_4lanes_0.u_ddr_phy_4lanes/ddr_byte_lane_B.ddr_byte_lane_B/phaser_out/OCLKDIV
                         net (fo=13, routed)          0.000     1.546    u_ddr3/u_mig_7series_0/u_mig_7series_0_mig/u_memc_ui_top_axi/mem_intfc0/ddr_phy_top0/u_ddr_mc_phy_wrapper/u_ddr_mc_phy/ddr_phy_4lanes_0.u_ddr_phy_4lanes/ddr_byte_lane_B.ddr_byte_lane_B/oserdes_clkdiv
    OUT_FIFO_X1Y1        OUT_FIFO                                     r  u_ddr3/u_mig_7series_0/u_mig_7series_0_mig/u_memc_ui_top_axi/mem_intfc0/ddr_phy_top0/u_ddr_mc_phy_wrapper/u_ddr_mc_phy/ddr_phy_4lanes_0.u_ddr_phy_4lanes/ddr_byte_lane_B.ddr_byte_lane_B/out_fifo/RDCLK
  -------------------------------------------------------------------    -------------------
    OUT_FIFO_X1Y1        OUT_FIFO (Prop_out_fifo_RDCLK_Q2[1])
                                                      0.138     1.684 r  u_ddr3/u_mig_7series_0/u_mig_7series_0_mig/u_memc_ui_top_axi/mem_intfc0/ddr_phy_top0/u_ddr_mc_phy_wrapper/u_ddr_mc_phy/ddr_phy_4lanes_0.u_ddr_phy_4lanes/ddr_byte_lane_B.ddr_byte_lane_B/out_fifo/Q2[1]
                         net (fo=1, routed)           0.148     1.832    u_ddr3/u_mig_7series_0/u_mig_7series_0_mig/u_memc_ui_top_axi/mem_intfc0/ddr_phy_top0/u_ddr_mc_phy_wrapper/u_ddr_mc_phy/ddr_phy_4lanes_0.u_ddr_phy_4lanes/ddr_byte_lane_B.ddr_byte_lane_B/ddr_byte_group_io/oserdes_dq[9]
    OLOGIC_X1Y15         OSERDESE2                                    r  u_ddr3/u_mig_7series_0/u_mig_7series_0_mig/u_memc_ui_top_axi/mem_intfc0/ddr_phy_top0/u_ddr_mc_phy_wrapper/u_ddr_mc_phy/ddr_phy_4lanes_0.u_ddr_phy_4lanes/ddr_byte_lane_B.ddr_byte_lane_B/ddr_byte_group_io/output_[2].oserdes_dq_.sdr.oserdes_dq_i/D2
  -------------------------------------------------------------------    -------------------

                         (clock oserdes_clkdiv_1 rise edge)
                                                      0.000     0.000 r  
    Y18                                               0.000     0.000 r  Clk (IN)
                         net (fo=0)                   0.000     0.000    u_mmcm/inst/clk_in1
    Y18                  IBUF (Prop_ibuf_I_O)         0.452     0.452 r  u_mmcm/inst/clkin1_ibufg/O
                         net (fo=1, routed)           0.480     0.932    u_mmcm/inst/clk_in1_mmcm
    MMCME2_ADV_X0Y0      MMCME2_ADV (Prop_mmcme2_adv_CLKIN1_CLKOUT0)
                                                     -3.145    -2.214 r  u_mmcm/inst/mmcm_adv_inst/CLKOUT0
                         net (fo=1, routed)           0.534    -1.680    u_mmcm/inst/clk_out1_mmcm
    BUFGCTRL_X0Y1        BUFG (Prop_bufg_I_O)         0.029    -1.651 r  u_mmcm/inst/clkout1_buf/O
                         net (fo=63, routed)          0.822    -0.829    u_ddr3/u_mig_7series_0/u_mig_7series_0_mig/u_ddr3_infrastructure/CLK
    PLLE2_ADV_X1Y0       PLLE2_ADV (Prop_plle2_adv_CLKIN1_CLKOUT1)
                                                      0.053    -0.776 r  u_ddr3/u_mig_7series_0/u_mig_7series_0_mig/u_ddr3_infrastructure/plle2_i/CLKOUT1
                         net (fo=7, routed)           0.209    -0.567    u_ddr3/u_mig_7series_0/u_mig_7series_0_mig/u_memc_ui_top_axi/mem_intfc0/ddr_phy_top0/u_ddr_mc_phy_wrapper/u_ddr_mc_phy/ddr_phy_4lanes_0.u_ddr_phy_4lanes/ddr_byte_lane_B.ddr_byte_lane_B/mem_refclk
    PHASER_OUT_PHY_X1Y1  PHASER_OUT_PHY (Prop_phaser_out_phy_MEMREFCLK_OCLK)
                                                      1.858     1.291 r  u_ddr3/u_mig_7series_0/u_mig_7series_0_mig/u_memc_ui_top_axi/mem_intfc0/ddr_phy_top0/u_ddr_mc_phy_wrapper/u_ddr_mc_phy/ddr_phy_4lanes_0.u_ddr_phy_4lanes/ddr_byte_lane_B.ddr_byte_lane_B/phaser_out/OCLK
    PHASER_OUT_PHY_X1Y1  PHASER_OUT_PHY (Prop_phaser_out_phy_OCLK_OCLKDIV)
                                                      0.088     1.379 r  u_ddr3/u_mig_7series_0/u_mig_7series_0_mig/u_memc_ui_top_axi/mem_intfc0/ddr_phy_top0/u_ddr_mc_phy_wrapper/u_ddr_mc_phy/ddr_phy_4lanes_0.u_ddr_phy_4lanes/ddr_byte_lane_B.ddr_byte_lane_B/phaser_out/OCLKDIV
                         net (fo=13, routed)          0.175     1.554    u_ddr3/u_mig_7series_0/u_mig_7series_0_mig/u_memc_ui_top_axi/mem_intfc0/ddr_phy_top0/u_ddr_mc_phy_wrapper/u_ddr_mc_phy/ddr_phy_4lanes_0.u_ddr_phy_4lanes/ddr_byte_lane_B.ddr_byte_lane_B/ddr_byte_group_io/oserdes_clkdiv
    OLOGIC_X1Y15         OSERDESE2                                    r  u_ddr3/u_mig_7series_0/u_mig_7series_0_mig/u_memc_ui_top_axi/mem_intfc0/ddr_phy_top0/u_ddr_mc_phy_wrapper/u_ddr_mc_phy/ddr_phy_4lanes_0.u_ddr_phy_4lanes/ddr_byte_lane_B.ddr_byte_lane_B/ddr_byte_group_io/output_[2].oserdes_dq_.sdr.oserdes_dq_i/CLKDIV
                         clock pessimism              0.167     1.721    
    OLOGIC_X1Y15         OSERDESE2 (Hold_oserdese2_CLKDIV_D2)
                                                      0.019     1.740    u_ddr3/u_mig_7series_0/u_mig_7series_0_mig/u_memc_ui_top_axi/mem_intfc0/ddr_phy_top0/u_ddr_mc_phy_wrapper/u_ddr_mc_phy/ddr_phy_4lanes_0.u_ddr_phy_4lanes/ddr_byte_lane_B.ddr_byte_lane_B/ddr_byte_group_io/output_[2].oserdes_dq_.sdr.oserdes_dq_i
  -------------------------------------------------------------------
                         required time                         -1.740    
                         arrival time                           1.832    
  -------------------------------------------------------------------
                         slack                                  0.092    





Pulse Width Checks
--------------------------------------------------------------------------------------
Clock Name:         oserdes_clkdiv_1
Waveform(ns):       { 0.000 5.000 }
Period(ns):         10.000
Sources:            { u_ddr3/u_mig_7series_0/u_mig_7series_0_mig/u_memc_ui_top_axi/mem_intfc0/ddr_phy_top0/u_ddr_mc_phy_wrapper/u_ddr_mc_phy/ddr_phy_4lanes_0.u_ddr_phy_4lanes/ddr_byte_lane_B.ddr_byte_lane_B/phaser_out/OCLKDIV }

Check Type        Corner  Lib Pin         Reference Pin  Required(ns)  Actual(ns)  Slack(ns)  Location       Pin
Min Period        n/a     OUT_FIFO/RDCLK  n/a            5.000         10.000      5.000      OUT_FIFO_X1Y1  u_ddr3/u_mig_7series_0/u_mig_7series_0_mig/u_memc_ui_top_axi/mem_intfc0/ddr_phy_top0/u_ddr_mc_phy_wrapper/u_ddr_mc_phy/ddr_phy_4lanes_0.u_ddr_phy_4lanes/ddr_byte_lane_B.ddr_byte_lane_B/out_fifo/RDCLK
Low Pulse Width   Fast    OUT_FIFO/RDCLK  n/a            2.150         5.000       2.850      OUT_FIFO_X1Y1  u_ddr3/u_mig_7series_0/u_mig_7series_0_mig/u_memc_ui_top_axi/mem_intfc0/ddr_phy_top0/u_ddr_mc_phy_wrapper/u_ddr_mc_phy/ddr_phy_4lanes_0.u_ddr_phy_4lanes/ddr_byte_lane_B.ddr_byte_lane_B/out_fifo/RDCLK
High Pulse Width  Slow    OUT_FIFO/RDCLK  n/a            2.150         5.000       2.850      OUT_FIFO_X1Y1  u_ddr3/u_mig_7series_0/u_mig_7series_0_mig/u_memc_ui_top_axi/mem_intfc0/ddr_phy_top0/u_ddr_mc_phy_wrapper/u_ddr_mc_phy/ddr_phy_4lanes_0.u_ddr_phy_4lanes/ddr_byte_lane_B.ddr_byte_lane_B/out_fifo/RDCLK



---------------------------------------------------------------------------------------------------
From Clock:  oserdes_clk_2
  To Clock:  oserdes_clk_2

Setup :            0  Failing Endpoints,  Worst Slack        1.189ns,  Total Violation        0.000ns
Hold  :            0  Failing Endpoints,  Worst Slack        0.411ns,  Total Violation        0.000ns
PW    :            0  Failing Endpoints,  Worst Slack        1.026ns,  Total Violation        0.000ns
---------------------------------------------------------------------------------------------------


Max Delay Paths
--------------------------------------------------------------------------------------
Slack (MET) :             1.189ns  (required time - arrival time)
  Source:                 u_ddr3/u_mig_7series_0/u_mig_7series_0_mig/u_memc_ui_top_axi/mem_intfc0/ddr_phy_top0/u_ddr_mc_phy_wrapper/u_ddr_mc_phy/ddr_phy_4lanes_0.u_ddr_phy_4lanes/ddr_byte_lane_C.ddr_byte_lane_C/phaser_out/OCLKDELAYED
                            (rising edge-triggered cell PHASER_OUT_PHY clocked by oserdes_clk_2  {rise@0.000ns fall@1.250ns period=2.500ns})
  Destination:            u_ddr3/u_mig_7series_0/u_mig_7series_0_mig/u_memc_ui_top_axi/mem_intfc0/ddr_phy_top0/u_ddr_mc_phy_wrapper/u_ddr_mc_phy/ddr_phy_4lanes_0.u_ddr_phy_4lanes/ddr_byte_lane_C.ddr_byte_lane_C/ddr_byte_group_io/dqs_gen.oddr_dqsts/D1
                            (rising edge-triggered cell ODDR clocked by oserdes_clk_2  {rise@0.000ns fall@1.250ns period=2.500ns})
  Path Group:             oserdes_clk_2
  Path Type:              Setup (Max at Slow Process Corner)
  Requirement:            2.500ns  (oserdes_clk_2 rise@2.500ns - oserdes_clk_2 rise@0.000ns)
  Data Path Delay:        0.864ns  (logic 0.489ns (56.594%)  route 0.375ns (43.406%))
  Logic Levels:           0  
  Clock Path Skew:        0.336ns (DCD - SCD + CPR)
    Destination Clock Delay (DCD):    2.598ns = ( 5.098 - 2.500 ) 
    Source Clock Delay      (SCD):    2.825ns
    Clock Pessimism Removal (CPR):    0.564ns
  Clock Uncertainty:      0.060ns  ((TSJ^2 + DJ^2)^1/2) / 2 + PE
    Total System Jitter     (TSJ):    0.071ns
    Discrete Jitter          (DJ):    0.096ns
    Phase Error              (PE):    0.000ns

    Location             Delay type                Incr(ns)  Path(ns)    Netlist Resource(s)
  -------------------------------------------------------------------    -------------------
                         (clock oserdes_clk_2 rise edge)
                                                      0.000     0.000 r  
    Y18                                               0.000     0.000 r  Clk (IN)
                         net (fo=0)                   0.000     0.000    u_mmcm/inst/clk_in1
    Y18                  IBUF (Prop_ibuf_I_O)         1.427     1.427 r  u_mmcm/inst/clkin1_ibufg/O
                         net (fo=1, routed)           1.065     2.492    u_mmcm/inst/clk_in1_mmcm
    MMCME2_ADV_X0Y0      MMCME2_ADV (Prop_mmcme2_adv_CLKIN1_CLKOUT0)
                                                     -5.924    -3.433 r  u_mmcm/inst/mmcm_adv_inst/CLKOUT0
                         net (fo=1, routed)           1.425    -2.008    u_mmcm/inst/clk_out1_mmcm
    BUFGCTRL_X0Y1        BUFG (Prop_bufg_I_O)         0.081    -1.927 r  u_mmcm/inst/clkout1_buf/O
                         net (fo=63, routed)          1.408    -0.519    u_ddr3/u_mig_7series_0/u_mig_7series_0_mig/u_ddr3_infrastructure/CLK
    PLLE2_ADV_X1Y0       PLLE2_ADV (Prop_plle2_adv_CLKIN1_CLKOUT1)
                                                      0.077    -0.442 r  u_ddr3/u_mig_7series_0/u_mig_7series_0_mig/u_ddr3_infrastructure/plle2_i/CLKOUT1
                         net (fo=7, routed)           0.522     0.080    u_ddr3/u_mig_7series_0/u_mig_7series_0_mig/u_memc_ui_top_axi/mem_intfc0/ddr_phy_top0/u_ddr_mc_phy_wrapper/u_ddr_mc_phy/ddr_phy_4lanes_0.u_ddr_phy_4lanes/ddr_byte_lane_C.ddr_byte_lane_C/mem_refclk
    PHASER_OUT_PHY_X1Y2  PHASER_OUT_PHY (Prop_phaser_out_phy_MEMREFCLK_OCLK)
                                                      2.083     2.163 r  u_ddr3/u_mig_7series_0/u_mig_7series_0_mig/u_memc_ui_top_axi/mem_intfc0/ddr_phy_top0/u_ddr_mc_phy_wrapper/u_ddr_mc_phy/ddr_phy_4lanes_0.u_ddr_phy_4lanes/ddr_byte_lane_C.ddr_byte_lane_C/phaser_out/OCLK
    PHASER_OUT_PHY_X1Y2  PHASER_OUT_PHY (Prop_phaser_out_phy_OCLK_OCLKDELAYED)
                                                      0.662     2.825 r  u_ddr3/u_mig_7series_0/u_mig_7series_0_mig/u_memc_ui_top_axi/mem_intfc0/ddr_phy_top0/u_ddr_mc_phy_wrapper/u_ddr_mc_phy/ddr_phy_4lanes_0.u_ddr_phy_4lanes/ddr_byte_lane_C.ddr_byte_lane_C/phaser_out/OCLKDELAYED
  -------------------------------------------------------------------    -------------------
    PHASER_OUT_PHY_X1Y2  PHASER_OUT_PHY (Prop_phaser_out_phy_OCLKDELAYED_CTSBUS[0])
                                                      0.489     3.314 r  u_ddr3/u_mig_7series_0/u_mig_7series_0_mig/u_memc_ui_top_axi/mem_intfc0/ddr_phy_top0/u_ddr_mc_phy_wrapper/u_ddr_mc_phy/ddr_phy_4lanes_0.u_ddr_phy_4lanes/ddr_byte_lane_C.ddr_byte_lane_C/phaser_out/CTSBUS[0]
                         net (fo=2, routed)           0.375     3.689    u_ddr3/u_mig_7series_0/u_mig_7series_0_mig/u_memc_ui_top_axi/mem_intfc0/ddr_phy_top0/u_ddr_mc_phy_wrapper/u_ddr_mc_phy/ddr_phy_4lanes_0.u_ddr_phy_4lanes/ddr_byte_lane_C.ddr_byte_lane_C/ddr_byte_group_io/CTSBUS[0]
    OLOGIC_X1Y32         ODDR                                         r  u_ddr3/u_mig_7series_0/u_mig_7series_0_mig/u_memc_ui_top_axi/mem_intfc0/ddr_phy_top0/u_ddr_mc_phy_wrapper/u_ddr_mc_phy/ddr_phy_4lanes_0.u_ddr_phy_4lanes/ddr_byte_lane_C.ddr_byte_lane_C/ddr_byte_group_io/dqs_gen.oddr_dqsts/D1
  -------------------------------------------------------------------    -------------------

                         (clock oserdes_clk_2 rise edge)
                                                      2.500     2.500 r  
    Y18                                               0.000     2.500 r  Clk (IN)
                         net (fo=0)                   0.000     2.500    u_mmcm/inst/clk_in1
    Y18                  IBUF (Prop_ibuf_I_O)         1.361     3.861 r  u_mmcm/inst/clkin1_ibufg/O
                         net (fo=1, routed)           1.004     4.864    u_mmcm/inst/clk_in1_mmcm
    MMCME2_ADV_X0Y0      MMCME2_ADV (Prop_mmcme2_adv_CLKIN1_CLKOUT0)
                                                     -6.061    -1.197 r  u_mmcm/inst/mmcm_adv_inst/CLKOUT0
                         net (fo=1, routed)           1.357     0.161    u_mmcm/inst/clk_out1_mmcm
    BUFGCTRL_X0Y1        BUFG (Prop_bufg_I_O)         0.077     0.238 r  u_mmcm/inst/clkout1_buf/O
                         net (fo=63, routed)          1.304     1.541    u_ddr3/u_mig_7series_0/u_mig_7series_0_mig/u_ddr3_infrastructure/CLK
    PLLE2_ADV_X1Y0       PLLE2_ADV (Prop_plle2_adv_CLKIN1_CLKOUT1)
                                                      0.073     1.614 r  u_ddr3/u_mig_7series_0/u_mig_7series_0_mig/u_ddr3_infrastructure/plle2_i/CLKOUT1
                         net (fo=7, routed)           0.496     2.110    u_ddr3/u_mig_7series_0/u_mig_7series_0_mig/u_memc_ui_top_axi/mem_intfc0/ddr_phy_top0/u_ddr_mc_phy_wrapper/u_ddr_mc_phy/ddr_phy_4lanes_0.u_ddr_phy_4lanes/ddr_byte_lane_C.ddr_byte_lane_C/mem_refclk
    PHASER_OUT_PHY_X1Y2  PHASER_OUT_PHY (Prop_phaser_out_phy_MEMREFCLK_OCLK)
                                                      2.027     4.137 r  u_ddr3/u_mig_7series_0/u_mig_7series_0_mig/u_memc_ui_top_axi/mem_intfc0/ddr_phy_top0/u_ddr_mc_phy_wrapper/u_ddr_mc_phy/ddr_phy_4lanes_0.u_ddr_phy_4lanes/ddr_byte_lane_C.ddr_byte_lane_C/phaser_out/OCLK
    PHASER_OUT_PHY_X1Y2  PHASER_OUT_PHY (Prop_phaser_out_phy_OCLK_OCLKDELAYED)
                                                      0.624     4.762 r  u_ddr3/u_mig_7series_0/u_mig_7series_0_mig/u_memc_ui_top_axi/mem_intfc0/ddr_phy_top0/u_ddr_mc_phy_wrapper/u_ddr_mc_phy/ddr_phy_4lanes_0.u_ddr_phy_4lanes/ddr_byte_lane_C.ddr_byte_lane_C/phaser_out/OCLKDELAYED
                         net (fo=2, routed)           0.336     5.098    u_ddr3/u_mig_7series_0/u_mig_7series_0_mig/u_memc_ui_top_axi/mem_intfc0/ddr_phy_top0/u_ddr_mc_phy_wrapper/u_ddr_mc_phy/ddr_phy_4lanes_0.u_ddr_phy_4lanes/ddr_byte_lane_C.ddr_byte_lane_C/ddr_byte_group_io/oserdes_clk_delayed
    OLOGIC_X1Y32         ODDR                                         r  u_ddr3/u_mig_7series_0/u_mig_7series_0_mig/u_memc_ui_top_axi/mem_intfc0/ddr_phy_top0/u_ddr_mc_phy_wrapper/u_ddr_mc_phy/ddr_phy_4lanes_0.u_ddr_phy_4lanes/ddr_byte_lane_C.ddr_byte_lane_C/ddr_byte_group_io/dqs_gen.oddr_dqsts/C
                         clock pessimism              0.564     5.661    
                         clock uncertainty           -0.060     5.602    
    OLOGIC_X1Y32         ODDR (Setup_oddr_C_D1)      -0.723     4.879    u_ddr3/u_mig_7series_0/u_mig_7series_0_mig/u_memc_ui_top_axi/mem_intfc0/ddr_phy_top0/u_ddr_mc_phy_wrapper/u_ddr_mc_phy/ddr_phy_4lanes_0.u_ddr_phy_4lanes/ddr_byte_lane_C.ddr_byte_lane_C/ddr_byte_group_io/dqs_gen.oddr_dqsts
  -------------------------------------------------------------------
                         required time                          4.879    
                         arrival time                          -3.689    
  -------------------------------------------------------------------
                         slack                                  1.189    





Min Delay Paths
--------------------------------------------------------------------------------------
Slack (MET) :             0.411ns  (arrival time - required time)
  Source:                 u_ddr3/u_mig_7series_0/u_mig_7series_0_mig/u_memc_ui_top_axi/mem_intfc0/ddr_phy_top0/u_ddr_mc_phy_wrapper/u_ddr_mc_phy/ddr_phy_4lanes_0.u_ddr_phy_4lanes/ddr_byte_lane_C.ddr_byte_lane_C/phaser_out/OCLKDELAYED
                            (rising edge-triggered cell PHASER_OUT_PHY clocked by oserdes_clk_2  {rise@0.000ns fall@1.250ns period=2.500ns})
  Destination:            u_ddr3/u_mig_7series_0/u_mig_7series_0_mig/u_memc_ui_top_axi/mem_intfc0/ddr_phy_top0/u_ddr_mc_phy_wrapper/u_ddr_mc_phy/ddr_phy_4lanes_0.u_ddr_phy_4lanes/ddr_byte_lane_C.ddr_byte_lane_C/ddr_byte_group_io/dqs_gen.oddr_dqs/D2
                            (rising edge-triggered cell ODDR clocked by oserdes_clk_2  {rise@0.000ns fall@1.250ns period=2.500ns})
  Path Group:             oserdes_clk_2
  Path Type:              Hold (Min at Fast Process Corner)
  Requirement:            0.000ns  (oserdes_clk_2 rise@0.000ns - oserdes_clk_2 rise@0.000ns)
  Data Path Delay:        0.494ns  (logic 0.346ns (70.032%)  route 0.148ns (29.968%))
  Logic Levels:           0  
  Clock Path Skew:        0.176ns (DCD - SCD - CPR)
    Destination Clock Delay (DCD):    2.049ns
    Source Clock Delay      (SCD):    2.009ns
    Clock Pessimism Removal (CPR):    -0.137ns

    Location             Delay type                Incr(ns)  Path(ns)    Netlist Resource(s)
  -------------------------------------------------------------------    -------------------
                         (clock oserdes_clk_2 rise edge)
                                                      0.000     0.000 r  
    Y18                                               0.000     0.000 r  Clk (IN)
                         net (fo=0)                   0.000     0.000    u_mmcm/inst/clk_in1
    Y18                  IBUF (Prop_ibuf_I_O)         0.264     0.264 r  u_mmcm/inst/clkin1_ibufg/O
                         net (fo=1, routed)           0.440     0.704    u_mmcm/inst/clk_in1_mmcm
    MMCME2_ADV_X0Y0      MMCME2_ADV (Prop_mmcme2_adv_CLKIN1_CLKOUT0)
                                                     -2.362    -1.659 r  u_mmcm/inst/mmcm_adv_inst/CLKOUT0
                         net (fo=1, routed)           0.489    -1.170    u_mmcm/inst/clk_out1_mmcm
    BUFGCTRL_X0Y1        BUFG (Prop_bufg_I_O)         0.026    -1.144 r  u_mmcm/inst/clkout1_buf/O
                         net (fo=63, routed)          0.554    -0.590    u_ddr3/u_mig_7series_0/u_mig_7series_0_mig/u_ddr3_infrastructure/CLK
    PLLE2_ADV_X1Y0       PLLE2_ADV (Prop_plle2_adv_CLKIN1_CLKOUT1)
                                                      0.050    -0.540 r  u_ddr3/u_mig_7series_0/u_mig_7series_0_mig/u_ddr3_infrastructure/plle2_i/CLKOUT1
                         net (fo=7, routed)           0.197    -0.343    u_ddr3/u_mig_7series_0/u_mig_7series_0_mig/u_memc_ui_top_axi/mem_intfc0/ddr_phy_top0/u_ddr_mc_phy_wrapper/u_ddr_mc_phy/ddr_phy_4lanes_0.u_ddr_phy_4lanes/ddr_byte_lane_C.ddr_byte_lane_C/mem_refclk
    PHASER_OUT_PHY_X1Y2  PHASER_OUT_PHY (Prop_phaser_out_phy_MEMREFCLK_OCLK)
                                                      1.813     1.470 r  u_ddr3/u_mig_7series_0/u_mig_7series_0_mig/u_memc_ui_top_axi/mem_intfc0/ddr_phy_top0/u_ddr_mc_phy_wrapper/u_ddr_mc_phy/ddr_phy_4lanes_0.u_ddr_phy_4lanes/ddr_byte_lane_C.ddr_byte_lane_C/phaser_out/OCLK
    PHASER_OUT_PHY_X1Y2  PHASER_OUT_PHY (Prop_phaser_out_phy_OCLK_OCLKDELAYED)
                                                      0.539     2.009 r  u_ddr3/u_mig_7series_0/u_mig_7series_0_mig/u_memc_ui_top_axi/mem_intfc0/ddr_phy_top0/u_ddr_mc_phy_wrapper/u_ddr_mc_phy/ddr_phy_4lanes_0.u_ddr_phy_4lanes/ddr_byte_lane_C.ddr_byte_lane_C/phaser_out/OCLKDELAYED
  -------------------------------------------------------------------    -------------------
    PHASER_OUT_PHY_X1Y2  PHASER_OUT_PHY (Prop_phaser_out_phy_OCLKDELAYED_DQSBUS[1])
                                                      0.346     2.355 r  u_ddr3/u_mig_7series_0/u_mig_7series_0_mig/u_memc_ui_top_axi/mem_intfc0/ddr_phy_top0/u_ddr_mc_phy_wrapper/u_ddr_mc_phy/ddr_phy_4lanes_0.u_ddr_phy_4lanes/ddr_byte_lane_C.ddr_byte_lane_C/phaser_out/DQSBUS[1]
                         net (fo=1, routed)           0.148     2.503    u_ddr3/u_mig_7series_0/u_mig_7series_0_mig/u_memc_ui_top_axi/mem_intfc0/ddr_phy_top0/u_ddr_mc_phy_wrapper/u_ddr_mc_phy/ddr_phy_4lanes_0.u_ddr_phy_4lanes/ddr_byte_lane_C.ddr_byte_lane_C/ddr_byte_group_io/DQSBUS[1]
    OLOGIC_X1Y32         ODDR                                         r  u_ddr3/u_mig_7series_0/u_mig_7series_0_mig/u_memc_ui_top_axi/mem_intfc0/ddr_phy_top0/u_ddr_mc_phy_wrapper/u_ddr_mc_phy/ddr_phy_4lanes_0.u_ddr_phy_4lanes/ddr_byte_lane_C.ddr_byte_lane_C/ddr_byte_group_io/dqs_gen.oddr_dqs/D2
  -------------------------------------------------------------------    -------------------

                         (clock oserdes_clk_2 rise edge)
                                                      0.000     0.000 r  
    Y18                                               0.000     0.000 r  Clk (IN)
                         net (fo=0)                   0.000     0.000    u_mmcm/inst/clk_in1
    Y18                  IBUF (Prop_ibuf_I_O)         0.452     0.452 r  u_mmcm/inst/clkin1_ibufg/O
                         net (fo=1, routed)           0.480     0.932    u_mmcm/inst/clk_in1_mmcm
    MMCME2_ADV_X0Y0      MMCME2_ADV (Prop_mmcme2_adv_CLKIN1_CLKOUT0)
                                                     -3.145    -2.214 r  u_mmcm/inst/mmcm_adv_inst/CLKOUT0
                         net (fo=1, routed)           0.534    -1.680    u_mmcm/inst/clk_out1_mmcm
    BUFGCTRL_X0Y1        BUFG (Prop_bufg_I_O)         0.029    -1.651 r  u_mmcm/inst/clkout1_buf/O
                         net (fo=63, routed)          0.822    -0.829    u_ddr3/u_mig_7series_0/u_mig_7series_0_mig/u_ddr3_infrastructure/CLK
    PLLE2_ADV_X1Y0       PLLE2_ADV (Prop_plle2_adv_CLKIN1_CLKOUT1)
                                                      0.053    -0.776 r  u_ddr3/u_mig_7series_0/u_mig_7series_0_mig/u_ddr3_infrastructure/plle2_i/CLKOUT1
                         net (fo=7, routed)           0.218    -0.558    u_ddr3/u_mig_7series_0/u_mig_7series_0_mig/u_memc_ui_top_axi/mem_intfc0/ddr_phy_top0/u_ddr_mc_phy_wrapper/u_ddr_mc_phy/ddr_phy_4lanes_0.u_ddr_phy_4lanes/ddr_byte_lane_C.ddr_byte_lane_C/mem_refclk
    PHASER_OUT_PHY_X1Y2  PHASER_OUT_PHY (Prop_phaser_out_phy_MEMREFCLK_OCLK)
                                                      1.858     1.300 r  u_ddr3/u_mig_7series_0/u_mig_7series_0_mig/u_memc_ui_top_axi/mem_intfc0/ddr_phy_top0/u_ddr_mc_phy_wrapper/u_ddr_mc_phy/ddr_phy_4lanes_0.u_ddr_phy_4lanes/ddr_byte_lane_C.ddr_byte_lane_C/phaser_out/OCLK
    PHASER_OUT_PHY_X1Y2  PHASER_OUT_PHY (Prop_phaser_out_phy_OCLK_OCLKDELAYED)
                                                      0.573     1.873 r  u_ddr3/u_mig_7series_0/u_mig_7series_0_mig/u_memc_ui_top_axi/mem_intfc0/ddr_phy_top0/u_ddr_mc_phy_wrapper/u_ddr_mc_phy/ddr_phy_4lanes_0.u_ddr_phy_4lanes/ddr_byte_lane_C.ddr_byte_lane_C/phaser_out/OCLKDELAYED
                         net (fo=2, routed)           0.176     2.049    u_ddr3/u_mig_7series_0/u_mig_7series_0_mig/u_memc_ui_top_axi/mem_intfc0/ddr_phy_top0/u_ddr_mc_phy_wrapper/u_ddr_mc_phy/ddr_phy_4lanes_0.u_ddr_phy_4lanes/ddr_byte_lane_C.ddr_byte_lane_C/ddr_byte_group_io/oserdes_clk_delayed
    OLOGIC_X1Y32         ODDR                                         r  u_ddr3/u_mig_7series_0/u_mig_7series_0_mig/u_memc_ui_top_axi/mem_intfc0/ddr_phy_top0/u_ddr_mc_phy_wrapper/u_ddr_mc_phy/ddr_phy_4lanes_0.u_ddr_phy_4lanes/ddr_byte_lane_C.ddr_byte_lane_C/ddr_byte_group_io/dqs_gen.oddr_dqs/C
                         clock pessimism              0.137     2.185    
    OLOGIC_X1Y32         ODDR (Hold_oddr_C_D2)       -0.093     2.092    u_ddr3/u_mig_7series_0/u_mig_7series_0_mig/u_memc_ui_top_axi/mem_intfc0/ddr_phy_top0/u_ddr_mc_phy_wrapper/u_ddr_mc_phy/ddr_phy_4lanes_0.u_ddr_phy_4lanes/ddr_byte_lane_C.ddr_byte_lane_C/ddr_byte_group_io/dqs_gen.oddr_dqs
  -------------------------------------------------------------------
                         required time                         -2.092    
                         arrival time                           2.503    
  -------------------------------------------------------------------
                         slack                                  0.411    





Pulse Width Checks
--------------------------------------------------------------------------------------
Clock Name:         oserdes_clk_2
Waveform(ns):       { 0.000 1.250 }
Period(ns):         2.500
Sources:            { u_ddr3/u_mig_7series_0/u_mig_7series_0_mig/u_memc_ui_top_axi/mem_intfc0/ddr_phy_top0/u_ddr_mc_phy_wrapper/u_ddr_mc_phy/ddr_phy_4lanes_0.u_ddr_phy_4lanes/ddr_byte_lane_C.ddr_byte_lane_C/phaser_out/OCLK }

Check Type  Corner  Lib Pin  Reference Pin  Required(ns)  Actual(ns)  Slack(ns)  Location      Pin
Min Period  n/a     ODDR/C   n/a            1.474         2.500       1.026      OLOGIC_X1Y32  u_ddr3/u_mig_7series_0/u_mig_7series_0_mig/u_memc_ui_top_axi/mem_intfc0/ddr_phy_top0/u_ddr_mc_phy_wrapper/u_ddr_mc_phy/ddr_phy_4lanes_0.u_ddr_phy_4lanes/ddr_byte_lane_C.ddr_byte_lane_C/ddr_byte_group_io/dqs_gen.oddr_dqs/C



---------------------------------------------------------------------------------------------------
From Clock:  oserdes_clkdiv_2
  To Clock:  oserdes_clkdiv_2

Setup :            0  Failing Endpoints,  Worst Slack        3.863ns,  Total Violation        0.000ns
Hold  :            0  Failing Endpoints,  Worst Slack        0.090ns,  Total Violation        0.000ns
PW    :            0  Failing Endpoints,  Worst Slack        0.000ns,  Total Violation        0.000ns
---------------------------------------------------------------------------------------------------


Max Delay Paths
--------------------------------------------------------------------------------------
Slack (MET) :             3.863ns  (required time - arrival time)
  Source:                 u_ddr3/u_mig_7series_0/u_mig_7series_0_mig/u_memc_ui_top_axi/mem_intfc0/ddr_phy_top0/u_ddr_mc_phy_wrapper/u_ddr_mc_phy/ddr_phy_4lanes_0.u_ddr_phy_4lanes/ddr_byte_lane_C.ddr_byte_lane_C/out_fifo/RDCLK
                            (rising edge-triggered cell OUT_FIFO clocked by oserdes_clkdiv_2  {rise@0.000ns fall@2.500ns period=5.000ns})
  Destination:            u_ddr3/u_mig_7series_0/u_mig_7series_0_mig/u_memc_ui_top_axi/mem_intfc0/ddr_phy_top0/u_ddr_mc_phy_wrapper/u_ddr_mc_phy/ddr_phy_4lanes_0.u_ddr_phy_4lanes/ddr_byte_lane_C.ddr_byte_lane_C/ddr_byte_group_io/output_[6].oserdes_dq_.ddr.oserdes_dq_i/D1
                            (rising edge-triggered cell OSERDESE2 clocked by oserdes_clkdiv_2  {rise@0.000ns fall@2.500ns period=5.000ns})
  Path Group:             oserdes_clkdiv_2
  Path Type:              Setup (Max at Slow Process Corner)
  Requirement:            5.000ns  (oserdes_clkdiv_2 rise@5.000ns - oserdes_clkdiv_2 rise@0.000ns)
  Data Path Delay:        0.964ns  (logic 0.596ns (61.822%)  route 0.368ns (38.178%))
  Logic Levels:           0  
  Clock Path Skew:        0.336ns (DCD - SCD + CPR)
    Destination Clock Delay (DCD):    2.106ns = ( 7.106 - 5.000 ) 
    Source Clock Delay      (SCD):    2.304ns
    Clock Pessimism Removal (CPR):    0.534ns
  Clock Uncertainty:      0.060ns  ((TSJ^2 + DJ^2)^1/2) / 2 + PE
    Total System Jitter     (TSJ):    0.071ns
    Discrete Jitter          (DJ):    0.096ns
    Phase Error              (PE):    0.000ns

    Location             Delay type                Incr(ns)  Path(ns)    Netlist Resource(s)
  -------------------------------------------------------------------    -------------------
                         (clock oserdes_clkdiv_2 rise edge)
                                                      0.000     0.000 r  
    Y18                                               0.000     0.000 r  Clk (IN)
                         net (fo=0)                   0.000     0.000    u_mmcm/inst/clk_in1
    Y18                  IBUF (Prop_ibuf_I_O)         1.427     1.427 r  u_mmcm/inst/clkin1_ibufg/O
                         net (fo=1, routed)           1.065     2.492    u_mmcm/inst/clk_in1_mmcm
    MMCME2_ADV_X0Y0      MMCME2_ADV (Prop_mmcme2_adv_CLKIN1_CLKOUT0)
                                                     -5.924    -3.433 r  u_mmcm/inst/mmcm_adv_inst/CLKOUT0
                         net (fo=1, routed)           1.425    -2.008    u_mmcm/inst/clk_out1_mmcm
    BUFGCTRL_X0Y1        BUFG (Prop_bufg_I_O)         0.081    -1.927 r  u_mmcm/inst/clkout1_buf/O
                         net (fo=63, routed)          1.408    -0.519    u_ddr3/u_mig_7series_0/u_mig_7series_0_mig/u_ddr3_infrastructure/CLK
    PLLE2_ADV_X1Y0       PLLE2_ADV (Prop_plle2_adv_CLKIN1_CLKOUT1)
                                                      0.077    -0.442 r  u_ddr3/u_mig_7series_0/u_mig_7series_0_mig/u_ddr3_infrastructure/plle2_i/CLKOUT1
                         net (fo=7, routed)           0.522     0.080    u_ddr3/u_mig_7series_0/u_mig_7series_0_mig/u_memc_ui_top_axi/mem_intfc0/ddr_phy_top0/u_ddr_mc_phy_wrapper/u_ddr_mc_phy/ddr_phy_4lanes_0.u_ddr_phy_4lanes/ddr_byte_lane_C.ddr_byte_lane_C/mem_refclk
    PHASER_OUT_PHY_X1Y2  PHASER_OUT_PHY (Prop_phaser_out_phy_MEMREFCLK_OCLK)
                                                      2.083     2.163 r  u_ddr3/u_mig_7series_0/u_mig_7series_0_mig/u_memc_ui_top_axi/mem_intfc0/ddr_phy_top0/u_ddr_mc_phy_wrapper/u_ddr_mc_phy/ddr_phy_4lanes_0.u_ddr_phy_4lanes/ddr_byte_lane_C.ddr_byte_lane_C/phaser_out/OCLK
    PHASER_OUT_PHY_X1Y2  PHASER_OUT_PHY (Prop_phaser_out_phy_OCLK_OCLKDIV)
                                                      0.141     2.304 r  u_ddr3/u_mig_7series_0/u_mig_7series_0_mig/u_memc_ui_top_axi/mem_intfc0/ddr_phy_top0/u_ddr_mc_phy_wrapper/u_ddr_mc_phy/ddr_phy_4lanes_0.u_ddr_phy_4lanes/ddr_byte_lane_C.ddr_byte_lane_C/phaser_out/OCLKDIV
                         net (fo=11, routed)          0.000     2.304    u_ddr3/u_mig_7series_0/u_mig_7series_0_mig/u_memc_ui_top_axi/mem_intfc0/ddr_phy_top0/u_ddr_mc_phy_wrapper/u_ddr_mc_phy/ddr_phy_4lanes_0.u_ddr_phy_4lanes/ddr_byte_lane_C.ddr_byte_lane_C/oserdes_clkdiv
    OUT_FIFO_X1Y2        OUT_FIFO                                     r  u_ddr3/u_mig_7series_0/u_mig_7series_0_mig/u_memc_ui_top_axi/mem_intfc0/ddr_phy_top0/u_ddr_mc_phy_wrapper/u_ddr_mc_phy/ddr_phy_4lanes_0.u_ddr_phy_4lanes/ddr_byte_lane_C.ddr_byte_lane_C/out_fifo/RDCLK
  -------------------------------------------------------------------    -------------------
    OUT_FIFO_X1Y2        OUT_FIFO (Prop_out_fifo_RDCLK_Q6[0])
                                                      0.596     2.900 r  u_ddr3/u_mig_7series_0/u_mig_7series_0_mig/u_memc_ui_top_axi/mem_intfc0/ddr_phy_top0/u_ddr_mc_phy_wrapper/u_ddr_mc_phy/ddr_phy_4lanes_0.u_ddr_phy_4lanes/ddr_byte_lane_C.ddr_byte_lane_C/out_fifo/Q6[0]
                         net (fo=1, routed)           0.368     3.268    u_ddr3/u_mig_7series_0/u_mig_7series_0_mig/u_memc_ui_top_axi/mem_intfc0/ddr_phy_top0/u_ddr_mc_phy_wrapper/u_ddr_mc_phy/ddr_phy_4lanes_0.u_ddr_phy_4lanes/ddr_byte_lane_C.ddr_byte_lane_C/ddr_byte_group_io/of_dqbus[20]
    OLOGIC_X1Y33         OSERDESE2                                    r  u_ddr3/u_mig_7series_0/u_mig_7series_0_mig/u_memc_ui_top_axi/mem_intfc0/ddr_phy_top0/u_ddr_mc_phy_wrapper/u_ddr_mc_phy/ddr_phy_4lanes_0.u_ddr_phy_4lanes/ddr_byte_lane_C.ddr_byte_lane_C/ddr_byte_group_io/output_[6].oserdes_dq_.ddr.oserdes_dq_i/D1
  -------------------------------------------------------------------    -------------------

                         (clock oserdes_clkdiv_2 rise edge)
                                                      5.000     5.000 r  
    Y18                                               0.000     5.000 r  Clk (IN)
                         net (fo=0)                   0.000     5.000    u_mmcm/inst/clk_in1
    Y18                  IBUF (Prop_ibuf_I_O)         1.361     6.361 r  u_mmcm/inst/clkin1_ibufg/O
                         net (fo=1, routed)           1.004     7.364    u_mmcm/inst/clk_in1_mmcm
    MMCME2_ADV_X0Y0      MMCME2_ADV (Prop_mmcme2_adv_CLKIN1_CLKOUT0)
                                                     -6.061     1.303 r  u_mmcm/inst/mmcm_adv_inst/CLKOUT0
                         net (fo=1, routed)           1.357     2.661    u_mmcm/inst/clk_out1_mmcm
    BUFGCTRL_X0Y1        BUFG (Prop_bufg_I_O)         0.077     2.738 r  u_mmcm/inst/clkout1_buf/O
                         net (fo=63, routed)          1.304     4.041    u_ddr3/u_mig_7series_0/u_mig_7series_0_mig/u_ddr3_infrastructure/CLK
    PLLE2_ADV_X1Y0       PLLE2_ADV (Prop_plle2_adv_CLKIN1_CLKOUT1)
                                                      0.073     4.114 r  u_ddr3/u_mig_7series_0/u_mig_7series_0_mig/u_ddr3_infrastructure/plle2_i/CLKOUT1
                         net (fo=7, routed)           0.496     4.610    u_ddr3/u_mig_7series_0/u_mig_7series_0_mig/u_memc_ui_top_axi/mem_intfc0/ddr_phy_top0/u_ddr_mc_phy_wrapper/u_ddr_mc_phy/ddr_phy_4lanes_0.u_ddr_phy_4lanes/ddr_byte_lane_C.ddr_byte_lane_C/mem_refclk
    PHASER_OUT_PHY_X1Y2  PHASER_OUT_PHY (Prop_phaser_out_phy_MEMREFCLK_OCLK)
                                                      2.027     6.637 r  u_ddr3/u_mig_7series_0/u_mig_7series_0_mig/u_memc_ui_top_axi/mem_intfc0/ddr_phy_top0/u_ddr_mc_phy_wrapper/u_ddr_mc_phy/ddr_phy_4lanes_0.u_ddr_phy_4lanes/ddr_byte_lane_C.ddr_byte_lane_C/phaser_out/OCLK
    PHASER_OUT_PHY_X1Y2  PHASER_OUT_PHY (Prop_phaser_out_phy_OCLK_OCLKDIV)
                                                      0.133     6.770 r  u_ddr3/u_mig_7series_0/u_mig_7series_0_mig/u_memc_ui_top_axi/mem_intfc0/ddr_phy_top0/u_ddr_mc_phy_wrapper/u_ddr_mc_phy/ddr_phy_4lanes_0.u_ddr_phy_4lanes/ddr_byte_lane_C.ddr_byte_lane_C/phaser_out/OCLKDIV
                         net (fo=11, routed)          0.336     7.106    u_ddr3/u_mig_7series_0/u_mig_7series_0_mig/u_memc_ui_top_axi/mem_intfc0/ddr_phy_top0/u_ddr_mc_phy_wrapper/u_ddr_mc_phy/ddr_phy_4lanes_0.u_ddr_phy_4lanes/ddr_byte_lane_C.ddr_byte_lane_C/ddr_byte_group_io/oserdes_clkdiv
    OLOGIC_X1Y33         OSERDESE2                                    r  u_ddr3/u_mig_7series_0/u_mig_7series_0_mig/u_memc_ui_top_axi/mem_intfc0/ddr_phy_top0/u_ddr_mc_phy_wrapper/u_ddr_mc_phy/ddr_phy_4lanes_0.u_ddr_phy_4lanes/ddr_byte_lane_C.ddr_byte_lane_C/ddr_byte_group_io/output_[6].oserdes_dq_.ddr.oserdes_dq_i/CLKDIV
                         clock pessimism              0.534     7.640    
                         clock uncertainty           -0.060     7.580    
    OLOGIC_X1Y33         OSERDESE2 (Setup_oserdese2_CLKDIV_D1)
                                                     -0.449     7.131    u_ddr3/u_mig_7series_0/u_mig_7series_0_mig/u_memc_ui_top_axi/mem_intfc0/ddr_phy_top0/u_ddr_mc_phy_wrapper/u_ddr_mc_phy/ddr_phy_4lanes_0.u_ddr_phy_4lanes/ddr_byte_lane_C.ddr_byte_lane_C/ddr_byte_group_io/output_[6].oserdes_dq_.ddr.oserdes_dq_i
  -------------------------------------------------------------------
                         required time                          7.131    
                         arrival time                          -3.268    
  -------------------------------------------------------------------
                         slack                                  3.863    





Min Delay Paths
--------------------------------------------------------------------------------------
Slack (MET) :             0.090ns  (arrival time - required time)
  Source:                 u_ddr3/u_mig_7series_0/u_mig_7series_0_mig/u_memc_ui_top_axi/mem_intfc0/ddr_phy_top0/u_ddr_mc_phy_wrapper/u_ddr_mc_phy/ddr_phy_4lanes_0.u_ddr_phy_4lanes/ddr_byte_lane_C.ddr_byte_lane_C/out_fifo/RDCLK
                            (rising edge-triggered cell OUT_FIFO clocked by oserdes_clkdiv_2  {rise@0.000ns fall@2.500ns period=5.000ns})
  Destination:            u_ddr3/u_mig_7series_0/u_mig_7series_0_mig/u_memc_ui_top_axi/mem_intfc0/ddr_phy_top0/u_ddr_mc_phy_wrapper/u_ddr_mc_phy/ddr_phy_4lanes_0.u_ddr_phy_4lanes/ddr_byte_lane_C.ddr_byte_lane_C/ddr_byte_group_io/output_[2].oserdes_dq_.ddr.oserdes_dq_i/D2
                            (rising edge-triggered cell OSERDESE2 clocked by oserdes_clkdiv_2  {rise@0.000ns fall@2.500ns period=5.000ns})
  Path Group:             oserdes_clkdiv_2
  Path Type:              Hold (Min at Fast Process Corner)
  Requirement:            0.000ns  (oserdes_clkdiv_2 rise@0.000ns - oserdes_clkdiv_2 rise@0.000ns)
  Data Path Delay:        0.286ns  (logic 0.138ns (48.242%)  route 0.148ns (51.758%))
  Logic Levels:           0  
  Clock Path Skew:        0.177ns (DCD - SCD - CPR)
    Destination Clock Delay (DCD):    1.565ns
    Source Clock Delay      (SCD):    1.553ns
    Clock Pessimism Removal (CPR):    -0.165ns

    Location             Delay type                Incr(ns)  Path(ns)    Netlist Resource(s)
  -------------------------------------------------------------------    -------------------
                         (clock oserdes_clkdiv_2 rise edge)
                                                      0.000     0.000 r  
    Y18                                               0.000     0.000 r  Clk (IN)
                         net (fo=0)                   0.000     0.000    u_mmcm/inst/clk_in1
    Y18                  IBUF (Prop_ibuf_I_O)         0.264     0.264 r  u_mmcm/inst/clkin1_ibufg/O
                         net (fo=1, routed)           0.440     0.704    u_mmcm/inst/clk_in1_mmcm
    MMCME2_ADV_X0Y0      MMCME2_ADV (Prop_mmcme2_adv_CLKIN1_CLKOUT0)
                                                     -2.362    -1.659 r  u_mmcm/inst/mmcm_adv_inst/CLKOUT0
                         net (fo=1, routed)           0.489    -1.170    u_mmcm/inst/clk_out1_mmcm
    BUFGCTRL_X0Y1        BUFG (Prop_bufg_I_O)         0.026    -1.144 r  u_mmcm/inst/clkout1_buf/O
                         net (fo=63, routed)          0.554    -0.590    u_ddr3/u_mig_7series_0/u_mig_7series_0_mig/u_ddr3_infrastructure/CLK
    PLLE2_ADV_X1Y0       PLLE2_ADV (Prop_plle2_adv_CLKIN1_CLKOUT1)
                                                      0.050    -0.540 r  u_ddr3/u_mig_7series_0/u_mig_7series_0_mig/u_ddr3_infrastructure/plle2_i/CLKOUT1
                         net (fo=7, routed)           0.197    -0.343    u_ddr3/u_mig_7series_0/u_mig_7series_0_mig/u_memc_ui_top_axi/mem_intfc0/ddr_phy_top0/u_ddr_mc_phy_wrapper/u_ddr_mc_phy/ddr_phy_4lanes_0.u_ddr_phy_4lanes/ddr_byte_lane_C.ddr_byte_lane_C/mem_refclk
    PHASER_OUT_PHY_X1Y2  PHASER_OUT_PHY (Prop_phaser_out_phy_MEMREFCLK_OCLK)
                                                      1.813     1.470 r  u_ddr3/u_mig_7series_0/u_mig_7series_0_mig/u_memc_ui_top_axi/mem_intfc0/ddr_phy_top0/u_ddr_mc_phy_wrapper/u_ddr_mc_phy/ddr_phy_4lanes_0.u_ddr_phy_4lanes/ddr_byte_lane_C.ddr_byte_lane_C/phaser_out/OCLK
    PHASER_OUT_PHY_X1Y2  PHASER_OUT_PHY (Prop_phaser_out_phy_OCLK_OCLKDIV)
                                                      0.083     1.553 r  u_ddr3/u_mig_7series_0/u_mig_7series_0_mig/u_memc_ui_top_axi/mem_intfc0/ddr_phy_top0/u_ddr_mc_phy_wrapper/u_ddr_mc_phy/ddr_phy_4lanes_0.u_ddr_phy_4lanes/ddr_byte_lane_C.ddr_byte_lane_C/phaser_out/OCLKDIV
                         net (fo=11, routed)          0.000     1.553    u_ddr3/u_mig_7series_0/u_mig_7series_0_mig/u_memc_ui_top_axi/mem_intfc0/ddr_phy_top0/u_ddr_mc_phy_wrapper/u_ddr_mc_phy/ddr_phy_4lanes_0.u_ddr_phy_4lanes/ddr_byte_lane_C.ddr_byte_lane_C/oserdes_clkdiv
    OUT_FIFO_X1Y2        OUT_FIFO                                     r  u_ddr3/u_mig_7series_0/u_mig_7series_0_mig/u_memc_ui_top_axi/mem_intfc0/ddr_phy_top0/u_ddr_mc_phy_wrapper/u_ddr_mc_phy/ddr_phy_4lanes_0.u_ddr_phy_4lanes/ddr_byte_lane_C.ddr_byte_lane_C/out_fifo/RDCLK
  -------------------------------------------------------------------    -------------------
    OUT_FIFO_X1Y2        OUT_FIFO (Prop_out_fifo_RDCLK_Q2[1])
                                                      0.138     1.691 r  u_ddr3/u_mig_7series_0/u_mig_7series_0_mig/u_memc_ui_top_axi/mem_intfc0/ddr_phy_top0/u_ddr_mc_phy_wrapper/u_ddr_mc_phy/ddr_phy_4lanes_0.u_ddr_phy_4lanes/ddr_byte_lane_C.ddr_byte_lane_C/out_fifo/Q2[1]
                         net (fo=1, routed)           0.148     1.839    u_ddr3/u_mig_7series_0/u_mig_7series_0_mig/u_memc_ui_top_axi/mem_intfc0/ddr_phy_top0/u_ddr_mc_phy_wrapper/u_ddr_mc_phy/ddr_phy_4lanes_0.u_ddr_phy_4lanes/ddr_byte_lane_C.ddr_byte_lane_C/ddr_byte_group_io/of_dqbus[5]
    OLOGIC_X1Y27         OSERDESE2                                    r  u_ddr3/u_mig_7series_0/u_mig_7series_0_mig/u_memc_ui_top_axi/mem_intfc0/ddr_phy_top0/u_ddr_mc_phy_wrapper/u_ddr_mc_phy/ddr_phy_4lanes_0.u_ddr_phy_4lanes/ddr_byte_lane_C.ddr_byte_lane_C/ddr_byte_group_io/output_[2].oserdes_dq_.ddr.oserdes_dq_i/D2
  -------------------------------------------------------------------    -------------------

                         (clock oserdes_clkdiv_2 rise edge)
                                                      0.000     0.000 r  
    Y18                                               0.000     0.000 r  Clk (IN)
                         net (fo=0)                   0.000     0.000    u_mmcm/inst/clk_in1
    Y18                  IBUF (Prop_ibuf_I_O)         0.452     0.452 r  u_mmcm/inst/clkin1_ibufg/O
                         net (fo=1, routed)           0.480     0.932    u_mmcm/inst/clk_in1_mmcm
    MMCME2_ADV_X0Y0      MMCME2_ADV (Prop_mmcme2_adv_CLKIN1_CLKOUT0)
                                                     -3.145    -2.214 r  u_mmcm/inst/mmcm_adv_inst/CLKOUT0
                         net (fo=1, routed)           0.534    -1.680    u_mmcm/inst/clk_out1_mmcm
    BUFGCTRL_X0Y1        BUFG (Prop_bufg_I_O)         0.029    -1.651 r  u_mmcm/inst/clkout1_buf/O
                         net (fo=63, routed)          0.822    -0.829    u_ddr3/u_mig_7series_0/u_mig_7series_0_mig/u_ddr3_infrastructure/CLK
    PLLE2_ADV_X1Y0       PLLE2_ADV (Prop_plle2_adv_CLKIN1_CLKOUT1)
                                                      0.053    -0.776 r  u_ddr3/u_mig_7series_0/u_mig_7series_0_mig/u_ddr3_infrastructure/plle2_i/CLKOUT1
                         net (fo=7, routed)           0.218    -0.558    u_ddr3/u_mig_7series_0/u_mig_7series_0_mig/u_memc_ui_top_axi/mem_intfc0/ddr_phy_top0/u_ddr_mc_phy_wrapper/u_ddr_mc_phy/ddr_phy_4lanes_0.u_ddr_phy_4lanes/ddr_byte_lane_C.ddr_byte_lane_C/mem_refclk
    PHASER_OUT_PHY_X1Y2  PHASER_OUT_PHY (Prop_phaser_out_phy_MEMREFCLK_OCLK)
                                                      1.858     1.300 r  u_ddr3/u_mig_7series_0/u_mig_7series_0_mig/u_memc_ui_top_axi/mem_intfc0/ddr_phy_top0/u_ddr_mc_phy_wrapper/u_ddr_mc_phy/ddr_phy_4lanes_0.u_ddr_phy_4lanes/ddr_byte_lane_C.ddr_byte_lane_C/phaser_out/OCLK
    PHASER_OUT_PHY_X1Y2  PHASER_OUT_PHY (Prop_phaser_out_phy_OCLK_OCLKDIV)
                                                      0.088     1.388 r  u_ddr3/u_mig_7series_0/u_mig_7series_0_mig/u_memc_ui_top_axi/mem_intfc0/ddr_phy_top0/u_ddr_mc_phy_wrapper/u_ddr_mc_phy/ddr_phy_4lanes_0.u_ddr_phy_4lanes/ddr_byte_lane_C.ddr_byte_lane_C/phaser_out/OCLKDIV
                         net (fo=11, routed)          0.177     1.565    u_ddr3/u_mig_7series_0/u_mig_7series_0_mig/u_memc_ui_top_axi/mem_intfc0/ddr_phy_top0/u_ddr_mc_phy_wrapper/u_ddr_mc_phy/ddr_phy_4lanes_0.u_ddr_phy_4lanes/ddr_byte_lane_C.ddr_byte_lane_C/ddr_byte_group_io/oserdes_clkdiv
    OLOGIC_X1Y27         OSERDESE2                                    r  u_ddr3/u_mig_7series_0/u_mig_7series_0_mig/u_memc_ui_top_axi/mem_intfc0/ddr_phy_top0/u_ddr_mc_phy_wrapper/u_ddr_mc_phy/ddr_phy_4lanes_0.u_ddr_phy_4lanes/ddr_byte_lane_C.ddr_byte_lane_C/ddr_byte_group_io/output_[2].oserdes_dq_.ddr.oserdes_dq_i/CLKDIV
                         clock pessimism              0.165     1.730    
    OLOGIC_X1Y27         OSERDESE2 (Hold_oserdese2_CLKDIV_D2)
                                                      0.019     1.749    u_ddr3/u_mig_7series_0/u_mig_7series_0_mig/u_memc_ui_top_axi/mem_intfc0/ddr_phy_top0/u_ddr_mc_phy_wrapper/u_ddr_mc_phy/ddr_phy_4lanes_0.u_ddr_phy_4lanes/ddr_byte_lane_C.ddr_byte_lane_C/ddr_byte_group_io/output_[2].oserdes_dq_.ddr.oserdes_dq_i
  -------------------------------------------------------------------
                         required time                         -1.749    
                         arrival time                           1.839    
  -------------------------------------------------------------------
                         slack                                  0.090    





Pulse Width Checks
--------------------------------------------------------------------------------------
Clock Name:         oserdes_clkdiv_2
Waveform(ns):       { 0.000 2.500 }
Period(ns):         5.000
Sources:            { u_ddr3/u_mig_7series_0/u_mig_7series_0_mig/u_memc_ui_top_axi/mem_intfc0/ddr_phy_top0/u_ddr_mc_phy_wrapper/u_ddr_mc_phy/ddr_phy_4lanes_0.u_ddr_phy_4lanes/ddr_byte_lane_C.ddr_byte_lane_C/phaser_out/OCLKDIV }

Check Type        Corner  Lib Pin         Reference Pin  Required(ns)  Actual(ns)  Slack(ns)  Location       Pin
Min Period        n/a     OUT_FIFO/RDCLK  n/a            5.000         5.000       0.000      OUT_FIFO_X1Y2  u_ddr3/u_mig_7series_0/u_mig_7series_0_mig/u_memc_ui_top_axi/mem_intfc0/ddr_phy_top0/u_ddr_mc_phy_wrapper/u_ddr_mc_phy/ddr_phy_4lanes_0.u_ddr_phy_4lanes/ddr_byte_lane_C.ddr_byte_lane_C/out_fifo/RDCLK
Low Pulse Width   Slow    OUT_FIFO/RDCLK  n/a            2.150         2.500       0.350      OUT_FIFO_X1Y2  u_ddr3/u_mig_7series_0/u_mig_7series_0_mig/u_memc_ui_top_axi/mem_intfc0/ddr_phy_top0/u_ddr_mc_phy_wrapper/u_ddr_mc_phy/ddr_phy_4lanes_0.u_ddr_phy_4lanes/ddr_byte_lane_C.ddr_byte_lane_C/out_fifo/RDCLK
High Pulse Width  Slow    OUT_FIFO/RDCLK  n/a            2.150         2.500       0.350      OUT_FIFO_X1Y2  u_ddr3/u_mig_7series_0/u_mig_7series_0_mig/u_memc_ui_top_axi/mem_intfc0/ddr_phy_top0/u_ddr_mc_phy_wrapper/u_ddr_mc_phy/ddr_phy_4lanes_0.u_ddr_phy_4lanes/ddr_byte_lane_C.ddr_byte_lane_C/out_fifo/RDCLK



---------------------------------------------------------------------------------------------------
From Clock:  oserdes_clk_3
  To Clock:  oserdes_clk_3

Setup :           NA  Failing Endpoints,  Worst Slack           NA  ,  Total Violation           NA
Hold  :           NA  Failing Endpoints,  Worst Slack           NA  ,  Total Violation           NA
PW    :            0  Failing Endpoints,  Worst Slack        1.026ns,  Total Violation        0.000ns
---------------------------------------------------------------------------------------------------


Pulse Width Checks
--------------------------------------------------------------------------------------
Clock Name:         oserdes_clk_3
Waveform(ns):       { 0.000 1.250 }
Period(ns):         2.500
Sources:            { u_ddr3/u_mig_7series_0/u_mig_7series_0_mig/u_memc_ui_top_axi/mem_intfc0/ddr_phy_top0/u_ddr_mc_phy_wrapper/u_ddr_mc_phy/ddr_phy_4lanes_0.u_ddr_phy_4lanes/ddr_byte_lane_D.ddr_byte_lane_D/phaser_out/OCLK }

Check Type  Corner  Lib Pin  Reference Pin  Required(ns)  Actual(ns)  Slack(ns)  Location      Pin
Min Period  n/a     ODDR/C   n/a            1.474         2.500       1.026      OLOGIC_X1Y44  u_ddr3/u_mig_7series_0/u_mig_7series_0_mig/u_memc_ui_top_axi/mem_intfc0/ddr_phy_top0/u_ddr_mc_phy_wrapper/u_ddr_mc_phy/ddr_phy_4lanes_0.u_ddr_phy_4lanes/ddr_byte_lane_D.ddr_byte_lane_D/ddr_ck_gen_loop[0].ddr_ck_gen.ddr_ck/C



---------------------------------------------------------------------------------------------------
From Clock:  oserdes_clkdiv_3
  To Clock:  oserdes_clkdiv_3

Setup :            0  Failing Endpoints,  Worst Slack        8.600ns,  Total Violation        0.000ns
Hold  :            0  Failing Endpoints,  Worst Slack        0.084ns,  Total Violation        0.000ns
PW    :            0  Failing Endpoints,  Worst Slack        2.850ns,  Total Violation        0.000ns
---------------------------------------------------------------------------------------------------


Max Delay Paths
--------------------------------------------------------------------------------------
Slack (MET) :             8.600ns  (required time - arrival time)
  Source:                 u_ddr3/u_mig_7series_0/u_mig_7series_0_mig/u_memc_ui_top_axi/mem_intfc0/ddr_phy_top0/u_ddr_mc_phy_wrapper/u_ddr_mc_phy/ddr_phy_4lanes_0.u_ddr_phy_4lanes/ddr_byte_lane_D.ddr_byte_lane_D/out_fifo/RDCLK
                            (rising edge-triggered cell OUT_FIFO clocked by oserdes_clkdiv_3  {rise@0.000ns fall@5.000ns period=10.000ns})
  Destination:            u_ddr3/u_mig_7series_0/u_mig_7series_0_mig/u_memc_ui_top_axi/mem_intfc0/ddr_phy_top0/u_ddr_mc_phy_wrapper/u_ddr_mc_phy/ddr_phy_4lanes_0.u_ddr_phy_4lanes/ddr_byte_lane_D.ddr_byte_lane_D/ddr_byte_group_io/output_[11].oserdes_dq_.sdr.oserdes_dq_i/D1
                            (rising edge-triggered cell OSERDESE2 clocked by oserdes_clkdiv_3  {rise@0.000ns fall@5.000ns period=10.000ns})
  Path Group:             oserdes_clkdiv_3
  Path Type:              Setup (Max at Slow Process Corner)
  Requirement:            10.000ns  (oserdes_clkdiv_3 rise@10.000ns - oserdes_clkdiv_3 rise@0.000ns)
  Data Path Delay:        1.243ns  (logic 0.596ns (47.934%)  route 0.647ns (52.066%))
  Logic Levels:           0  
  Clock Path Skew:        0.352ns (DCD - SCD + CPR)
    Destination Clock Delay (DCD):    2.112ns = ( 12.112 - 10.000 ) 
    Source Clock Delay      (SCD):    2.293ns
    Clock Pessimism Removal (CPR):    0.533ns
  Clock Uncertainty:      0.060ns  ((TSJ^2 + DJ^2)^1/2) / 2 + PE
    Total System Jitter     (TSJ):    0.071ns
    Discrete Jitter          (DJ):    0.096ns
    Phase Error              (PE):    0.000ns

    Location             Delay type                Incr(ns)  Path(ns)    Netlist Resource(s)
  -------------------------------------------------------------------    -------------------
                         (clock oserdes_clkdiv_3 rise edge)
                                                      0.000     0.000 r  
    Y18                                               0.000     0.000 r  Clk (IN)
                         net (fo=0)                   0.000     0.000    u_mmcm/inst/clk_in1
    Y18                  IBUF (Prop_ibuf_I_O)         1.427     1.427 r  u_mmcm/inst/clkin1_ibufg/O
                         net (fo=1, routed)           1.065     2.492    u_mmcm/inst/clk_in1_mmcm
    MMCME2_ADV_X0Y0      MMCME2_ADV (Prop_mmcme2_adv_CLKIN1_CLKOUT0)
                                                     -5.924    -3.433 r  u_mmcm/inst/mmcm_adv_inst/CLKOUT0
                         net (fo=1, routed)           1.425    -2.008    u_mmcm/inst/clk_out1_mmcm
    BUFGCTRL_X0Y1        BUFG (Prop_bufg_I_O)         0.081    -1.927 r  u_mmcm/inst/clkout1_buf/O
                         net (fo=63, routed)          1.408    -0.519    u_ddr3/u_mig_7series_0/u_mig_7series_0_mig/u_ddr3_infrastructure/CLK
    PLLE2_ADV_X1Y0       PLLE2_ADV (Prop_plle2_adv_CLKIN1_CLKOUT1)
                                                      0.077    -0.442 r  u_ddr3/u_mig_7series_0/u_mig_7series_0_mig/u_ddr3_infrastructure/plle2_i/CLKOUT1
                         net (fo=7, routed)           0.511     0.069    u_ddr3/u_mig_7series_0/u_mig_7series_0_mig/u_memc_ui_top_axi/mem_intfc0/ddr_phy_top0/u_ddr_mc_phy_wrapper/u_ddr_mc_phy/ddr_phy_4lanes_0.u_ddr_phy_4lanes/ddr_byte_lane_D.ddr_byte_lane_D/mem_refclk
    PHASER_OUT_PHY_X1Y3  PHASER_OUT_PHY (Prop_phaser_out_phy_MEMREFCLK_OCLK)
                                                      2.083     2.152 r  u_ddr3/u_mig_7series_0/u_mig_7series_0_mig/u_memc_ui_top_axi/mem_intfc0/ddr_phy_top0/u_ddr_mc_phy_wrapper/u_ddr_mc_phy/ddr_phy_4lanes_0.u_ddr_phy_4lanes/ddr_byte_lane_D.ddr_byte_lane_D/phaser_out/OCLK
    PHASER_OUT_PHY_X1Y3  PHASER_OUT_PHY (Prop_phaser_out_phy_OCLK_OCLKDIV)
                                                      0.141     2.293 r  u_ddr3/u_mig_7series_0/u_mig_7series_0_mig/u_memc_ui_top_axi/mem_intfc0/ddr_phy_top0/u_ddr_mc_phy_wrapper/u_ddr_mc_phy/ddr_phy_4lanes_0.u_ddr_phy_4lanes/ddr_byte_lane_D.ddr_byte_lane_D/phaser_out/OCLKDIV
                         net (fo=12, routed)          0.000     2.293    u_ddr3/u_mig_7series_0/u_mig_7series_0_mig/u_memc_ui_top_axi/mem_intfc0/ddr_phy_top0/u_ddr_mc_phy_wrapper/u_ddr_mc_phy/ddr_phy_4lanes_0.u_ddr_phy_4lanes/ddr_byte_lane_D.ddr_byte_lane_D/oserdes_clkdiv
    OUT_FIFO_X1Y3        OUT_FIFO                                     r  u_ddr3/u_mig_7series_0/u_mig_7series_0_mig/u_memc_ui_top_axi/mem_intfc0/ddr_phy_top0/u_ddr_mc_phy_wrapper/u_ddr_mc_phy/ddr_phy_4lanes_0.u_ddr_phy_4lanes/ddr_byte_lane_D.ddr_byte_lane_D/out_fifo/RDCLK
  -------------------------------------------------------------------    -------------------
    OUT_FIFO_X1Y3        OUT_FIFO (Prop_out_fifo_RDCLK_Q6[4])
                                                      0.596     2.889 r  u_ddr3/u_mig_7series_0/u_mig_7series_0_mig/u_memc_ui_top_axi/mem_intfc0/ddr_phy_top0/u_ddr_mc_phy_wrapper/u_ddr_mc_phy/ddr_phy_4lanes_0.u_ddr_phy_4lanes/ddr_byte_lane_D.ddr_byte_lane_D/out_fifo/Q6[4]
                         net (fo=1, routed)           0.647     3.537    u_ddr3/u_mig_7series_0/u_mig_7series_0_mig/u_memc_ui_top_axi/mem_intfc0/ddr_phy_top0/u_ddr_mc_phy_wrapper/u_ddr_mc_phy/ddr_phy_4lanes_0.u_ddr_phy_4lanes/ddr_byte_lane_D.ddr_byte_lane_D/ddr_byte_group_io/oserdes_dq[40]
    OLOGIC_X1Y49         OSERDESE2                                    r  u_ddr3/u_mig_7series_0/u_mig_7series_0_mig/u_memc_ui_top_axi/mem_intfc0/ddr_phy_top0/u_ddr_mc_phy_wrapper/u_ddr_mc_phy/ddr_phy_4lanes_0.u_ddr_phy_4lanes/ddr_byte_lane_D.ddr_byte_lane_D/ddr_byte_group_io/output_[11].oserdes_dq_.sdr.oserdes_dq_i/D1
  -------------------------------------------------------------------    -------------------

                         (clock oserdes_clkdiv_3 rise edge)
                                                     10.000    10.000 r  
    Y18                                               0.000    10.000 r  Clk (IN)
                         net (fo=0)                   0.000    10.000    u_mmcm/inst/clk_in1
    Y18                  IBUF (Prop_ibuf_I_O)         1.361    11.361 r  u_mmcm/inst/clkin1_ibufg/O
                         net (fo=1, routed)           1.004    12.364    u_mmcm/inst/clk_in1_mmcm
    MMCME2_ADV_X0Y0      MMCME2_ADV (Prop_mmcme2_adv_CLKIN1_CLKOUT0)
                                                     -6.061     6.303 r  u_mmcm/inst/mmcm_adv_inst/CLKOUT0
                         net (fo=1, routed)           1.357     7.661    u_mmcm/inst/clk_out1_mmcm
    BUFGCTRL_X0Y1        BUFG (Prop_bufg_I_O)         0.077     7.738 r  u_mmcm/inst/clkout1_buf/O
                         net (fo=63, routed)          1.304     9.041    u_ddr3/u_mig_7series_0/u_mig_7series_0_mig/u_ddr3_infrastructure/CLK
    PLLE2_ADV_X1Y0       PLLE2_ADV (Prop_plle2_adv_CLKIN1_CLKOUT1)
                                                      0.073     9.114 r  u_ddr3/u_mig_7series_0/u_mig_7series_0_mig/u_ddr3_infrastructure/plle2_i/CLKOUT1
                         net (fo=7, routed)           0.486     9.600    u_ddr3/u_mig_7series_0/u_mig_7series_0_mig/u_memc_ui_top_axi/mem_intfc0/ddr_phy_top0/u_ddr_mc_phy_wrapper/u_ddr_mc_phy/ddr_phy_4lanes_0.u_ddr_phy_4lanes/ddr_byte_lane_D.ddr_byte_lane_D/mem_refclk
    PHASER_OUT_PHY_X1Y3  PHASER_OUT_PHY (Prop_phaser_out_phy_MEMREFCLK_OCLK)
                                                      2.027    11.627 r  u_ddr3/u_mig_7series_0/u_mig_7series_0_mig/u_memc_ui_top_axi/mem_intfc0/ddr_phy_top0/u_ddr_mc_phy_wrapper/u_ddr_mc_phy/ddr_phy_4lanes_0.u_ddr_phy_4lanes/ddr_byte_lane_D.ddr_byte_lane_D/phaser_out/OCLK
    PHASER_OUT_PHY_X1Y3  PHASER_OUT_PHY (Prop_phaser_out_phy_OCLK_OCLKDIV)
                                                      0.133    11.760 r  u_ddr3/u_mig_7series_0/u_mig_7series_0_mig/u_memc_ui_top_axi/mem_intfc0/ddr_phy_top0/u_ddr_mc_phy_wrapper/u_ddr_mc_phy/ddr_phy_4lanes_0.u_ddr_phy_4lanes/ddr_byte_lane_D.ddr_byte_lane_D/phaser_out/OCLKDIV
                         net (fo=12, routed)          0.352    12.112    u_ddr3/u_mig_7series_0/u_mig_7series_0_mig/u_memc_ui_top_axi/mem_intfc0/ddr_phy_top0/u_ddr_mc_phy_wrapper/u_ddr_mc_phy/ddr_phy_4lanes_0.u_ddr_phy_4lanes/ddr_byte_lane_D.ddr_byte_lane_D/ddr_byte_group_io/oserdes_clkdiv
    OLOGIC_X1Y49         OSERDESE2                                    r  u_ddr3/u_mig_7series_0/u_mig_7series_0_mig/u_memc_ui_top_axi/mem_intfc0/ddr_phy_top0/u_ddr_mc_phy_wrapper/u_ddr_mc_phy/ddr_phy_4lanes_0.u_ddr_phy_4lanes/ddr_byte_lane_D.ddr_byte_lane_D/ddr_byte_group_io/output_[11].oserdes_dq_.sdr.oserdes_dq_i/CLKDIV
                         clock pessimism              0.533    12.645    
                         clock uncertainty           -0.060    12.585    
    OLOGIC_X1Y49         OSERDESE2 (Setup_oserdese2_CLKDIV_D1)
                                                     -0.449    12.136    u_ddr3/u_mig_7series_0/u_mig_7series_0_mig/u_memc_ui_top_axi/mem_intfc0/ddr_phy_top0/u_ddr_mc_phy_wrapper/u_ddr_mc_phy/ddr_phy_4lanes_0.u_ddr_phy_4lanes/ddr_byte_lane_D.ddr_byte_lane_D/ddr_byte_group_io/output_[11].oserdes_dq_.sdr.oserdes_dq_i
  -------------------------------------------------------------------
                         required time                         12.136    
                         arrival time                          -3.537    
  -------------------------------------------------------------------
                         slack                                  8.600    





Min Delay Paths
--------------------------------------------------------------------------------------
Slack (MET) :             0.084ns  (arrival time - required time)
  Source:                 u_ddr3/u_mig_7series_0/u_mig_7series_0_mig/u_memc_ui_top_axi/mem_intfc0/ddr_phy_top0/u_ddr_mc_phy_wrapper/u_ddr_mc_phy/ddr_phy_4lanes_0.u_ddr_phy_4lanes/ddr_byte_lane_D.ddr_byte_lane_D/out_fifo/RDCLK
                            (rising edge-triggered cell OUT_FIFO clocked by oserdes_clkdiv_3  {rise@0.000ns fall@5.000ns period=10.000ns})
  Destination:            u_ddr3/u_mig_7series_0/u_mig_7series_0_mig/u_memc_ui_top_axi/mem_intfc0/ddr_phy_top0/u_ddr_mc_phy_wrapper/u_ddr_mc_phy/ddr_phy_4lanes_0.u_ddr_phy_4lanes/ddr_byte_lane_D.ddr_byte_lane_D/ddr_byte_group_io/output_[2].oserdes_dq_.sdr.oserdes_dq_i/D2
                            (rising edge-triggered cell OSERDESE2 clocked by oserdes_clkdiv_3  {rise@0.000ns fall@5.000ns period=10.000ns})
  Path Group:             oserdes_clkdiv_3
  Path Type:              Hold (Min at Fast Process Corner)
  Requirement:            0.000ns  (oserdes_clkdiv_3 rise@0.000ns - oserdes_clkdiv_3 rise@0.000ns)
  Data Path Delay:        0.286ns  (logic 0.138ns (48.242%)  route 0.148ns (51.758%))
  Logic Levels:           0  
  Clock Path Skew:        0.183ns (DCD - SCD - CPR)
    Destination Clock Delay (DCD):    1.562ns
    Source Clock Delay      (SCD):    1.546ns
    Clock Pessimism Removal (CPR):    -0.167ns

    Location             Delay type                Incr(ns)  Path(ns)    Netlist Resource(s)
  -------------------------------------------------------------------    -------------------
                         (clock oserdes_clkdiv_3 rise edge)
                                                      0.000     0.000 r  
    Y18                                               0.000     0.000 r  Clk (IN)
                         net (fo=0)                   0.000     0.000    u_mmcm/inst/clk_in1
    Y18                  IBUF (Prop_ibuf_I_O)         0.264     0.264 r  u_mmcm/inst/clkin1_ibufg/O
                         net (fo=1, routed)           0.440     0.704    u_mmcm/inst/clk_in1_mmcm
    MMCME2_ADV_X0Y0      MMCME2_ADV (Prop_mmcme2_adv_CLKIN1_CLKOUT0)
                                                     -2.362    -1.659 r  u_mmcm/inst/mmcm_adv_inst/CLKOUT0
                         net (fo=1, routed)           0.489    -1.170    u_mmcm/inst/clk_out1_mmcm
    BUFGCTRL_X0Y1        BUFG (Prop_bufg_I_O)         0.026    -1.144 r  u_mmcm/inst/clkout1_buf/O
                         net (fo=63, routed)          0.554    -0.590    u_ddr3/u_mig_7series_0/u_mig_7series_0_mig/u_ddr3_infrastructure/CLK
    PLLE2_ADV_X1Y0       PLLE2_ADV (Prop_plle2_adv_CLKIN1_CLKOUT1)
                                                      0.050    -0.540 r  u_ddr3/u_mig_7series_0/u_mig_7series_0_mig/u_ddr3_infrastructure/plle2_i/CLKOUT1
                         net (fo=7, routed)           0.190    -0.350    u_ddr3/u_mig_7series_0/u_mig_7series_0_mig/u_memc_ui_top_axi/mem_intfc0/ddr_phy_top0/u_ddr_mc_phy_wrapper/u_ddr_mc_phy/ddr_phy_4lanes_0.u_ddr_phy_4lanes/ddr_byte_lane_D.ddr_byte_lane_D/mem_refclk
    PHASER_OUT_PHY_X1Y3  PHASER_OUT_PHY (Prop_phaser_out_phy_MEMREFCLK_OCLK)
                                                      1.813     1.463 r  u_ddr3/u_mig_7series_0/u_mig_7series_0_mig/u_memc_ui_top_axi/mem_intfc0/ddr_phy_top0/u_ddr_mc_phy_wrapper/u_ddr_mc_phy/ddr_phy_4lanes_0.u_ddr_phy_4lanes/ddr_byte_lane_D.ddr_byte_lane_D/phaser_out/OCLK
    PHASER_OUT_PHY_X1Y3  PHASER_OUT_PHY (Prop_phaser_out_phy_OCLK_OCLKDIV)
                                                      0.083     1.546 r  u_ddr3/u_mig_7series_0/u_mig_7series_0_mig/u_memc_ui_top_axi/mem_intfc0/ddr_phy_top0/u_ddr_mc_phy_wrapper/u_ddr_mc_phy/ddr_phy_4lanes_0.u_ddr_phy_4lanes/ddr_byte_lane_D.ddr_byte_lane_D/phaser_out/OCLKDIV
                         net (fo=12, routed)          0.000     1.546    u_ddr3/u_mig_7series_0/u_mig_7series_0_mig/u_memc_ui_top_axi/mem_intfc0/ddr_phy_top0/u_ddr_mc_phy_wrapper/u_ddr_mc_phy/ddr_phy_4lanes_0.u_ddr_phy_4lanes/ddr_byte_lane_D.ddr_byte_lane_D/oserdes_clkdiv
    OUT_FIFO_X1Y3        OUT_FIFO                                     r  u_ddr3/u_mig_7series_0/u_mig_7series_0_mig/u_memc_ui_top_axi/mem_intfc0/ddr_phy_top0/u_ddr_mc_phy_wrapper/u_ddr_mc_phy/ddr_phy_4lanes_0.u_ddr_phy_4lanes/ddr_byte_lane_D.ddr_byte_lane_D/out_fifo/RDCLK
  -------------------------------------------------------------------    -------------------
    OUT_FIFO_X1Y3        OUT_FIFO (Prop_out_fifo_RDCLK_Q2[1])
                                                      0.138     1.684 r  u_ddr3/u_mig_7series_0/u_mig_7series_0_mig/u_memc_ui_top_axi/mem_intfc0/ddr_phy_top0/u_ddr_mc_phy_wrapper/u_ddr_mc_phy/ddr_phy_4lanes_0.u_ddr_phy_4lanes/ddr_byte_lane_D.ddr_byte_lane_D/out_fifo/Q2[1]
                         net (fo=1, routed)           0.148     1.832    u_ddr3/u_mig_7series_0/u_mig_7series_0_mig/u_memc_ui_top_axi/mem_intfc0/ddr_phy_top0/u_ddr_mc_phy_wrapper/u_ddr_mc_phy/ddr_phy_4lanes_0.u_ddr_phy_4lanes/ddr_byte_lane_D.ddr_byte_lane_D/ddr_byte_group_io/oserdes_dq[9]
    OLOGIC_X1Y39         OSERDESE2                                    r  u_ddr3/u_mig_7series_0/u_mig_7series_0_mig/u_memc_ui_top_axi/mem_intfc0/ddr_phy_top0/u_ddr_mc_phy_wrapper/u_ddr_mc_phy/ddr_phy_4lanes_0.u_ddr_phy_4lanes/ddr_byte_lane_D.ddr_byte_lane_D/ddr_byte_group_io/output_[2].oserdes_dq_.sdr.oserdes_dq_i/D2
  -------------------------------------------------------------------    -------------------

                         (clock oserdes_clkdiv_3 rise edge)
                                                      0.000     0.000 r  
    Y18                                               0.000     0.000 r  Clk (IN)
                         net (fo=0)                   0.000     0.000    u_mmcm/inst/clk_in1
    Y18                  IBUF (Prop_ibuf_I_O)         0.452     0.452 r  u_mmcm/inst/clkin1_ibufg/O
                         net (fo=1, routed)           0.480     0.932    u_mmcm/inst/clk_in1_mmcm
    MMCME2_ADV_X0Y0      MMCME2_ADV (Prop_mmcme2_adv_CLKIN1_CLKOUT0)
                                                     -3.145    -2.214 r  u_mmcm/inst/mmcm_adv_inst/CLKOUT0
                         net (fo=1, routed)           0.534    -1.680    u_mmcm/inst/clk_out1_mmcm
    BUFGCTRL_X0Y1        BUFG (Prop_bufg_I_O)         0.029    -1.651 r  u_mmcm/inst/clkout1_buf/O
                         net (fo=63, routed)          0.822    -0.829    u_ddr3/u_mig_7series_0/u_mig_7series_0_mig/u_ddr3_infrastructure/CLK
    PLLE2_ADV_X1Y0       PLLE2_ADV (Prop_plle2_adv_CLKIN1_CLKOUT1)
                                                      0.053    -0.776 r  u_ddr3/u_mig_7series_0/u_mig_7series_0_mig/u_ddr3_infrastructure/plle2_i/CLKOUT1
                         net (fo=7, routed)           0.209    -0.567    u_ddr3/u_mig_7series_0/u_mig_7series_0_mig/u_memc_ui_top_axi/mem_intfc0/ddr_phy_top0/u_ddr_mc_phy_wrapper/u_ddr_mc_phy/ddr_phy_4lanes_0.u_ddr_phy_4lanes/ddr_byte_lane_D.ddr_byte_lane_D/mem_refclk
    PHASER_OUT_PHY_X1Y3  PHASER_OUT_PHY (Prop_phaser_out_phy_MEMREFCLK_OCLK)
                                                      1.858     1.291 r  u_ddr3/u_mig_7series_0/u_mig_7series_0_mig/u_memc_ui_top_axi/mem_intfc0/ddr_phy_top0/u_ddr_mc_phy_wrapper/u_ddr_mc_phy/ddr_phy_4lanes_0.u_ddr_phy_4lanes/ddr_byte_lane_D.ddr_byte_lane_D/phaser_out/OCLK
    PHASER_OUT_PHY_X1Y3  PHASER_OUT_PHY (Prop_phaser_out_phy_OCLK_OCLKDIV)
                                                      0.088     1.379 r  u_ddr3/u_mig_7series_0/u_mig_7series_0_mig/u_memc_ui_top_axi/mem_intfc0/ddr_phy_top0/u_ddr_mc_phy_wrapper/u_ddr_mc_phy/ddr_phy_4lanes_0.u_ddr_phy_4lanes/ddr_byte_lane_D.ddr_byte_lane_D/phaser_out/OCLKDIV
                         net (fo=12, routed)          0.183     1.562    u_ddr3/u_mig_7series_0/u_mig_7series_0_mig/u_memc_ui_top_axi/mem_intfc0/ddr_phy_top0/u_ddr_mc_phy_wrapper/u_ddr_mc_phy/ddr_phy_4lanes_0.u_ddr_phy_4lanes/ddr_byte_lane_D.ddr_byte_lane_D/ddr_byte_group_io/oserdes_clkdiv
    OLOGIC_X1Y39         OSERDESE2                                    r  u_ddr3/u_mig_7series_0/u_mig_7series_0_mig/u_memc_ui_top_axi/mem_intfc0/ddr_phy_top0/u_ddr_mc_phy_wrapper/u_ddr_mc_phy/ddr_phy_4lanes_0.u_ddr_phy_4lanes/ddr_byte_lane_D.ddr_byte_lane_D/ddr_byte_group_io/output_[2].oserdes_dq_.sdr.oserdes_dq_i/CLKDIV
                         clock pessimism              0.167     1.729    
    OLOGIC_X1Y39         OSERDESE2 (Hold_oserdese2_CLKDIV_D2)
                                                      0.019     1.748    u_ddr3/u_mig_7series_0/u_mig_7series_0_mig/u_memc_ui_top_axi/mem_intfc0/ddr_phy_top0/u_ddr_mc_phy_wrapper/u_ddr_mc_phy/ddr_phy_4lanes_0.u_ddr_phy_4lanes/ddr_byte_lane_D.ddr_byte_lane_D/ddr_byte_group_io/output_[2].oserdes_dq_.sdr.oserdes_dq_i
  -------------------------------------------------------------------
                         required time                         -1.748    
                         arrival time                           1.832    
  -------------------------------------------------------------------
                         slack                                  0.084    





Pulse Width Checks
--------------------------------------------------------------------------------------
Clock Name:         oserdes_clkdiv_3
Waveform(ns):       { 0.000 5.000 }
Period(ns):         10.000
Sources:            { u_ddr3/u_mig_7series_0/u_mig_7series_0_mig/u_memc_ui_top_axi/mem_intfc0/ddr_phy_top0/u_ddr_mc_phy_wrapper/u_ddr_mc_phy/ddr_phy_4lanes_0.u_ddr_phy_4lanes/ddr_byte_lane_D.ddr_byte_lane_D/phaser_out/OCLKDIV }

Check Type        Corner  Lib Pin         Reference Pin  Required(ns)  Actual(ns)  Slack(ns)  Location       Pin
Min Period        n/a     OUT_FIFO/RDCLK  n/a            5.000         10.000      5.000      OUT_FIFO_X1Y3  u_ddr3/u_mig_7series_0/u_mig_7series_0_mig/u_memc_ui_top_axi/mem_intfc0/ddr_phy_top0/u_ddr_mc_phy_wrapper/u_ddr_mc_phy/ddr_phy_4lanes_0.u_ddr_phy_4lanes/ddr_byte_lane_D.ddr_byte_lane_D/out_fifo/RDCLK
Low Pulse Width   Fast    OUT_FIFO/RDCLK  n/a            2.150         5.000       2.850      OUT_FIFO_X1Y3  u_ddr3/u_mig_7series_0/u_mig_7series_0_mig/u_memc_ui_top_axi/mem_intfc0/ddr_phy_top0/u_ddr_mc_phy_wrapper/u_ddr_mc_phy/ddr_phy_4lanes_0.u_ddr_phy_4lanes/ddr_byte_lane_D.ddr_byte_lane_D/out_fifo/RDCLK
High Pulse Width  Slow    OUT_FIFO/RDCLK  n/a            2.150         5.000       2.850      OUT_FIFO_X1Y3  u_ddr3/u_mig_7series_0/u_mig_7series_0_mig/u_memc_ui_top_axi/mem_intfc0/ddr_phy_top0/u_ddr_mc_phy_wrapper/u_ddr_mc_phy/ddr_phy_4lanes_0.u_ddr_phy_4lanes/ddr_byte_lane_D.ddr_byte_lane_D/out_fifo/RDCLK



---------------------------------------------------------------------------------------------------
From Clock:  pll_clk3_out
  To Clock:  pll_clk3_out

Setup :           NA  Failing Endpoints,  Worst Slack           NA  ,  Total Violation           NA
Hold  :           NA  Failing Endpoints,  Worst Slack           NA  ,  Total Violation           NA
PW    :            0  Failing Endpoints,  Worst Slack        3.000ns,  Total Violation        0.000ns
---------------------------------------------------------------------------------------------------


Pulse Width Checks
--------------------------------------------------------------------------------------
Clock Name:         pll_clk3_out
Waveform(ns):       { 0.000 5.000 }
Period(ns):         10.000
Sources:            { u_ddr3/u_mig_7series_0/u_mig_7series_0_mig/u_ddr3_infrastructure/plle2_i/CLKOUT3 }

Check Type        Corner  Lib Pin            Reference Pin  Required(ns)  Actual(ns)  Slack(ns)  Location         Pin
Min Period        n/a     BUFH/I             n/a            1.592         10.000      8.408      BUFHCE_X1Y0      u_ddr3/u_mig_7series_0/u_mig_7series_0_mig/u_ddr3_infrastructure/u_bufh_pll_clk3/I
Max Period        n/a     MMCME2_ADV/CLKIN1  n/a            100.000       10.000      90.000     MMCME2_ADV_X1Y0  u_ddr3/u_mig_7series_0/u_mig_7series_0_mig/u_ddr3_infrastructure/gen_mmcm.mmcm_i/CLKIN1
Low Pulse Width   Fast    MMCME2_ADV/CLKIN1  n/a            2.000         5.000       3.000      MMCME2_ADV_X1Y0  u_ddr3/u_mig_7series_0/u_mig_7series_0_mig/u_ddr3_infrastructure/gen_mmcm.mmcm_i/CLKIN1
High Pulse Width  Fast    MMCME2_ADV/CLKIN1  n/a            2.000         5.000       3.000      MMCME2_ADV_X1Y0  u_ddr3/u_mig_7series_0/u_mig_7series_0_mig/u_ddr3_infrastructure/gen_mmcm.mmcm_i/CLKIN1



---------------------------------------------------------------------------------------------------
From Clock:  clk_pll_i
  To Clock:  clk_pll_i

Setup :            0  Failing Endpoints,  Worst Slack        0.514ns,  Total Violation        0.000ns
Hold  :            0  Failing Endpoints,  Worst Slack        0.028ns,  Total Violation        0.000ns
PW    :            0  Failing Endpoints,  Worst Slack        2.850ns,  Total Violation        0.000ns
---------------------------------------------------------------------------------------------------


Max Delay Paths
--------------------------------------------------------------------------------------
Slack (MET) :             0.514ns  (required time - arrival time)
  Source:                 u_ddr3/u_yolo_npu_conv/inst/p_17_reg_10265_reg[4]/C
                            (rising edge-triggered cell FDRE clocked by clk_pll_i  {rise@0.000ns fall@5.000ns period=10.000ns})
  Destination:            u_ddr3/u_yolo_npu_conv/inst/wbuf_14_V_U/npu_conv_wbuf_0_V_ram_U/ram_reg/DIADI[4]
                            (rising edge-triggered cell RAMB18E1 clocked by clk_pll_i  {rise@0.000ns fall@5.000ns period=10.000ns})
  Path Group:             clk_pll_i
  Path Type:              Setup (Max at Slow Process Corner)
  Requirement:            10.000ns  (clk_pll_i rise@10.000ns - clk_pll_i rise@0.000ns)
  Data Path Delay:        9.160ns  (logic 0.379ns (4.137%)  route 8.781ns (95.863%))
  Logic Levels:           0  
  Clock Path Skew:        -0.049ns (DCD - SCD + CPR)
    Destination Clock Delay (DCD):    0.780ns = ( 10.780 - 10.000 ) 
    Source Clock Delay      (SCD):    1.383ns
    Clock Pessimism Removal (CPR):    0.555ns
  Clock Uncertainty:      0.063ns  ((TSJ^2 + DJ^2)^1/2) / 2 + PE
    Total System Jitter     (TSJ):    0.071ns
    Discrete Jitter          (DJ):    0.104ns
    Phase Error              (PE):    0.000ns

    Location             Delay type                Incr(ns)  Path(ns)    Netlist Resource(s)
  -------------------------------------------------------------------    -------------------
                         (clock clk_pll_i rise edge)
                                                      0.000     0.000 r  
    Y18                                               0.000     0.000 r  Clk (IN)
                         net (fo=0)                   0.000     0.000    u_mmcm/inst/clk_in1
    Y18                  IBUF (Prop_ibuf_I_O)         1.427     1.427 r  u_mmcm/inst/clkin1_ibufg/O
                         net (fo=1, routed)           1.065     2.492    u_mmcm/inst/clk_in1_mmcm
    MMCME2_ADV_X0Y0      MMCME2_ADV (Prop_mmcme2_adv_CLKIN1_CLKOUT0)
                                                     -5.924    -3.433 r  u_mmcm/inst/mmcm_adv_inst/CLKOUT0
                         net (fo=1, routed)           1.425    -2.008    u_mmcm/inst/clk_out1_mmcm
    BUFGCTRL_X0Y1        BUFG (Prop_bufg_I_O)         0.081    -1.927 r  u_mmcm/inst/clkout1_buf/O
                         net (fo=63, routed)          1.408    -0.519    u_ddr3/u_mig_7series_0/u_mig_7series_0_mig/u_ddr3_infrastructure/CLK
    PLLE2_ADV_X1Y0       PLLE2_ADV (Prop_plle2_adv_CLKIN1_CLKOUT3)
                                                      0.077    -0.442 r  u_ddr3/u_mig_7series_0/u_mig_7series_0_mig/u_ddr3_infrastructure/plle2_i/CLKOUT3
                         net (fo=1, routed)           1.062     0.620    u_ddr3/u_mig_7series_0/u_mig_7series_0_mig/u_ddr3_infrastructure/pll_clk3_out
    BUFHCE_X1Y0          BUFH (Prop_bufh_I_O)         0.106     0.726 r  u_ddr3/u_mig_7series_0/u_mig_7series_0_mig/u_ddr3_infrastructure/u_bufh_pll_clk3/O
                         net (fo=1, routed)           0.702     1.428    u_ddr3/u_mig_7series_0/u_mig_7series_0_mig/u_ddr3_infrastructure/pll_clk3
    MMCME2_ADV_X1Y0      MMCME2_ADV (Prop_mmcme2_adv_CLKIN1_CLKFBOUT)
                                                     -2.890    -1.463 r  u_ddr3/u_mig_7series_0/u_mig_7series_0_mig/u_ddr3_infrastructure/gen_mmcm.mmcm_i/CLKFBOUT
                         net (fo=1, routed)           1.421    -0.042    u_ddr3/u_mig_7series_0/u_mig_7series_0_mig/u_ddr3_infrastructure/clk_pll_i
    BUFGCTRL_X0Y0        BUFG (Prop_bufg_I_O)         0.081     0.039 r  u_ddr3/u_mig_7series_0/u_mig_7series_0_mig/u_ddr3_infrastructure/u_bufg_clkdiv0/O
                         net (fo=21229, routed)       1.344     1.383    u_ddr3/u_yolo_npu_conv/inst/ap_clk
    SLICE_X9Y71          FDRE                                         r  u_ddr3/u_yolo_npu_conv/inst/p_17_reg_10265_reg[4]/C
  -------------------------------------------------------------------    -------------------
    SLICE_X9Y71          FDRE (Prop_fdre_C_Q)         0.379     1.762 r  u_ddr3/u_yolo_npu_conv/inst/p_17_reg_10265_reg[4]/Q
                         net (fo=32, routed)          8.781    10.544    u_ddr3/u_yolo_npu_conv/inst/wbuf_14_V_U/npu_conv_wbuf_0_V_ram_U/Q[4]
    RAMB18_X2Y39         RAMB18E1                                     r  u_ddr3/u_yolo_npu_conv/inst/wbuf_14_V_U/npu_conv_wbuf_0_V_ram_U/ram_reg/DIADI[4]
  -------------------------------------------------------------------    -------------------

                         (clock clk_pll_i rise edge)
                                                     10.000    10.000 r  
    Y18                                               0.000    10.000 r  Clk (IN)
                         net (fo=0)                   0.000    10.000    u_mmcm/inst/clk_in1
    Y18                  IBUF (Prop_ibuf_I_O)         1.361    11.361 r  u_mmcm/inst/clkin1_ibufg/O
                         net (fo=1, routed)           1.004    12.364    u_mmcm/inst/clk_in1_mmcm
    MMCME2_ADV_X0Y0      MMCME2_ADV (Prop_mmcme2_adv_CLKIN1_CLKOUT0)
                                                     -6.061     6.303 r  u_mmcm/inst/mmcm_adv_inst/CLKOUT0
                         net (fo=1, routed)           1.357     7.661    u_mmcm/inst/clk_out1_mmcm
    BUFGCTRL_X0Y1        BUFG (Prop_bufg_I_O)         0.077     7.738 r  u_mmcm/inst/clkout1_buf/O
                         net (fo=63, routed)          1.304     9.041    u_ddr3/u_mig_7series_0/u_mig_7series_0_mig/u_ddr3_infrastructure/CLK
    PLLE2_ADV_X1Y0       PLLE2_ADV (Prop_plle2_adv_CLKIN1_CLKOUT3)
                                                      0.073     9.114 r  u_ddr3/u_mig_7series_0/u_mig_7series_0_mig/u_ddr3_infrastructure/plle2_i/CLKOUT3
                         net (fo=1, routed)           0.929    10.043    u_ddr3/u_mig_7series_0/u_mig_7series_0_mig/u_ddr3_infrastructure/pll_clk3_out
    BUFHCE_X1Y0          BUFH (Prop_bufh_I_O)         0.069    10.112 r  u_ddr3/u_mig_7series_0/u_mig_7series_0_mig/u_ddr3_infrastructure/u_bufh_pll_clk3/O
                         net (fo=1, routed)           0.664    10.776    u_ddr3/u_mig_7series_0/u_mig_7series_0_mig/u_ddr3_infrastructure/pll_clk3
    MMCME2_ADV_X1Y0      MMCME2_ADV (Prop_mmcme2_adv_CLKIN1_CLKFBOUT)
                                                     -2.714     8.062 r  u_ddr3/u_mig_7series_0/u_mig_7series_0_mig/u_ddr3_infrastructure/gen_mmcm.mmcm_i/CLKFBOUT
                         net (fo=1, routed)           1.352     9.415    u_ddr3/u_mig_7series_0/u_mig_7series_0_mig/u_ddr3_infrastructure/clk_pll_i
    BUFGCTRL_X0Y0        BUFG (Prop_bufg_I_O)         0.077     9.492 r  u_ddr3/u_mig_7series_0/u_mig_7series_0_mig/u_ddr3_infrastructure/u_bufg_clkdiv0/O
                         net (fo=21229, routed)       1.289    10.780    u_ddr3/u_yolo_npu_conv/inst/wbuf_14_V_U/npu_conv_wbuf_0_V_ram_U/ap_clk
    RAMB18_X2Y39         RAMB18E1                                     r  u_ddr3/u_yolo_npu_conv/inst/wbuf_14_V_U/npu_conv_wbuf_0_V_ram_U/ram_reg/CLKARDCLK
                         clock pessimism              0.555    11.335    
                         clock uncertainty           -0.063    11.272    
    RAMB18_X2Y39         RAMB18E1 (Setup_ramb18e1_CLKARDCLK_DIADI[4])
                                                     -0.214    11.058    u_ddr3/u_yolo_npu_conv/inst/wbuf_14_V_U/npu_conv_wbuf_0_V_ram_U/ram_reg
  -------------------------------------------------------------------
                         required time                         11.058    
                         arrival time                         -10.544    
  -------------------------------------------------------------------
                         slack                                  0.514    





Min Delay Paths
--------------------------------------------------------------------------------------
Slack (MET) :             0.028ns  (arrival time - required time)
  Source:                 u_ddr3/u_yolo_npu_conv/inst/p_01390_1_ph_reg_3231_reg[40]/C
                            (rising edge-triggered cell FDRE clocked by clk_pll_i  {rise@0.000ns fall@5.000ns period=10.000ns})
  Destination:            u_ddr3/u_yolo_npu_conv/inst/p_Val2_9_reg_3243_reg[40]/D
                            (rising edge-triggered cell FDRE clocked by clk_pll_i  {rise@0.000ns fall@5.000ns period=10.000ns})
  Path Group:             clk_pll_i
  Path Type:              Hold (Min at Fast Process Corner)
  Requirement:            0.000ns  (clk_pll_i rise@0.000ns - clk_pll_i rise@0.000ns)
  Data Path Delay:        0.421ns  (logic 0.226ns (53.666%)  route 0.195ns (46.334%))
  Logic Levels:           1  (LUT6=1)
  Clock Path Skew:        0.272ns (DCD - SCD - CPR)
    Destination Clock Delay (DCD):    0.190ns
    Source Clock Delay      (SCD):    0.133ns
    Clock Pessimism Removal (CPR):    -0.215ns

    Location             Delay type                Incr(ns)  Path(ns)    Netlist Resource(s)
  -------------------------------------------------------------------    -------------------
                         (clock clk_pll_i rise edge)
                                                      0.000     0.000 r  
    Y18                                               0.000     0.000 r  Clk (IN)
                         net (fo=0)                   0.000     0.000    u_mmcm/inst/clk_in1
    Y18                  IBUF (Prop_ibuf_I_O)         0.264     0.264 r  u_mmcm/inst/clkin1_ibufg/O
                         net (fo=1, routed)           0.440     0.704    u_mmcm/inst/clk_in1_mmcm
    MMCME2_ADV_X0Y0      MMCME2_ADV (Prop_mmcme2_adv_CLKIN1_CLKOUT0)
                                                     -2.362    -1.659 r  u_mmcm/inst/mmcm_adv_inst/CLKOUT0
                         net (fo=1, routed)           0.489    -1.170    u_mmcm/inst/clk_out1_mmcm
    BUFGCTRL_X0Y1        BUFG (Prop_bufg_I_O)         0.026    -1.144 r  u_mmcm/inst/clkout1_buf/O
                         net (fo=63, routed)          0.554    -0.590    u_ddr3/u_mig_7series_0/u_mig_7series_0_mig/u_ddr3_infrastructure/CLK
    PLLE2_ADV_X1Y0       PLLE2_ADV (Prop_plle2_adv_CLKIN1_CLKOUT3)
                                                      0.050    -0.540 r  u_ddr3/u_mig_7series_0/u_mig_7series_0_mig/u_ddr3_infrastructure/plle2_i/CLKOUT3
                         net (fo=1, routed)           0.381    -0.159    u_ddr3/u_mig_7series_0/u_mig_7series_0_mig/u_ddr3_infrastructure/pll_clk3_out
    BUFHCE_X1Y0          BUFH (Prop_bufh_I_O)         0.020    -0.139 r  u_ddr3/u_mig_7series_0/u_mig_7series_0_mig/u_ddr3_infrastructure/u_bufh_pll_clk3/O
                         net (fo=1, routed)           0.259     0.120    u_ddr3/u_mig_7series_0/u_mig_7series_0_mig/u_ddr3_infrastructure/pll_clk3
    MMCME2_ADV_X1Y0      MMCME2_ADV (Prop_mmcme2_adv_CLKIN1_CLKFBOUT)
                                                     -1.061    -0.941 r  u_ddr3/u_mig_7series_0/u_mig_7series_0_mig/u_ddr3_infrastructure/gen_mmcm.mmcm_i/CLKFBOUT
                         net (fo=1, routed)           0.486    -0.455    u_ddr3/u_mig_7series_0/u_mig_7series_0_mig/u_ddr3_infrastructure/clk_pll_i
    BUFGCTRL_X0Y0        BUFG (Prop_bufg_I_O)         0.026    -0.429 r  u_ddr3/u_mig_7series_0/u_mig_7series_0_mig/u_ddr3_infrastructure/u_bufg_clkdiv0/O
                         net (fo=21229, routed)       0.562     0.133    u_ddr3/u_yolo_npu_conv/inst/ap_clk
    SLICE_X40Y51         FDRE                                         r  u_ddr3/u_yolo_npu_conv/inst/p_01390_1_ph_reg_3231_reg[40]/C
  -------------------------------------------------------------------    -------------------
    SLICE_X40Y51         FDRE (Prop_fdre_C_Q)         0.128     0.261 r  u_ddr3/u_yolo_npu_conv/inst/p_01390_1_ph_reg_3231_reg[40]/Q
                         net (fo=1, routed)           0.195     0.456    u_ddr3/u_yolo_npu_conv/inst/p_01390_1_ph_reg_3231[40]
    SLICE_X42Y48         LUT6 (Prop_lut6_I0_O)        0.098     0.554 r  u_ddr3/u_yolo_npu_conv/inst/p_Val2_9_reg_3243[40]_i_1/O
                         net (fo=1, routed)           0.000     0.554    u_ddr3/u_yolo_npu_conv/inst/p_Val2_9_reg_3243[40]_i_1_n_3
    SLICE_X42Y48         FDRE                                         r  u_ddr3/u_yolo_npu_conv/inst/p_Val2_9_reg_3243_reg[40]/D
  -------------------------------------------------------------------    -------------------

                         (clock clk_pll_i rise edge)
                                                      0.000     0.000 r  
    Y18                                               0.000     0.000 r  Clk (IN)
                         net (fo=0)                   0.000     0.000    u_mmcm/inst/clk_in1
    Y18                  IBUF (Prop_ibuf_I_O)         0.452     0.452 r  u_mmcm/inst/clkin1_ibufg/O
                         net (fo=1, routed)           0.480     0.932    u_mmcm/inst/clk_in1_mmcm
    MMCME2_ADV_X0Y0      MMCME2_ADV (Prop_mmcme2_adv_CLKIN1_CLKOUT0)
                                                     -3.145    -2.214 r  u_mmcm/inst/mmcm_adv_inst/CLKOUT0
                         net (fo=1, routed)           0.534    -1.680    u_mmcm/inst/clk_out1_mmcm
    BUFGCTRL_X0Y1        BUFG (Prop_bufg_I_O)         0.029    -1.651 r  u_mmcm/inst/clkout1_buf/O
                         net (fo=63, routed)          0.822    -0.829    u_ddr3/u_mig_7series_0/u_mig_7series_0_mig/u_ddr3_infrastructure/CLK
    PLLE2_ADV_X1Y0       PLLE2_ADV (Prop_plle2_adv_CLKIN1_CLKOUT3)
                                                      0.053    -0.776 r  u_ddr3/u_mig_7series_0/u_mig_7series_0_mig/u_ddr3_infrastructure/plle2_i/CLKOUT3
                         net (fo=1, routed)           0.423    -0.353    u_ddr3/u_mig_7series_0/u_mig_7series_0_mig/u_ddr3_infrastructure/pll_clk3_out
    BUFHCE_X1Y0          BUFH (Prop_bufh_I_O)         0.043    -0.310 r  u_ddr3/u_mig_7series_0/u_mig_7series_0_mig/u_ddr3_infrastructure/u_bufh_pll_clk3/O
                         net (fo=1, routed)           0.483     0.173    u_ddr3/u_mig_7series_0/u_mig_7series_0_mig/u_ddr3_infrastructure/pll_clk3
    MMCME2_ADV_X1Y0      MMCME2_ADV (Prop_mmcme2_adv_CLKIN1_CLKFBOUT)
                                                     -1.375    -1.203 r  u_ddr3/u_mig_7series_0/u_mig_7series_0_mig/u_ddr3_infrastructure/gen_mmcm.mmcm_i/CLKFBOUT
                         net (fo=1, routed)           0.530    -0.673    u_ddr3/u_mig_7series_0/u_mig_7series_0_mig/u_ddr3_infrastructure/clk_pll_i
    BUFGCTRL_X0Y0        BUFG (Prop_bufg_I_O)         0.029    -0.644 r  u_ddr3/u_mig_7series_0/u_mig_7series_0_mig/u_ddr3_infrastructure/u_bufg_clkdiv0/O
                         net (fo=21229, routed)       0.834     0.190    u_ddr3/u_yolo_npu_conv/inst/ap_clk
    SLICE_X42Y48         FDRE                                         r  u_ddr3/u_yolo_npu_conv/inst/p_Val2_9_reg_3243_reg[40]/C
                         clock pessimism              0.215     0.405    
    SLICE_X42Y48         FDRE (Hold_fdre_C_D)         0.121     0.526    u_ddr3/u_yolo_npu_conv/inst/p_Val2_9_reg_3243_reg[40]
  -------------------------------------------------------------------
                         required time                         -0.526    
                         arrival time                           0.554    
  -------------------------------------------------------------------
                         slack                                  0.028    





Pulse Width Checks
--------------------------------------------------------------------------------------
Clock Name:         clk_pll_i
Waveform(ns):       { 0.000 5.000 }
Period(ns):         10.000
Sources:            { u_ddr3/u_mig_7series_0/u_mig_7series_0_mig/u_ddr3_infrastructure/gen_mmcm.mmcm_i/CLKFBOUT }

Check Type        Corner  Lib Pin             Reference Pin  Required(ns)  Actual(ns)  Slack(ns)  Location         Pin
Min Period        n/a     IN_FIFO/RDCLK       n/a            5.000         10.000      5.000      IN_FIFO_X1Y0     u_ddr3/u_mig_7series_0/u_mig_7series_0_mig/u_memc_ui_top_axi/mem_intfc0/ddr_phy_top0/u_ddr_mc_phy_wrapper/u_ddr_mc_phy/ddr_phy_4lanes_0.u_ddr_phy_4lanes/ddr_byte_lane_A.ddr_byte_lane_A/in_fifo_gen.in_fifo/RDCLK
Max Period        n/a     MMCME2_ADV/CLKFBIN  n/a            100.000       10.000      90.000     MMCME2_ADV_X1Y0  u_ddr3/u_mig_7series_0/u_mig_7series_0_mig/u_ddr3_infrastructure/gen_mmcm.mmcm_i/CLKFBIN
Low Pulse Width   Slow    IN_FIFO/RDCLK       n/a            2.150         5.000       2.850      IN_FIFO_X1Y0     u_ddr3/u_mig_7series_0/u_mig_7series_0_mig/u_memc_ui_top_axi/mem_intfc0/ddr_phy_top0/u_ddr_mc_phy_wrapper/u_ddr_mc_phy/ddr_phy_4lanes_0.u_ddr_phy_4lanes/ddr_byte_lane_A.ddr_byte_lane_A/in_fifo_gen.in_fifo/RDCLK
High Pulse Width  Fast    OUT_FIFO/WRCLK      n/a            2.150         5.000       2.850      OUT_FIFO_X1Y2    u_ddr3/u_mig_7series_0/u_mig_7series_0_mig/u_memc_ui_top_axi/mem_intfc0/ddr_phy_top0/u_ddr_mc_phy_wrapper/u_ddr_mc_phy/ddr_phy_4lanes_0.u_ddr_phy_4lanes/ddr_byte_lane_C.ddr_byte_lane_C/out_fifo/WRCLK



---------------------------------------------------------------------------------------------------
From Clock:  pll_clkfbout
  To Clock:  pll_clkfbout

Setup :           NA  Failing Endpoints,  Worst Slack           NA  ,  Total Violation           NA
Hold  :           NA  Failing Endpoints,  Worst Slack           NA  ,  Total Violation           NA
PW    :            0  Failing Endpoints,  Worst Slack        3.751ns,  Total Violation        0.000ns
---------------------------------------------------------------------------------------------------


Pulse Width Checks
--------------------------------------------------------------------------------------
Clock Name:         pll_clkfbout
Waveform(ns):       { 0.000 2.500 }
Period(ns):         5.000
Sources:            { u_ddr3/u_mig_7series_0/u_mig_7series_0_mig/u_ddr3_infrastructure/plle2_i/CLKFBOUT }

Check Type  Corner  Lib Pin             Reference Pin  Required(ns)  Actual(ns)  Slack(ns)  Location        Pin
Min Period  n/a     PLLE2_ADV/CLKFBOUT  n/a            1.249         5.000       3.751      PLLE2_ADV_X1Y0  u_ddr3/u_mig_7series_0/u_mig_7series_0_mig/u_ddr3_infrastructure/plle2_i/CLKFBOUT
Max Period  n/a     PLLE2_ADV/CLKFBIN   n/a            52.633        5.000       47.633     PLLE2_ADV_X1Y0  u_ddr3/u_mig_7series_0/u_mig_7series_0_mig/u_ddr3_infrastructure/plle2_i/CLKFBIN



---------------------------------------------------------------------------------------------------
From Clock:  sync_pulse
  To Clock:  sync_pulse

Setup :           NA  Failing Endpoints,  Worst Slack           NA  ,  Total Violation           NA
Hold  :           NA  Failing Endpoints,  Worst Slack           NA  ,  Total Violation           NA
PW    :            0  Failing Endpoints,  Worst Slack        1.428ns,  Total Violation        0.000ns
---------------------------------------------------------------------------------------------------


Pulse Width Checks
--------------------------------------------------------------------------------------
Clock Name:         sync_pulse
Waveform(ns):       { 1.094 3.594 }
Period(ns):         40.000
Sources:            { u_ddr3/u_mig_7series_0/u_mig_7series_0_mig/u_ddr3_infrastructure/plle2_i/CLKOUT2 }

Check Type        Corner  Lib Pin               Reference Pin  Required(ns)  Actual(ns)  Slack(ns)  Location            Pin
Min Period        n/a     PLLE2_ADV/CLKOUT2     n/a            1.249         40.000      38.751     PLLE2_ADV_X1Y0      u_ddr3/u_mig_7series_0/u_mig_7series_0_mig/u_ddr3_infrastructure/plle2_i/CLKOUT2
Max Period        n/a     PLLE2_ADV/CLKOUT2     n/a            160.000       40.000      120.000    PLLE2_ADV_X1Y0      u_ddr3/u_mig_7series_0/u_mig_7series_0_mig/u_ddr3_infrastructure/plle2_i/CLKOUT2
High Pulse Width  Slow    PHASER_IN_PHY/SYNCIN  n/a            1.072         2.500       1.428      PHASER_IN_PHY_X1Y0  u_ddr3/u_mig_7series_0/u_mig_7series_0_mig/u_memc_ui_top_axi/mem_intfc0/ddr_phy_top0/u_ddr_mc_phy_wrapper/u_ddr_mc_phy/ddr_phy_4lanes_0.u_ddr_phy_4lanes/ddr_byte_lane_A.ddr_byte_lane_A/phaser_in_gen.phaser_in/SYNCIN



---------------------------------------------------------------------------------------------------
From Clock:  clk_out2_mmcm
  To Clock:  clk_out2_mmcm

Setup :            0  Failing Endpoints,  Worst Slack        2.669ns,  Total Violation        0.000ns
Hold  :            0  Failing Endpoints,  Worst Slack        0.117ns,  Total Violation        0.000ns
PW    :            0  Failing Endpoints,  Worst Slack        3.870ns,  Total Violation        0.000ns
---------------------------------------------------------------------------------------------------


Max Delay Paths
--------------------------------------------------------------------------------------
Slack (MET) :             2.669ns  (required time - arrival time)
  Source:                 u_ddr3/rd_ddr3_fifo/U0/inst_fifo_gen/gconvfifo.rf/grf.rf/gntv_or_sync_fifo.mem/goreg_bm.dout_i_reg[4]/C
                            (rising edge-triggered cell FDRE clocked by clk_out2_mmcm  {rise@0.000ns fall@5.000ns period=10.000ns})
  Destination:            output_crc_report_reg[15]/CE
                            (rising edge-triggered cell FDRE clocked by clk_out2_mmcm  {rise@0.000ns fall@5.000ns period=10.000ns})
  Path Group:             clk_out2_mmcm
  Path Type:              Setup (Max at Slow Process Corner)
  Requirement:            10.000ns  (clk_out2_mmcm rise@10.000ns - clk_out2_mmcm rise@0.000ns)
  Data Path Delay:        7.100ns  (logic 2.016ns (28.393%)  route 5.084ns (71.607%))
  Logic Levels:           7  (CARRY4=2 LUT2=1 LUT5=1 LUT6=3)
  Clock Path Skew:        0.026ns (DCD - SCD + CPR)
    Destination Clock Delay (DCD):    -0.938ns = ( 9.062 - 10.000 ) 
    Source Clock Delay      (SCD):    -0.562ns
    Clock Pessimism Removal (CPR):    0.402ns
  Clock Uncertainty:      0.088ns  ((TSJ^2 + DJ^2)^1/2) / 2 + PE
    Total System Jitter     (TSJ):    0.071ns
    Discrete Jitter          (DJ):    0.162ns
    Phase Error              (PE):    0.000ns

    Location             Delay type                Incr(ns)  Path(ns)    Netlist Resource(s)
  -------------------------------------------------------------------    -------------------
                         (clock clk_out2_mmcm rise edge)
                                                      0.000     0.000 r  
    Y18                                               0.000     0.000 r  Clk (IN)
                         net (fo=0)                   0.000     0.000    u_mmcm/inst/clk_in1
    Y18                  IBUF (Prop_ibuf_I_O)         1.427     1.427 r  u_mmcm/inst/clkin1_ibufg/O
                         net (fo=1, routed)           1.065     2.492    u_mmcm/inst/clk_in1_mmcm
    MMCME2_ADV_X0Y0      MMCME2_ADV (Prop_mmcme2_adv_CLKIN1_CLKOUT1)
                                                     -5.924    -3.433 r  u_mmcm/inst/mmcm_adv_inst/CLKOUT1
                         net (fo=1, routed)           1.425    -2.008    u_mmcm/inst/clk_out2_mmcm
    BUFGCTRL_X0Y2        BUFG (Prop_bufg_I_O)         0.081    -1.927 r  u_mmcm/inst/clkout2_buf/O
                         net (fo=489, routed)         1.365    -0.562    u_ddr3/rd_ddr3_fifo/U0/inst_fifo_gen/gconvfifo.rf/grf.rf/gntv_or_sync_fifo.mem/rd_clk
    SLICE_X8Y15          FDRE                                         r  u_ddr3/rd_ddr3_fifo/U0/inst_fifo_gen/gconvfifo.rf/grf.rf/gntv_or_sync_fifo.mem/goreg_bm.dout_i_reg[4]/C
  -------------------------------------------------------------------    -------------------
    SLICE_X8Y15          FDRE (Prop_fdre_C_Q)         0.433    -0.129 r  u_ddr3/rd_ddr3_fifo/U0/inst_fifo_gen/gconvfifo.rf/grf.rf/gntv_or_sync_fifo.mem/goreg_bm.dout_i_reg[4]/Q
                         net (fo=25, routed)          1.319     1.190    u_ddr3/rdfifo_dout[4]
    SLICE_X2Y12          LUT2 (Prop_lut2_I0_O)        0.116     1.306 r  u_ddr3/read_crc[12]_i_2/O
                         net (fo=8, routed)           0.823     2.129    u_ddr3/p_0_in1_out[4]
    SLICE_X3Y15          LUT6 (Prop_lut6_I4_O)        0.283     2.412 r  u_ddr3/read_crc[30]_i_2/O
                         net (fo=22, routed)          0.744     3.156    u_ddr3/read_crc[30]_i_2_n_0
    SLICE_X2Y14          LUT5 (Prop_lut5_I4_O)        0.118     3.274 r  u_ddr3/read_crc[23]_i_1/O
                         net (fo=4, routed)           0.487     3.762    u_ddr3/read_crc_reg[15][23]
    SLICE_X5Y14          LUT6 (Prop_lut6_I4_O)        0.283     4.045 r  u_ddr3/output_crc_report[31]_i_16/O
                         net (fo=1, routed)           0.000     4.045    u_ddr3/output_crc_report[31]_i_16_n_0
    SLICE_X5Y14          CARRY4 (Prop_carry4_S[3]_CO[3])
                                                      0.332     4.377 r  u_ddr3/output_crc_report_reg[31]_i_7/CO[3]
                         net (fo=1, routed)           0.000     4.377    u_ddr3/output_crc_report_reg[31]_i_7_n_0
    SLICE_X5Y15          CARRY4 (Prop_carry4_CI_CO[2])
                                                      0.190     4.567 r  u_ddr3/output_crc_report_reg[31]_i_4/CO[2]
                         net (fo=6, routed)           0.775     5.342    u_ddr3/read_verified0
    SLICE_X6Y25          LUT6 (Prop_lut6_I1_O)        0.261     5.603 r  u_ddr3/output_crc_report[31]_i_1/O
                         net (fo=32, routed)          0.935     6.538    output_crc_report
    SLICE_X1Y14          FDRE                                         r  output_crc_report_reg[15]/CE
  -------------------------------------------------------------------    -------------------

                         (clock clk_out2_mmcm rise edge)
                                                     10.000    10.000 r  
    Y18                                               0.000    10.000 r  Clk (IN)
                         net (fo=0)                   0.000    10.000    u_mmcm/inst/clk_in1
    Y18                  IBUF (Prop_ibuf_I_O)         1.361    11.361 r  u_mmcm/inst/clkin1_ibufg/O
                         net (fo=1, routed)           1.004    12.364    u_mmcm/inst/clk_in1_mmcm
    MMCME2_ADV_X0Y0      MMCME2_ADV (Prop_mmcme2_adv_CLKIN1_CLKOUT1)
                                                     -6.061     6.303 r  u_mmcm/inst/mmcm_adv_inst/CLKOUT1
                         net (fo=1, routed)           1.357     7.661    u_mmcm/inst/clk_out2_mmcm
    BUFGCTRL_X0Y2        BUFG (Prop_bufg_I_O)         0.077     7.738 r  u_mmcm/inst/clkout2_buf/O
                         net (fo=489, routed)         1.325     9.062    clk_100m
    SLICE_X1Y14          FDRE                                         r  output_crc_report_reg[15]/C
                         clock pessimism              0.402     9.464    
                         clock uncertainty           -0.088     9.376    
    SLICE_X1Y14          FDRE (Setup_fdre_C_CE)      -0.168     9.208    output_crc_report_reg[15]
  -------------------------------------------------------------------
                         required time                          9.208    
                         arrival time                          -6.538    
  -------------------------------------------------------------------
                         slack                                  2.669    





Min Delay Paths
--------------------------------------------------------------------------------------
Slack (MET) :             0.117ns  (arrival time - required time)
  Source:                 u_tensor_packetizer/checksum_reg[26]/C
                            (rising edge-triggered cell FDSE clocked by clk_out2_mmcm  {rise@0.000ns fall@5.000ns period=10.000ns})
  Destination:            u_tensor_packetizer/packet_crc_reg[10]/D
                            (rising edge-triggered cell FDRE clocked by clk_out2_mmcm  {rise@0.000ns fall@5.000ns period=10.000ns})
  Path Group:             clk_out2_mmcm
  Path Type:              Hold (Min at Fast Process Corner)
  Requirement:            0.000ns  (clk_out2_mmcm rise@0.000ns - clk_out2_mmcm rise@0.000ns)
  Data Path Delay:        0.251ns  (logic 0.186ns (74.095%)  route 0.065ns (25.905%))
  Logic Levels:           1  (LUT4=1)
  Clock Path Skew:        0.013ns (DCD - SCD - CPR)
    Destination Clock Delay (DCD):    -0.789ns
    Source Clock Delay      (SCD):    -0.553ns
    Clock Pessimism Removal (CPR):    -0.249ns

    Location             Delay type                Incr(ns)  Path(ns)    Netlist Resource(s)
  -------------------------------------------------------------------    -------------------
                         (clock clk_out2_mmcm rise edge)
                                                      0.000     0.000 r  
    Y18                                               0.000     0.000 r  Clk (IN)
                         net (fo=0)                   0.000     0.000    u_mmcm/inst/clk_in1
    Y18                  IBUF (Prop_ibuf_I_O)         0.264     0.264 r  u_mmcm/inst/clkin1_ibufg/O
                         net (fo=1, routed)           0.440     0.704    u_mmcm/inst/clk_in1_mmcm
    MMCME2_ADV_X0Y0      MMCME2_ADV (Prop_mmcme2_adv_CLKIN1_CLKOUT1)
                                                     -2.362    -1.659 r  u_mmcm/inst/mmcm_adv_inst/CLKOUT1
                         net (fo=1, routed)           0.489    -1.170    u_mmcm/inst/clk_out2_mmcm
    BUFGCTRL_X0Y2        BUFG (Prop_bufg_I_O)         0.026    -1.144 r  u_mmcm/inst/clkout2_buf/O
                         net (fo=489, routed)         0.591    -0.553    u_tensor_packetizer/clk_out2
    SLICE_X7Y10          FDSE                                         r  u_tensor_packetizer/checksum_reg[26]/C
  -------------------------------------------------------------------    -------------------
    SLICE_X7Y10          FDSE (Prop_fdse_C_Q)         0.141    -0.412 r  u_tensor_packetizer/checksum_reg[26]/Q
                         net (fo=2, routed)           0.065    -0.347    u_tensor_packetizer/checksum_reg_n_0_[26]
    SLICE_X6Y10          LUT4 (Prop_lut4_I3_O)        0.045    -0.302 r  u_tensor_packetizer/packet_crc[10]_i_1/O
                         net (fo=1, routed)           0.000    -0.302    u_tensor_packetizer/packet_crc[10]_i_1_n_0
    SLICE_X6Y10          FDRE                                         r  u_tensor_packetizer/packet_crc_reg[10]/D
  -------------------------------------------------------------------    -------------------

                         (clock clk_out2_mmcm rise edge)
                                                      0.000     0.000 r  
    Y18                                               0.000     0.000 r  Clk (IN)
                         net (fo=0)                   0.000     0.000    u_mmcm/inst/clk_in1
    Y18                  IBUF (Prop_ibuf_I_O)         0.452     0.452 r  u_mmcm/inst/clkin1_ibufg/O
                         net (fo=1, routed)           0.480     0.932    u_mmcm/inst/clk_in1_mmcm
    MMCME2_ADV_X0Y0      MMCME2_ADV (Prop_mmcme2_adv_CLKIN1_CLKOUT1)
                                                     -3.145    -2.214 r  u_mmcm/inst/mmcm_adv_inst/CLKOUT1
                         net (fo=1, routed)           0.534    -1.680    u_mmcm/inst/clk_out2_mmcm
    BUFGCTRL_X0Y2        BUFG (Prop_bufg_I_O)         0.029    -1.651 r  u_mmcm/inst/clkout2_buf/O
                         net (fo=489, routed)         0.862    -0.789    u_tensor_packetizer/clk_out2
    SLICE_X6Y10          FDRE                                         r  u_tensor_packetizer/packet_crc_reg[10]/C
                         clock pessimism              0.249    -0.540    
    SLICE_X6Y10          FDRE (Hold_fdre_C_D)         0.121    -0.419    u_tensor_packetizer/packet_crc_reg[10]
  -------------------------------------------------------------------
                         required time                          0.419    
                         arrival time                          -0.302    
  -------------------------------------------------------------------
                         slack                                  0.117    





Pulse Width Checks
--------------------------------------------------------------------------------------
Clock Name:         clk_out2_mmcm
Waveform(ns):       { 0.000 5.000 }
Period(ns):         10.000
Sources:            { u_mmcm/inst/mmcm_adv_inst/CLKOUT1 }

Check Type        Corner  Lib Pin             Reference Pin  Required(ns)  Actual(ns)  Slack(ns)  Location         Pin
Min Period        n/a     RAMB36E1/CLKARDCLK  n/a            2.170         10.000      7.830      RAMB36_X1Y3      u_ddr3/rd_ddr3_fifo/U0/inst_fifo_gen/gconvfifo.rf/grf.rf/gntv_or_sync_fifo.mem/gbm.gbmg.gbmga.ngecc.bmg/inst_blk_mem_gen/gnbram.gnativebmg.native_blk_mem_gen/valid.cstr/ramloop[0].ram.r/prim_noinit.ram/DEVICE_7SERIES.NO_BMM_INFO.SDP.WIDE_PRIM36_NO_ECC.ram/CLKARDCLK
Max Period        n/a     MMCME2_ADV/CLKOUT1  n/a            213.360       10.000      203.360    MMCME2_ADV_X0Y0  u_mmcm/inst/mmcm_adv_inst/CLKOUT1
Low Pulse Width   Slow    RAMD64E/CLK         n/a            1.130         5.000       3.870      SLICE_X2Y24      u_tensor_packetizer/words_reg_0_63_0_2/RAMA/CLK
High Pulse Width  Fast    RAMD64E/CLK         n/a            1.130         5.000       3.870      SLICE_X6Y17      u_tensor_packetizer/words_reg_0_63_12_14/RAMA/CLK



---------------------------------------------------------------------------------------------------
From Clock:  clkfbout_mmcm
  To Clock:  clkfbout_mmcm

Setup :           NA  Failing Endpoints,  Worst Slack           NA  ,  Total Violation           NA
Hold  :           NA  Failing Endpoints,  Worst Slack           NA  ,  Total Violation           NA
PW    :            0  Failing Endpoints,  Worst Slack       18.408ns,  Total Violation        0.000ns
---------------------------------------------------------------------------------------------------


Pulse Width Checks
--------------------------------------------------------------------------------------
Clock Name:         clkfbout_mmcm
Waveform(ns):       { 0.000 10.000 }
Period(ns):         20.000
Sources:            { u_mmcm/inst/mmcm_adv_inst/CLKFBOUT }

Check Type  Corner  Lib Pin             Reference Pin  Required(ns)  Actual(ns)  Slack(ns)  Location         Pin
Min Period  n/a     BUFG/I              n/a            1.592         20.000      18.408     BUFGCTRL_X0Y3    u_mmcm/inst/clkf_buf/I
Max Period  n/a     MMCME2_ADV/CLKFBIN  n/a            100.000       20.000      80.000     MMCME2_ADV_X0Y0  u_mmcm/inst/mmcm_adv_inst/CLKFBIN



---------------------------------------------------------------------------------------------------
From Clock:  rgmii_rx_clk_i
  To Clock:  rgmii_rx_clk_i

Setup :           NA  Failing Endpoints,  Worst Slack           NA  ,  Total Violation           NA
Hold  :           NA  Failing Endpoints,  Worst Slack           NA  ,  Total Violation           NA
PW    :            0  Failing Endpoints,  Worst Slack        2.000ns,  Total Violation        0.000ns
---------------------------------------------------------------------------------------------------


Pulse Width Checks
--------------------------------------------------------------------------------------
Clock Name:         rgmii_rx_clk_i
Waveform(ns):       { 0.000 4.000 }
Period(ns):         8.000
Sources:            { rgmii_rx_clk_i }

Check Type        Corner  Lib Pin            Reference Pin  Required(ns)  Actual(ns)  Slack(ns)  Location         Pin
Min Period        n/a     MMCME2_ADV/CLKIN1  n/a            1.249         8.000       6.751      MMCME2_ADV_X0Y2  u_rxclk/inst/mmcm_adv_inst/CLKIN1
Max Period        n/a     MMCME2_ADV/CLKIN1  n/a            100.000       8.000       92.000     MMCME2_ADV_X0Y2  u_rxclk/inst/mmcm_adv_inst/CLKIN1
Low Pulse Width   Slow    MMCME2_ADV/CLKIN1  n/a            2.000         4.000       2.000      MMCME2_ADV_X0Y2  u_rxclk/inst/mmcm_adv_inst/CLKIN1
High Pulse Width  Fast    MMCME2_ADV/CLKIN1  n/a            2.000         4.000       2.000      MMCME2_ADV_X0Y2  u_rxclk/inst/mmcm_adv_inst/CLKIN1



---------------------------------------------------------------------------------------------------
From Clock:  clk_out1_clk_wiz_0
  To Clock:  clk_out1_clk_wiz_0

Setup :            0  Failing Endpoints,  Worst Slack        2.538ns,  Total Violation        0.000ns
Hold  :            0  Failing Endpoints,  Worst Slack        0.056ns,  Total Violation        0.000ns
PW    :            0  Failing Endpoints,  Worst Slack        3.146ns,  Total Violation        0.000ns
---------------------------------------------------------------------------------------------------


Max Delay Paths
--------------------------------------------------------------------------------------
Slack (MET) :             2.538ns  (required time - arrival time)
  Source:                 u_udp_rx/ip_checksum/suma_reg[17]/C
                            (rising edge-triggered cell FDCE clocked by clk_out1_clk_wiz_0  {rise@2.000ns fall@6.000ns period=8.000ns})
  Destination:            u_udp_rx/ip_header_check_ok_reg/D
                            (rising edge-triggered cell FDCE clocked by clk_out1_clk_wiz_0  {rise@2.000ns fall@6.000ns period=8.000ns})
  Path Group:             clk_out1_clk_wiz_0
  Path Type:              Setup (Max at Slow Process Corner)
  Requirement:            8.000ns  (clk_out1_clk_wiz_0 rise@10.000ns - clk_out1_clk_wiz_0 rise@2.000ns)
  Data Path Delay:        5.397ns  (logic 3.431ns (63.573%)  route 1.966ns (36.427%))
  Logic Levels:           14  (CARRY4=11 LUT2=2 LUT6=1)
  Clock Path Skew:        -0.042ns (DCD - SCD + CPR)
    Destination Clock Delay (DCD):    -0.662ns = ( 9.338 - 10.000 ) 
    Source Clock Delay      (SCD):    -0.203ns = ( 1.797 - 2.000 ) 
    Clock Pessimism Removal (CPR):    0.416ns
  Clock Uncertainty:      0.069ns  ((TSJ^2 + DJ^2)^1/2) / 2 + PE
    Total System Jitter     (TSJ):    0.071ns
    Discrete Jitter          (DJ):    0.119ns
    Phase Error              (PE):    0.000ns

    Location             Delay type                Incr(ns)  Path(ns)    Netlist Resource(s)
  -------------------------------------------------------------------    -------------------
                         (clock clk_out1_clk_wiz_0 rise edge)
                                                      2.000     2.000 r  
    W19                                               0.000     2.000 r  rgmii_rx_clk_i (IN)
                         net (fo=0)                   0.000     2.000    u_rxclk/inst/clk_in1
    W19                  IBUF (Prop_ibuf_I_O)         1.423     3.423 r  u_rxclk/inst/clkin1_ibufg/O
                         net (fo=1, routed)           1.382     4.806    u_rxclk/inst/clk_in1_clk_wiz_0
    MMCME2_ADV_X0Y2      MMCME2_ADV (Prop_mmcme2_adv_CLKIN1_CLKOUT0)
                                                     -6.208    -1.402 r  u_rxclk/inst/mmcm_adv_inst/CLKOUT0
                         net (fo=1, routed)           1.698     0.295    u_rxclk/inst/clk_out1_clk_wiz_0
    BUFGCTRL_X0Y16       BUFG (Prop_bufg_I_O)         0.081     0.376 r  u_rxclk/inst/clkout1_buf/O
                         net (fo=929, routed)         1.420     1.797    u_udp_rx/ip_checksum/clk_out1
    SLICE_X6Y59          FDCE                                         r  u_udp_rx/ip_checksum/suma_reg[17]/C
  -------------------------------------------------------------------    -------------------
    SLICE_X6Y59          FDCE (Prop_fdce_C_Q)         0.433     2.230 r  u_udp_rx/ip_checksum/suma_reg[17]/Q
                         net (fo=2, routed)           0.702     2.932    u_udp_rx/ip_checksum/p_1_in[1]
    SLICE_X5Y55          LUT2 (Prop_lut2_I0_O)        0.105     3.037 r  u_udp_rx/ip_checksum/ip_header_check_ok_i_41/O
                         net (fo=1, routed)           0.000     3.037    u_udp_rx/ip_checksum/ip_header_check_ok_i_41_n_0
    SLICE_X5Y55          CARRY4 (Prop_carry4_S[1]_CO[3])
                                                      0.457     3.494 r  u_udp_rx/ip_checksum/ip_header_check_ok_reg_i_37/CO[3]
                         net (fo=1, routed)           0.000     3.494    u_udp_rx/ip_checksum/ip_header_check_ok_reg_i_37_n_0
    SLICE_X5Y56          CARRY4 (Prop_carry4_CI_CO[3])
                                                      0.098     3.592 r  u_udp_rx/ip_checksum/ip_header_check_ok_reg_i_31/CO[3]
                         net (fo=1, routed)           0.000     3.592    u_udp_rx/ip_checksum/ip_header_check_ok_reg_i_31_n_0
    SLICE_X5Y57          CARRY4 (Prop_carry4_CI_CO[3])
                                                      0.098     3.690 r  u_udp_rx/ip_checksum/ip_header_check_ok_reg_i_30/CO[3]
                         net (fo=1, routed)           0.000     3.690    u_udp_rx/ip_checksum/ip_header_check_ok_reg_i_30_n_0
    SLICE_X5Y58          CARRY4 (Prop_carry4_CI_CO[3])
                                                      0.098     3.788 r  u_udp_rx/ip_checksum/ip_header_check_ok_reg_i_29/CO[3]
                         net (fo=1, routed)           0.000     3.788    u_udp_rx/ip_checksum/ip_header_check_ok_reg_i_29_n_0
    SLICE_X5Y59          CARRY4 (Prop_carry4_CI_CO[0])
                                                      0.216     4.004 r  u_udp_rx/ip_checksum/ip_header_check_ok_reg_i_36/CO[0]
                         net (fo=2, routed)           0.604     4.607    u_udp_rx/ip_checksum_n_16
    SLICE_X3Y55          LUT2 (Prop_lut2_I0_O)        0.309     4.916 r  u_udp_rx/ip_header_check_ok_i_38/O
                         net (fo=1, routed)           0.000     4.916    u_udp_rx/ip_header_check_ok_i_38_n_0
    SLICE_X3Y55          CARRY4 (Prop_carry4_S[0]_CO[3])
                                                      0.440     5.356 r  u_udp_rx/ip_header_check_ok_reg_i_28/CO[3]
                         net (fo=1, routed)           0.000     5.356    u_udp_rx/ip_header_check_ok_reg_i_28_n_0
    SLICE_X3Y56          CARRY4 (Prop_carry4_CI_CO[3])
                                                      0.098     5.454 r  u_udp_rx/ip_header_check_ok_reg_i_22/CO[3]
                         net (fo=1, routed)           0.000     5.454    u_udp_rx/ip_header_check_ok_reg_i_22_n_0
    SLICE_X3Y57          CARRY4 (Prop_carry4_CI_O[3])
                                                      0.260     5.714 r  u_udp_rx/ip_header_check_ok_reg_i_21/O[3]
                         net (fo=1, routed)           0.660     6.375    u_udp_rx/sumc[11]
    SLICE_X1Y57          LUT6 (Prop_lut6_I2_O)        0.257     6.632 r  u_udp_rx/ip_header_check_ok_i_12/O
                         net (fo=1, routed)           0.000     6.632    u_udp_rx/ip_header_check_ok_i_12_n_0
    SLICE_X1Y57          CARRY4 (Prop_carry4_S[2]_CO[3])
                                                      0.332     6.964 r  u_udp_rx/ip_header_check_ok_reg_i_5/CO[3]
                         net (fo=1, routed)           0.000     6.964    u_udp_rx/ip_header_check_ok_reg_i_5_n_0
    SLICE_X1Y58          CARRY4 (Prop_carry4_CI_CO[3])
                                                      0.098     7.062 r  u_udp_rx/ip_header_check_ok_reg_i_2/CO[3]
                         net (fo=1, routed)           0.000     7.062    u_udp_rx/ip_header_check_ok_reg_i_2_n_0
    SLICE_X1Y59          CARRY4 (Prop_carry4_CI_CO[1])
                                                      0.132     7.194 r  u_udp_rx/ip_header_check_ok_reg_i_1/CO[1]
                         net (fo=1, routed)           0.000     7.194    u_udp_rx/ip_header_check_ok_reg_i_1_n_2
    SLICE_X1Y59          FDCE                                         r  u_udp_rx/ip_header_check_ok_reg/D
  -------------------------------------------------------------------    -------------------

                         (clock clk_out1_clk_wiz_0 rise edge)
                                                     10.000    10.000 r  
    W19                                               0.000    10.000 r  rgmii_rx_clk_i (IN)
                         net (fo=0)                   0.000    10.000    u_rxclk/inst/clk_in1
    W19                  IBUF (Prop_ibuf_I_O)         1.357    11.357 r  u_rxclk/inst/clkin1_ibufg/O
                         net (fo=1, routed)           1.306    12.663    u_rxclk/inst/clk_in1_clk_wiz_0
    MMCME2_ADV_X0Y2      MMCME2_ADV (Prop_mmcme2_adv_CLKIN1_CLKOUT0)
                                                     -6.332     6.331 r  u_rxclk/inst/mmcm_adv_inst/CLKOUT0
                         net (fo=1, routed)           1.617     7.948    u_rxclk/inst/clk_out1_clk_wiz_0
    BUFGCTRL_X0Y16       BUFG (Prop_bufg_I_O)         0.077     8.025 r  u_rxclk/inst/clkout1_buf/O
                         net (fo=929, routed)         1.313     9.338    u_udp_rx/clk_out1
    SLICE_X1Y59          FDCE                                         r  u_udp_rx/ip_header_check_ok_reg/C
                         clock pessimism              0.416     9.755    
                         clock uncertainty           -0.069     9.685    
    SLICE_X1Y59          FDCE (Setup_fdce_C_D)        0.046     9.731    u_udp_rx/ip_header_check_ok_reg
  -------------------------------------------------------------------
                         required time                          9.731    
                         arrival time                          -7.194    
  -------------------------------------------------------------------
                         slack                                  2.538    





Min Delay Paths
--------------------------------------------------------------------------------------
Slack (MET) :             0.056ns  (arrival time - required time)
  Source:                 u_udp_rx/rx_data_dly1_reg[6]/C
                            (rising edge-triggered cell FDRE clocked by clk_out1_clk_wiz_0  {rise@2.000ns fall@6.000ns period=8.000ns})
  Destination:            u_udp_rx/rx_data_dly2_reg[6]/D
                            (rising edge-triggered cell FDRE clocked by clk_out1_clk_wiz_0  {rise@2.000ns fall@6.000ns period=8.000ns})
  Path Group:             clk_out1_clk_wiz_0
  Path Type:              Hold (Min at Fast Process Corner)
  Requirement:            0.000ns  (clk_out1_clk_wiz_0 rise@2.000ns - clk_out1_clk_wiz_0 rise@2.000ns)
  Data Path Delay:        0.380ns  (logic 0.141ns (37.115%)  route 0.239ns (62.885%))
  Logic Levels:           0  
  Clock Path Skew:        0.265ns (DCD - SCD - CPR)
    Destination Clock Delay (DCD):    -0.656ns = ( 1.344 - 2.000 ) 
    Source Clock Delay      (SCD):    -0.428ns = ( 1.572 - 2.000 ) 
    Clock Pessimism Removal (CPR):    -0.493ns

    Location             Delay type                Incr(ns)  Path(ns)    Netlist Resource(s)
  -------------------------------------------------------------------    -------------------
                         (clock clk_out1_clk_wiz_0 rise edge)
                                                      2.000     2.000 r  
    W19                                               0.000     2.000 r  rgmii_rx_clk_i (IN)
                         net (fo=0)                   0.000     2.000    u_rxclk/inst/clk_in1
    W19                  IBUF (Prop_ibuf_I_O)         0.260     2.260 r  u_rxclk/inst/clkin1_ibufg/O
                         net (fo=1, routed)           0.559     2.819    u_rxclk/inst/clk_in1_clk_wiz_0
    MMCME2_ADV_X0Y2      MMCME2_ADV (Prop_mmcme2_adv_CLKIN1_CLKOUT0)
                                                     -2.528     0.292 r  u_rxclk/inst/mmcm_adv_inst/CLKOUT0
                         net (fo=1, routed)           0.656     0.948    u_rxclk/inst/clk_out1_clk_wiz_0
    BUFGCTRL_X0Y16       BUFG (Prop_bufg_I_O)         0.026     0.974 r  u_rxclk/inst/clkout1_buf/O
                         net (fo=929, routed)         0.598     1.572    u_udp_rx/clk_out1
    SLICE_X0Y49          FDRE                                         r  u_udp_rx/rx_data_dly1_reg[6]/C
  -------------------------------------------------------------------    -------------------
    SLICE_X0Y49          FDRE (Prop_fdre_C_Q)         0.141     1.713 r  u_udp_rx/rx_data_dly1_reg[6]/Q
                         net (fo=1, routed)           0.239     1.952    u_udp_rx/rx_data_dly1[6]
    SLICE_X3Y52          FDRE                                         r  u_udp_rx/rx_data_dly2_reg[6]/D
  -------------------------------------------------------------------    -------------------

                         (clock clk_out1_clk_wiz_0 rise edge)
                                                      2.000     2.000 r  
    W19                                               0.000     2.000 r  rgmii_rx_clk_i (IN)
                         net (fo=0)                   0.000     2.000    u_rxclk/inst/clk_in1
    W19                  IBUF (Prop_ibuf_I_O)         0.448     2.448 r  u_rxclk/inst/clkin1_ibufg/O
                         net (fo=1, routed)           0.613     3.061    u_rxclk/inst/clk_in1_clk_wiz_0
    MMCME2_ADV_X0Y2      MMCME2_ADV (Prop_mmcme2_adv_CLKIN1_CLKOUT0)
                                                     -3.319    -0.258 r  u_rxclk/inst/mmcm_adv_inst/CLKOUT0
                         net (fo=1, routed)           0.710     0.452    u_rxclk/inst/clk_out1_clk_wiz_0
    BUFGCTRL_X0Y16       BUFG (Prop_bufg_I_O)         0.029     0.481 r  u_rxclk/inst/clkout1_buf/O
                         net (fo=929, routed)         0.863     1.344    u_udp_rx/clk_out1
    SLICE_X3Y52          FDRE                                         r  u_udp_rx/rx_data_dly2_reg[6]/C
                         clock pessimism              0.493     1.837    
    SLICE_X3Y52          FDRE (Hold_fdre_C_D)         0.059     1.896    u_udp_rx/rx_data_dly2_reg[6]
  -------------------------------------------------------------------
                         required time                         -1.896    
                         arrival time                           1.952    
  -------------------------------------------------------------------
                         slack                                  0.056    





Pulse Width Checks
--------------------------------------------------------------------------------------
Clock Name:         clk_out1_clk_wiz_0
Waveform(ns):       { 2.000 6.000 }
Period(ns):         8.000
Sources:            { u_rxclk/inst/mmcm_adv_inst/CLKOUT0 }

Check Type        Corner  Lib Pin             Reference Pin  Required(ns)  Actual(ns)  Slack(ns)  Location         Pin
Min Period        n/a     RAMB36E1/CLKBWRCLK  n/a            2.170         8.000       5.830      RAMB36_X1Y4      u_ddr3/wr_ddr3_fifo/U0/inst_fifo_gen/gconvfifo.rf/grf.rf/gntv_or_sync_fifo.mem/gbm.gbmg.gbmga.ngecc.bmg/inst_blk_mem_gen/gnbram.gnativebmg.native_blk_mem_gen/valid.cstr/ramloop[0].ram.r/prim_noinit.ram/DEVICE_7SERIES.NO_BMM_INFO.SDP.WIDE_PRIM36_NO_ECC_sp.ram/CLKBWRCLK
Max Period        n/a     MMCME2_ADV/CLKOUT0  n/a            213.360       8.000       205.360    MMCME2_ADV_X0Y2  u_rxclk/inst/mmcm_adv_inst/CLKOUT0
Low Pulse Width   Slow    SRL16E/CLK          n/a            0.854         4.000       3.146      SLICE_X30Y16     u_ddr3/wr_ddr3_fifo/U0/inst_fifo_gen/gconvfifo.rf/grf.rf/gntv_or_sync_fifo.mem/gbm.gbmg.gbmga.ngecc.bmg/inst_blk_mem_gen/gnbram.gnativebmg.native_blk_mem_gen/valid.cstr/ramloop[1].ram.r/SAFETY_CKT_GEN.ENA_NO_REG.ENA_dly_reg_srl2/CLK
High Pulse Width  Slow    SRL16E/CLK          n/a            0.854         4.000       3.146      SLICE_X30Y16     u_ddr3/wr_ddr3_fifo/U0/inst_fifo_gen/gconvfifo.rf/grf.rf/gntv_or_sync_fifo.mem/gbm.gbmg.gbmga.ngecc.bmg/inst_blk_mem_gen/gnbram.gnativebmg.native_blk_mem_gen/valid.cstr/ramloop[1].ram.r/SAFETY_CKT_GEN.ENA_NO_REG.ENA_dly_reg_srl2/CLK



---------------------------------------------------------------------------------------------------
From Clock:  clkfbout_clk_wiz_0
  To Clock:  clkfbout_clk_wiz_0

Setup :           NA  Failing Endpoints,  Worst Slack           NA  ,  Total Violation           NA
Hold  :           NA  Failing Endpoints,  Worst Slack           NA  ,  Total Violation           NA
PW    :            0  Failing Endpoints,  Worst Slack        6.408ns,  Total Violation        0.000ns
---------------------------------------------------------------------------------------------------


Pulse Width Checks
--------------------------------------------------------------------------------------
Clock Name:         clkfbout_clk_wiz_0
Waveform(ns):       { 0.000 4.000 }
Period(ns):         8.000
Sources:            { u_rxclk/inst/mmcm_adv_inst/CLKFBOUT }

Check Type  Corner  Lib Pin             Reference Pin  Required(ns)  Actual(ns)  Slack(ns)  Location         Pin
Min Period  n/a     BUFG/I              n/a            1.592         8.000       6.408      BUFGCTRL_X0Y17   u_rxclk/inst/clkf_buf/I
Max Period  n/a     MMCME2_ADV/CLKFBIN  n/a            100.000       8.000       92.000     MMCME2_ADV_X0Y2  u_rxclk/inst/mmcm_adv_inst/CLKFBIN



---------------------------------------------------------------------------------------------------
From Clock:  clk_pll_i
  To Clock:  clk_out1_mmcm

Setup :            0  Failing Endpoints,  Worst Slack       17.071ns,  Total Violation        0.000ns
Hold  :           NA  Failing Endpoints,  Worst Slack           NA  ,  Total Violation           NA
---------------------------------------------------------------------------------------------------


Max Delay Paths
--------------------------------------------------------------------------------------
Slack (MET) :             17.071ns  (required time - arrival time)
  Source:                 u_ddr3/u_mig_7series_0/u_mig_7series_0_mig/u_ddr3_infrastructure/rstdiv0_sync_r1_reg_rep/C
                            (rising edge-triggered cell FDPE clocked by clk_pll_i  {rise@0.000ns fall@5.000ns period=10.000ns})
  Destination:            u_ddr3/u_mig_7series_0/u_mig_7series_0_mig/temp_mon_enabled.u_tempmon/xadc_supplied_temperature.rst_r1_reg/D
                            (rising edge-triggered cell FDRE clocked by clk_out1_mmcm  {rise@0.000ns fall@2.500ns period=5.000ns})
  Path Group:             clk_out1_mmcm
  Path Type:              Setup (Max at Slow Process Corner)
  Requirement:            20.000ns  (MaxDelay Path 20.000ns)
  Data Path Delay:        2.854ns  (logic 0.379ns (13.277%)  route 2.475ns (86.723%))
  Logic Levels:           0  
  Timing Exception:       MaxDelay Path 20.000ns -datapath_only

    Location             Delay type                Incr(ns)  Path(ns)    Netlist Resource(s)
  -------------------------------------------------------------------    -------------------
    SLICE_X4Y24                                       0.000     0.000 r  u_ddr3/u_mig_7series_0/u_mig_7series_0_mig/u_ddr3_infrastructure/rstdiv0_sync_r1_reg_rep/C
    SLICE_X4Y24          FDPE (Prop_fdpe_C_Q)         0.379     0.379 r  u_ddr3/u_mig_7series_0/u_mig_7series_0_mig/u_ddr3_infrastructure/rstdiv0_sync_r1_reg_rep/Q
                         net (fo=2121, routed)        2.475     2.854    u_ddr3/u_mig_7series_0/u_mig_7series_0_mig/temp_mon_enabled.u_tempmon/in0
    SLICE_X3Y78          FDRE                                         r  u_ddr3/u_mig_7series_0/u_mig_7series_0_mig/temp_mon_enabled.u_tempmon/xadc_supplied_temperature.rst_r1_reg/D
  -------------------------------------------------------------------    -------------------

                         max delay                   20.000    20.000    
    SLICE_X3Y78          FDRE (Setup_fdre_C_D)       -0.075    19.925    u_ddr3/u_mig_7series_0/u_mig_7series_0_mig/temp_mon_enabled.u_tempmon/xadc_supplied_temperature.rst_r1_reg
  -------------------------------------------------------------------
                         required time                         19.925    
                         arrival time                          -2.854    
  -------------------------------------------------------------------
                         slack                                 17.071    





---------------------------------------------------------------------------------------------------
From Clock:  clk_pll_i
  To Clock:  u_memc_ui_top_axi/mem_intfc0/ddr_phy_top0/u_ddr_mc_phy_wrapper/u_ddr_mc_phy/ddr_phy_4lanes_0.u_ddr_phy_4lanes/ddr_byte_lane_A.ddr_byte_lane_A/iserdes_clk

Setup :            0  Failing Endpoints,  Worst Slack        7.241ns,  Total Violation        0.000ns
Hold  :            0  Failing Endpoints,  Worst Slack       38.474ns,  Total Violation        0.000ns
---------------------------------------------------------------------------------------------------


Max Delay Paths
--------------------------------------------------------------------------------------
Slack (MET) :             7.241ns  (required time - arrival time)
  Source:                 u_ddr3/u_mig_7series_0/u_mig_7series_0_mig/u_memc_ui_top_axi/mem_intfc0/mc0/mc_read_idle_r_reg/C
                            (rising edge-triggered cell FDRE clocked by clk_pll_i  {rise@0.000ns fall@5.000ns period=10.000ns})
  Destination:            u_ddr3/u_mig_7series_0/u_mig_7series_0_mig/u_memc_ui_top_axi/mem_intfc0/ddr_phy_top0/u_ddr_mc_phy_wrapper/u_ddr_mc_phy/ddr_phy_4lanes_0.u_ddr_phy_4lanes/ddr_byte_lane_A.ddr_byte_lane_A/ddr_byte_group_io/input_[0].iserdes_dq_.iserdesdq/DDLY
                            (falling edge-triggered cell ISERDESE2 clocked by u_memc_ui_top_axi/mem_intfc0/ddr_phy_top0/u_ddr_mc_phy_wrapper/u_ddr_mc_phy/ddr_phy_4lanes_0.u_ddr_phy_4lanes/ddr_byte_lane_A.ddr_byte_lane_A/iserdes_clk  {rise@0.000ns fall@1.250ns period=2.500ns})
  Path Group:             u_memc_ui_top_axi/mem_intfc0/ddr_phy_top0/u_ddr_mc_phy_wrapper/u_ddr_mc_phy/ddr_phy_4lanes_0.u_ddr_phy_4lanes/ddr_byte_lane_A.ddr_byte_lane_A/iserdes_clk
  Path Type:              Setup (Max at Slow Process Corner)
  Requirement:            13.750ns  (u_memc_ui_top_axi/mem_intfc0/ddr_phy_top0/u_ddr_mc_phy_wrapper/u_ddr_mc_phy/ddr_phy_4lanes_0.u_ddr_phy_4lanes/ddr_byte_lane_A.ddr_byte_lane_A/iserdes_clk fall@13.750ns - clk_pll_i rise@0.000ns)
  Data Path Delay:        6.578ns  (logic 3.357ns (51.034%)  route 3.221ns (48.966%))
  Logic Levels:           2  (IBUF_INTERMDISABLE=1 IDELAYE2=1)
  Clock Path Skew:        0.414ns (DCD - SCD + CPR)
    Destination Clock Delay (DCD):    1.366ns = ( 2.616 - 1.250 ) 
    Source Clock Delay      (SCD):    1.396ns
    Clock Pessimism Removal (CPR):    0.444ns
  Clock Uncertainty:      0.213ns  ((TSJ^2 + DJ^2)^1/2) / 2 + PE
    Total System Jitter     (TSJ):    0.071ns
    Discrete Jitter          (DJ):    0.104ns
    Phase Error              (PE):    0.150ns
  Timing Exception:       MultiCycle Path   Setup -end   6    

    Location             Delay type                Incr(ns)  Path(ns)    Netlist Resource(s)
  -------------------------------------------------------------------    -------------------
                         (clock clk_pll_i rise edge)
                                                      0.000     0.000 r  
    Y18                                               0.000     0.000 r  Clk (IN)
                         net (fo=0)                   0.000     0.000    u_mmcm/inst/clk_in1
    Y18                  IBUF (Prop_ibuf_I_O)         1.427     1.427 r  u_mmcm/inst/clkin1_ibufg/O
                         net (fo=1, routed)           1.065     2.492    u_mmcm/inst/clk_in1_mmcm
    MMCME2_ADV_X0Y0      MMCME2_ADV (Prop_mmcme2_adv_CLKIN1_CLKOUT0)
                                                     -5.924    -3.433 r  u_mmcm/inst/mmcm_adv_inst/CLKOUT0
                         net (fo=1, routed)           1.425    -2.008    u_mmcm/inst/clk_out1_mmcm
    BUFGCTRL_X0Y1        BUFG (Prop_bufg_I_O)         0.081    -1.927 r  u_mmcm/inst/clkout1_buf/O
                         net (fo=63, routed)          1.408    -0.519    u_ddr3/u_mig_7series_0/u_mig_7series_0_mig/u_ddr3_infrastructure/CLK
    PLLE2_ADV_X1Y0       PLLE2_ADV (Prop_plle2_adv_CLKIN1_CLKOUT3)
                                                      0.077    -0.442 r  u_ddr3/u_mig_7series_0/u_mig_7series_0_mig/u_ddr3_infrastructure/plle2_i/CLKOUT3
                         net (fo=1, routed)           1.062     0.620    u_ddr3/u_mig_7series_0/u_mig_7series_0_mig/u_ddr3_infrastructure/pll_clk3_out
    BUFHCE_X1Y0          BUFH (Prop_bufh_I_O)         0.106     0.726 r  u_ddr3/u_mig_7series_0/u_mig_7series_0_mig/u_ddr3_infrastructure/u_bufh_pll_clk3/O
                         net (fo=1, routed)           0.702     1.428    u_ddr3/u_mig_7series_0/u_mig_7series_0_mig/u_ddr3_infrastructure/pll_clk3
    MMCME2_ADV_X1Y0      MMCME2_ADV (Prop_mmcme2_adv_CLKIN1_CLKFBOUT)
                                                     -2.890    -1.463 r  u_ddr3/u_mig_7series_0/u_mig_7series_0_mig/u_ddr3_infrastructure/gen_mmcm.mmcm_i/CLKFBOUT
                         net (fo=1, routed)           1.421    -0.042    u_ddr3/u_mig_7series_0/u_mig_7series_0_mig/u_ddr3_infrastructure/clk_pll_i
    BUFGCTRL_X0Y0        BUFG (Prop_bufg_I_O)         0.081     0.039 r  u_ddr3/u_mig_7series_0/u_mig_7series_0_mig/u_ddr3_infrastructure/u_bufg_clkdiv0/O
                         net (fo=21229, routed)       1.357     1.396    u_ddr3/u_mig_7series_0/u_mig_7series_0_mig/u_memc_ui_top_axi/mem_intfc0/mc0/grant_r_reg[2]
    SLICE_X40Y30         FDRE                                         r  u_ddr3/u_mig_7series_0/u_mig_7series_0_mig/u_memc_ui_top_axi/mem_intfc0/mc0/mc_read_idle_r_reg/C
  -------------------------------------------------------------------    -------------------
    SLICE_X40Y30         FDRE (Prop_fdre_C_Q)         0.379     1.775 r  u_ddr3/u_mig_7series_0/u_mig_7series_0_mig/u_memc_ui_top_axi/mem_intfc0/mc0/mc_read_idle_r_reg/Q
                         net (fo=36, routed)          3.221     4.996    u_ddr3/u_mig_7series_0/u_mig_7series_0_mig/u_memc_ui_top_axi/mem_intfc0/ddr_phy_top0/u_ddr_mc_phy_wrapper/gen_dq_iobuf_HR.gen_dq_iobuf[5].u_iobuf_dq/IBUFDISABLE
    Y9                   IBUF_INTERMDISABLE (Prop_ibuf_intermdisable_IBUFDISABLE_O)
                                                      2.299     7.295 r  u_ddr3/u_mig_7series_0/u_mig_7series_0_mig/u_memc_ui_top_axi/mem_intfc0/ddr_phy_top0/u_ddr_mc_phy_wrapper/gen_dq_iobuf_HR.gen_dq_iobuf[5].u_iobuf_dq/IBUF/O
                         net (fo=2, routed)           0.000     7.295    u_ddr3/u_mig_7series_0/u_mig_7series_0_mig/u_memc_ui_top_axi/mem_intfc0/ddr_phy_top0/u_ddr_mc_phy_wrapper/u_ddr_mc_phy/ddr_phy_4lanes_0.u_ddr_phy_4lanes/ddr_byte_lane_A.ddr_byte_lane_A/ddr_byte_group_io/mem_dq_in[0]
    IDELAY_X1Y1          IDELAYE2 (Prop_idelaye2_IDATAIN_DATAOUT)
                                                      0.679     7.974 r  u_ddr3/u_mig_7series_0/u_mig_7series_0_mig/u_memc_ui_top_axi/mem_intfc0/ddr_phy_top0/u_ddr_mc_phy_wrapper/u_ddr_mc_phy/ddr_phy_4lanes_0.u_ddr_phy_4lanes/ddr_byte_lane_A.ddr_byte_lane_A/ddr_byte_group_io/input_[0].iserdes_dq_.idelay_dq.idelaye2/DATAOUT
                         net (fo=1, routed)           0.000     7.974    u_ddr3/u_mig_7series_0/u_mig_7series_0_mig/u_memc_ui_top_axi/mem_intfc0/ddr_phy_top0/u_ddr_mc_phy_wrapper/u_ddr_mc_phy/ddr_phy_4lanes_0.u_ddr_phy_4lanes/ddr_byte_lane_A.ddr_byte_lane_A/ddr_byte_group_io/data_in_dly_0
    ILOGIC_X1Y1          ISERDESE2                                    r  u_ddr3/u_mig_7series_0/u_mig_7series_0_mig/u_memc_ui_top_axi/mem_intfc0/ddr_phy_top0/u_ddr_mc_phy_wrapper/u_ddr_mc_phy/ddr_phy_4lanes_0.u_ddr_phy_4lanes/ddr_byte_lane_A.ddr_byte_lane_A/ddr_byte_group_io/input_[0].iserdes_dq_.iserdesdq/DDLY
  -------------------------------------------------------------------    -------------------

                         (clock u_memc_ui_top_axi/mem_intfc0/ddr_phy_top0/u_ddr_mc_phy_wrapper/u_ddr_mc_phy/ddr_phy_4lanes_0.u_ddr_phy_4lanes/ddr_byte_lane_A.ddr_byte_lane_A/iserdes_clk fall edge)
                                                     13.750    13.750 f  
    Y18                                               0.000    13.750 f  Clk (IN)
                         net (fo=0)                   0.000    13.750    u_mmcm/inst/clk_in1
    Y18                  IBUF (Prop_ibuf_I_O)         1.361    15.111 f  u_mmcm/inst/clkin1_ibufg/O
                         net (fo=1, routed)           1.004    16.114    u_mmcm/inst/clk_in1_mmcm
    MMCME2_ADV_X0Y0      MMCME2_ADV (Prop_mmcme2_adv_CLKIN1_CLKOUT0)
                                                     -6.061    10.053 f  u_mmcm/inst/mmcm_adv_inst/CLKOUT0
                         net (fo=1, routed)           1.357    11.411    u_mmcm/inst/clk_out1_mmcm
    BUFGCTRL_X0Y1        BUFG (Prop_bufg_I_O)         0.077    11.488 f  u_mmcm/inst/clkout1_buf/O
                         net (fo=63, routed)          1.304    12.791    u_ddr3/u_mig_7series_0/u_mig_7series_0_mig/u_ddr3_infrastructure/CLK
    PLLE2_ADV_X1Y0       PLLE2_ADV (Prop_plle2_adv_CLKIN1_CLKOUT0)
                                                      0.073    12.864 f  u_ddr3/u_mig_7series_0/u_mig_7series_0_mig/u_ddr3_infrastructure/plle2_i/CLKOUT0
                         net (fo=7, routed)           0.502    13.366    u_ddr3/u_mig_7series_0/u_mig_7series_0_mig/u_memc_ui_top_axi/mem_intfc0/ddr_phy_top0/u_ddr_mc_phy_wrapper/u_ddr_mc_phy/ddr_phy_4lanes_0.u_ddr_phy_4lanes/ddr_byte_lane_A.ddr_byte_lane_A/freq_refclk
    PHASER_IN_PHY_X1Y0   PHASER_IN_PHY (Prop_phaser_in_phy_FREQREFCLK_ICLK)
                                                      1.394    14.760 f  u_ddr3/u_mig_7series_0/u_mig_7series_0_mig/u_memc_ui_top_axi/mem_intfc0/ddr_phy_top0/u_ddr_mc_phy_wrapper/u_ddr_mc_phy/ddr_phy_4lanes_0.u_ddr_phy_4lanes/ddr_byte_lane_A.ddr_byte_lane_A/phaser_in_gen.phaser_in/ICLK
                         net (fo=16, routed)          0.356    15.116    u_ddr3/u_mig_7series_0/u_mig_7series_0_mig/u_memc_ui_top_axi/mem_intfc0/ddr_phy_top0/u_ddr_mc_phy_wrapper/u_ddr_mc_phy/ddr_phy_4lanes_0.u_ddr_phy_4lanes/ddr_byte_lane_A.ddr_byte_lane_A/ddr_byte_group_io/CLKB0
    ILOGIC_X1Y1          ISERDESE2                                    r  u_ddr3/u_mig_7series_0/u_mig_7series_0_mig/u_memc_ui_top_axi/mem_intfc0/ddr_phy_top0/u_ddr_mc_phy_wrapper/u_ddr_mc_phy/ddr_phy_4lanes_0.u_ddr_phy_4lanes/ddr_byte_lane_A.ddr_byte_lane_A/ddr_byte_group_io/input_[0].iserdes_dq_.iserdesdq/CLKB  (IS_INVERTED)
                         clock pessimism              0.444    15.560    
                         clock uncertainty           -0.213    15.347    
    ILOGIC_X1Y1          ISERDESE2 (Setup_iserdese2_CLKB_DDLY)
                                                     -0.132    15.215    u_ddr3/u_mig_7series_0/u_mig_7series_0_mig/u_memc_ui_top_axi/mem_intfc0/ddr_phy_top0/u_ddr_mc_phy_wrapper/u_ddr_mc_phy/ddr_phy_4lanes_0.u_ddr_phy_4lanes/ddr_byte_lane_A.ddr_byte_lane_A/ddr_byte_group_io/input_[0].iserdes_dq_.iserdesdq
  -------------------------------------------------------------------
                         required time                         15.215    
                         arrival time                          -7.974    
  -------------------------------------------------------------------
                         slack                                  7.241    





Min Delay Paths
--------------------------------------------------------------------------------------
Slack (MET) :             38.474ns  (arrival time - required time)
  Source:                 u_ddr3/u_mig_7series_0/u_mig_7series_0_mig/u_memc_ui_top_axi/mem_intfc0/mc0/mc_read_idle_r_reg/C
                            (rising edge-triggered cell FDRE clocked by clk_pll_i  {rise@0.000ns fall@5.000ns period=10.000ns})
  Destination:            u_ddr3/u_mig_7series_0/u_mig_7series_0_mig/u_memc_ui_top_axi/mem_intfc0/ddr_phy_top0/u_ddr_mc_phy_wrapper/u_ddr_mc_phy/ddr_phy_4lanes_0.u_ddr_phy_4lanes/ddr_byte_lane_A.ddr_byte_lane_A/ddr_byte_group_io/input_[9].iserdes_dq_.iserdesdq/DDLY
                            (rising edge-triggered cell ISERDESE2 clocked by u_memc_ui_top_axi/mem_intfc0/ddr_phy_top0/u_ddr_mc_phy_wrapper/u_ddr_mc_phy/ddr_phy_4lanes_0.u_ddr_phy_4lanes/ddr_byte_lane_A.ddr_byte_lane_A/iserdes_clk  {rise@0.000ns fall@1.250ns period=2.500ns})
  Path Group:             u_memc_ui_top_axi/mem_intfc0/ddr_phy_top0/u_ddr_mc_phy_wrapper/u_ddr_mc_phy/ddr_phy_4lanes_0.u_ddr_phy_4lanes/ddr_byte_lane_A.ddr_byte_lane_A/iserdes_clk
  Path Type:              Hold (Min at Fast Process Corner)
  Requirement:            -37.500ns  (u_memc_ui_top_axi/mem_intfc0/ddr_phy_top0/u_ddr_mc_phy_wrapper/u_ddr_mc_phy/ddr_phy_4lanes_0.u_ddr_phy_4lanes/ddr_byte_lane_A.ddr_byte_lane_A/iserdes_clk rise@12.500ns - clk_pll_i rise@50.000ns)
  Data Path Delay:        2.208ns  (logic 1.068ns (48.376%)  route 1.140ns (51.624%))
  Logic Levels:           2  (IBUF_INTERMDISABLE=1 IDELAYE2=1)
  Clock Path Skew:        0.964ns (DCD - SCD - CPR)
    Destination Clock Delay (DCD):    0.854ns
    Source Clock Delay      (SCD):    0.126ns
    Clock Pessimism Removal (CPR):    -0.236ns
  Clock Uncertainty:      0.213ns  ((TSJ^2 + DJ^2)^1/2) / 2 + PE
    Total System Jitter     (TSJ):    0.071ns
    Discrete Jitter          (DJ):    0.104ns
    Phase Error              (PE):    0.150ns
  Timing Exception:       MultiCycle Path   Setup -end   6    Hold  -start 5  

    Location             Delay type                Incr(ns)  Path(ns)    Netlist Resource(s)
  -------------------------------------------------------------------    -------------------
                         (clock clk_pll_i rise edge)
                                                     50.000    50.000 r  
    Y18                                               0.000    50.000 r  Clk (IN)
                         net (fo=0)                   0.000    50.000    u_mmcm/inst/clk_in1
    Y18                  IBUF (Prop_ibuf_I_O)         0.264    50.264 r  u_mmcm/inst/clkin1_ibufg/O
                         net (fo=1, routed)           0.440    50.704    u_mmcm/inst/clk_in1_mmcm
    MMCME2_ADV_X0Y0      MMCME2_ADV (Prop_mmcme2_adv_CLKIN1_CLKOUT0)
                                                     -2.362    48.341 r  u_mmcm/inst/mmcm_adv_inst/CLKOUT0
                         net (fo=1, routed)           0.489    48.830    u_mmcm/inst/clk_out1_mmcm
    BUFGCTRL_X0Y1        BUFG (Prop_bufg_I_O)         0.026    48.856 r  u_mmcm/inst/clkout1_buf/O
                         net (fo=63, routed)          0.554    49.410    u_ddr3/u_mig_7series_0/u_mig_7series_0_mig/u_ddr3_infrastructure/CLK
    PLLE2_ADV_X1Y0       PLLE2_ADV (Prop_plle2_adv_CLKIN1_CLKOUT3)
                                                      0.050    49.460 r  u_ddr3/u_mig_7series_0/u_mig_7series_0_mig/u_ddr3_infrastructure/plle2_i/CLKOUT3
                         net (fo=1, routed)           0.381    49.841    u_ddr3/u_mig_7series_0/u_mig_7series_0_mig/u_ddr3_infrastructure/pll_clk3_out
    BUFHCE_X1Y0          BUFH (Prop_bufh_I_O)         0.020    49.861 r  u_ddr3/u_mig_7series_0/u_mig_7series_0_mig/u_ddr3_infrastructure/u_bufh_pll_clk3/O
                         net (fo=1, routed)           0.259    50.120    u_ddr3/u_mig_7series_0/u_mig_7series_0_mig/u_ddr3_infrastructure/pll_clk3
    MMCME2_ADV_X1Y0      MMCME2_ADV (Prop_mmcme2_adv_CLKIN1_CLKFBOUT)
                                                     -1.061    49.059 r  u_ddr3/u_mig_7series_0/u_mig_7series_0_mig/u_ddr3_infrastructure/gen_mmcm.mmcm_i/CLKFBOUT
                         net (fo=1, routed)           0.486    49.545    u_ddr3/u_mig_7series_0/u_mig_7series_0_mig/u_ddr3_infrastructure/clk_pll_i
    BUFGCTRL_X0Y0        BUFG (Prop_bufg_I_O)         0.026    49.571 r  u_ddr3/u_mig_7series_0/u_mig_7series_0_mig/u_ddr3_infrastructure/u_bufg_clkdiv0/O
                         net (fo=21229, routed)       0.555    50.126    u_ddr3/u_mig_7series_0/u_mig_7series_0_mig/u_memc_ui_top_axi/mem_intfc0/mc0/grant_r_reg[2]
    SLICE_X40Y30         FDRE                                         r  u_ddr3/u_mig_7series_0/u_mig_7series_0_mig/u_memc_ui_top_axi/mem_intfc0/mc0/mc_read_idle_r_reg/C
  -------------------------------------------------------------------    -------------------
    SLICE_X40Y30         FDRE (Prop_fdre_C_Q)         0.141    50.267 r  u_ddr3/u_mig_7series_0/u_mig_7series_0_mig/u_memc_ui_top_axi/mem_intfc0/mc0/mc_read_idle_r_reg/Q
                         net (fo=36, routed)          1.140    51.406    u_ddr3/u_mig_7series_0/u_mig_7series_0_mig/u_memc_ui_top_axi/mem_intfc0/ddr_phy_top0/u_ddr_mc_phy_wrapper/gen_dq_iobuf_HR.gen_dq_iobuf[7].u_iobuf_dq/IBUFDISABLE
    V7                   IBUF_INTERMDISABLE (Prop_ibuf_intermdisable_IBUFDISABLE_O)
                                                      0.684    52.090 r  u_ddr3/u_mig_7series_0/u_mig_7series_0_mig/u_memc_ui_top_axi/mem_intfc0/ddr_phy_top0/u_ddr_mc_phy_wrapper/gen_dq_iobuf_HR.gen_dq_iobuf[7].u_iobuf_dq/IBUF/O
                         net (fo=2, routed)           0.000    52.090    u_ddr3/u_mig_7series_0/u_mig_7series_0_mig/u_memc_ui_top_axi/mem_intfc0/ddr_phy_top0/u_ddr_mc_phy_wrapper/u_ddr_mc_phy/ddr_phy_4lanes_0.u_ddr_phy_4lanes/ddr_byte_lane_A.ddr_byte_lane_A/ddr_byte_group_io/mem_dq_in[7]
    IDELAY_X1Y12         IDELAYE2 (Prop_idelaye2_IDATAIN_DATAOUT)
                                                      0.243    52.333 r  u_ddr3/u_mig_7series_0/u_mig_7series_0_mig/u_memc_ui_top_axi/mem_intfc0/ddr_phy_top0/u_ddr_mc_phy_wrapper/u_ddr_mc_phy/ddr_phy_4lanes_0.u_ddr_phy_4lanes/ddr_byte_lane_A.ddr_byte_lane_A/ddr_byte_group_io/input_[9].iserdes_dq_.idelay_dq.idelaye2/DATAOUT
                         net (fo=1, routed)           0.000    52.333    u_ddr3/u_mig_7series_0/u_mig_7series_0_mig/u_memc_ui_top_axi/mem_intfc0/ddr_phy_top0/u_ddr_mc_phy_wrapper/u_ddr_mc_phy/ddr_phy_4lanes_0.u_ddr_phy_4lanes/ddr_byte_lane_A.ddr_byte_lane_A/ddr_byte_group_io/data_in_dly_9
    ILOGIC_X1Y12         ISERDESE2                                    r  u_ddr3/u_mig_7series_0/u_mig_7series_0_mig/u_memc_ui_top_axi/mem_intfc0/ddr_phy_top0/u_ddr_mc_phy_wrapper/u_ddr_mc_phy/ddr_phy_4lanes_0.u_ddr_phy_4lanes/ddr_byte_lane_A.ddr_byte_lane_A/ddr_byte_group_io/input_[9].iserdes_dq_.iserdesdq/DDLY
  -------------------------------------------------------------------    -------------------

                         (clock u_memc_ui_top_axi/mem_intfc0/ddr_phy_top0/u_ddr_mc_phy_wrapper/u_ddr_mc_phy/ddr_phy_4lanes_0.u_ddr_phy_4lanes/ddr_byte_lane_A.ddr_byte_lane_A/iserdes_clk rise edge)
                                                     12.500    12.500 r  
    Y18                                               0.000    12.500 r  Clk (IN)
                         net (fo=0)                   0.000    12.500    u_mmcm/inst/clk_in1
    Y18                  IBUF (Prop_ibuf_I_O)         0.452    12.952 r  u_mmcm/inst/clkin1_ibufg/O
                         net (fo=1, routed)           0.480    13.432    u_mmcm/inst/clk_in1_mmcm
    MMCME2_ADV_X0Y0      MMCME2_ADV (Prop_mmcme2_adv_CLKIN1_CLKOUT0)
                                                     -3.145    10.286 r  u_mmcm/inst/mmcm_adv_inst/CLKOUT0
                         net (fo=1, routed)           0.534    10.820    u_mmcm/inst/clk_out1_mmcm
    BUFGCTRL_X0Y1        BUFG (Prop_bufg_I_O)         0.029    10.849 r  u_mmcm/inst/clkout1_buf/O
                         net (fo=63, routed)          0.822    11.671    u_ddr3/u_mig_7series_0/u_mig_7series_0_mig/u_ddr3_infrastructure/CLK
    PLLE2_ADV_X1Y0       PLLE2_ADV (Prop_plle2_adv_CLKIN1_CLKOUT0)
                                                      0.053    11.724 r  u_ddr3/u_mig_7series_0/u_mig_7series_0_mig/u_ddr3_infrastructure/plle2_i/CLKOUT0
                         net (fo=7, routed)           0.226    11.950    u_ddr3/u_mig_7series_0/u_mig_7series_0_mig/u_memc_ui_top_axi/mem_intfc0/ddr_phy_top0/u_ddr_mc_phy_wrapper/u_ddr_mc_phy/ddr_phy_4lanes_0.u_ddr_phy_4lanes/ddr_byte_lane_A.ddr_byte_lane_A/freq_refclk
    PHASER_IN_PHY_X1Y0   PHASER_IN_PHY (Prop_phaser_in_phy_FREQREFCLK_ICLK)
                                                      1.219    13.169 r  u_ddr3/u_mig_7series_0/u_mig_7series_0_mig/u_memc_ui_top_axi/mem_intfc0/ddr_phy_top0/u_ddr_mc_phy_wrapper/u_ddr_mc_phy/ddr_phy_4lanes_0.u_ddr_phy_4lanes/ddr_byte_lane_A.ddr_byte_lane_A/phaser_in_gen.phaser_in/ICLK
                         net (fo=16, routed)          0.185    13.354    u_ddr3/u_mig_7series_0/u_mig_7series_0_mig/u_memc_ui_top_axi/mem_intfc0/ddr_phy_top0/u_ddr_mc_phy_wrapper/u_ddr_mc_phy/ddr_phy_4lanes_0.u_ddr_phy_4lanes/ddr_byte_lane_A.ddr_byte_lane_A/ddr_byte_group_io/dq_gen_40.if_post_fifo_gen.if_empty_r_reg[3]
    ILOGIC_X1Y12         ISERDESE2                                    r  u_ddr3/u_mig_7series_0/u_mig_7series_0_mig/u_memc_ui_top_axi/mem_intfc0/ddr_phy_top0/u_ddr_mc_phy_wrapper/u_ddr_mc_phy/ddr_phy_4lanes_0.u_ddr_phy_4lanes/ddr_byte_lane_A.ddr_byte_lane_A/ddr_byte_group_io/input_[9].iserdes_dq_.iserdesdq/CLK
                         clock pessimism              0.236    13.590    
                         clock uncertainty            0.213    13.803    
    ILOGIC_X1Y12         ISERDESE2 (Hold_iserdese2_CLK_DDLY)
                                                      0.056    13.859    u_ddr3/u_mig_7series_0/u_mig_7series_0_mig/u_memc_ui_top_axi/mem_intfc0/ddr_phy_top0/u_ddr_mc_phy_wrapper/u_ddr_mc_phy/ddr_phy_4lanes_0.u_ddr_phy_4lanes/ddr_byte_lane_A.ddr_byte_lane_A/ddr_byte_group_io/input_[9].iserdes_dq_.iserdesdq
  -------------------------------------------------------------------
                         required time                        -13.859    
                         arrival time                          52.333    
  -------------------------------------------------------------------
                         slack                                 38.474    





---------------------------------------------------------------------------------------------------
From Clock:  clk_pll_i
  To Clock:  u_memc_ui_top_axi/mem_intfc0/ddr_phy_top0/u_ddr_mc_phy_wrapper/u_ddr_mc_phy/ddr_phy_4lanes_0.u_ddr_phy_4lanes/ddr_byte_lane_C.ddr_byte_lane_C/iserdes_clk

Setup :            0  Failing Endpoints,  Worst Slack        8.732ns,  Total Violation        0.000ns
Hold  :            0  Failing Endpoints,  Worst Slack       38.025ns,  Total Violation        0.000ns
---------------------------------------------------------------------------------------------------


Max Delay Paths
--------------------------------------------------------------------------------------
Slack (MET) :             8.732ns  (required time - arrival time)
  Source:                 u_ddr3/u_mig_7series_0/u_mig_7series_0_mig/u_memc_ui_top_axi/mem_intfc0/mc0/mc_read_idle_r_reg/C
                            (rising edge-triggered cell FDRE clocked by clk_pll_i  {rise@0.000ns fall@5.000ns period=10.000ns})
  Destination:            u_ddr3/u_mig_7series_0/u_mig_7series_0_mig/u_memc_ui_top_axi/mem_intfc0/ddr_phy_top0/u_ddr_mc_phy_wrapper/u_ddr_mc_phy/ddr_phy_4lanes_0.u_ddr_phy_4lanes/ddr_byte_lane_C.ddr_byte_lane_C/ddr_byte_group_io/input_[9].iserdes_dq_.iserdesdq/DDLY
                            (falling edge-triggered cell ISERDESE2 clocked by u_memc_ui_top_axi/mem_intfc0/ddr_phy_top0/u_ddr_mc_phy_wrapper/u_ddr_mc_phy/ddr_phy_4lanes_0.u_ddr_phy_4lanes/ddr_byte_lane_C.ddr_byte_lane_C/iserdes_clk  {rise@0.000ns fall@1.250ns period=2.500ns})
  Path Group:             u_memc_ui_top_axi/mem_intfc0/ddr_phy_top0/u_ddr_mc_phy_wrapper/u_ddr_mc_phy/ddr_phy_4lanes_0.u_ddr_phy_4lanes/ddr_byte_lane_C.ddr_byte_lane_C/iserdes_clk
  Path Type:              Setup (Max at Slow Process Corner)
  Requirement:            13.750ns  (u_memc_ui_top_axi/mem_intfc0/ddr_phy_top0/u_ddr_mc_phy_wrapper/u_ddr_mc_phy/ddr_phy_4lanes_0.u_ddr_phy_4lanes/ddr_byte_lane_C.ddr_byte_lane_C/iserdes_clk fall@13.750ns - clk_pll_i rise@0.000ns)
  Data Path Delay:        5.062ns  (logic 3.357ns (66.321%)  route 1.705ns (33.679%))
  Logic Levels:           2  (IBUF_INTERMDISABLE=1 IDELAYE2=1)
  Clock Path Skew:        0.389ns (DCD - SCD + CPR)
    Destination Clock Delay (DCD):    1.341ns = ( 2.591 - 1.250 ) 
    Source Clock Delay      (SCD):    1.396ns
    Clock Pessimism Removal (CPR):    0.444ns
  Clock Uncertainty:      0.213ns  ((TSJ^2 + DJ^2)^1/2) / 2 + PE
    Total System Jitter     (TSJ):    0.071ns
    Discrete Jitter          (DJ):    0.104ns
    Phase Error              (PE):    0.150ns
  Timing Exception:       MultiCycle Path   Setup -end   6    

    Location             Delay type                Incr(ns)  Path(ns)    Netlist Resource(s)
  -------------------------------------------------------------------    -------------------
                         (clock clk_pll_i rise edge)
                                                      0.000     0.000 r  
    Y18                                               0.000     0.000 r  Clk (IN)
                         net (fo=0)                   0.000     0.000    u_mmcm/inst/clk_in1
    Y18                  IBUF (Prop_ibuf_I_O)         1.427     1.427 r  u_mmcm/inst/clkin1_ibufg/O
                         net (fo=1, routed)           1.065     2.492    u_mmcm/inst/clk_in1_mmcm
    MMCME2_ADV_X0Y0      MMCME2_ADV (Prop_mmcme2_adv_CLKIN1_CLKOUT0)
                                                     -5.924    -3.433 r  u_mmcm/inst/mmcm_adv_inst/CLKOUT0
                         net (fo=1, routed)           1.425    -2.008    u_mmcm/inst/clk_out1_mmcm
    BUFGCTRL_X0Y1        BUFG (Prop_bufg_I_O)         0.081    -1.927 r  u_mmcm/inst/clkout1_buf/O
                         net (fo=63, routed)          1.408    -0.519    u_ddr3/u_mig_7series_0/u_mig_7series_0_mig/u_ddr3_infrastructure/CLK
    PLLE2_ADV_X1Y0       PLLE2_ADV (Prop_plle2_adv_CLKIN1_CLKOUT3)
                                                      0.077    -0.442 r  u_ddr3/u_mig_7series_0/u_mig_7series_0_mig/u_ddr3_infrastructure/plle2_i/CLKOUT3
                         net (fo=1, routed)           1.062     0.620    u_ddr3/u_mig_7series_0/u_mig_7series_0_mig/u_ddr3_infrastructure/pll_clk3_out
    BUFHCE_X1Y0          BUFH (Prop_bufh_I_O)         0.106     0.726 r  u_ddr3/u_mig_7series_0/u_mig_7series_0_mig/u_ddr3_infrastructure/u_bufh_pll_clk3/O
                         net (fo=1, routed)           0.702     1.428    u_ddr3/u_mig_7series_0/u_mig_7series_0_mig/u_ddr3_infrastructure/pll_clk3
    MMCME2_ADV_X1Y0      MMCME2_ADV (Prop_mmcme2_adv_CLKIN1_CLKFBOUT)
                                                     -2.890    -1.463 r  u_ddr3/u_mig_7series_0/u_mig_7series_0_mig/u_ddr3_infrastructure/gen_mmcm.mmcm_i/CLKFBOUT
                         net (fo=1, routed)           1.421    -0.042    u_ddr3/u_mig_7series_0/u_mig_7series_0_mig/u_ddr3_infrastructure/clk_pll_i
    BUFGCTRL_X0Y0        BUFG (Prop_bufg_I_O)         0.081     0.039 r  u_ddr3/u_mig_7series_0/u_mig_7series_0_mig/u_ddr3_infrastructure/u_bufg_clkdiv0/O
                         net (fo=21229, routed)       1.357     1.396    u_ddr3/u_mig_7series_0/u_mig_7series_0_mig/u_memc_ui_top_axi/mem_intfc0/mc0/grant_r_reg[2]
    SLICE_X40Y30         FDRE                                         r  u_ddr3/u_mig_7series_0/u_mig_7series_0_mig/u_memc_ui_top_axi/mem_intfc0/mc0/mc_read_idle_r_reg/C
  -------------------------------------------------------------------    -------------------
    SLICE_X40Y30         FDRE (Prop_fdre_C_Q)         0.379     1.775 r  u_ddr3/u_mig_7series_0/u_mig_7series_0_mig/u_memc_ui_top_axi/mem_intfc0/mc0/mc_read_idle_r_reg/Q
                         net (fo=36, routed)          1.705     3.480    u_ddr3/u_mig_7series_0/u_mig_7series_0_mig/u_memc_ui_top_axi/mem_intfc0/ddr_phy_top0/u_ddr_mc_phy_wrapper/gen_dq_iobuf_HR.gen_dq_iobuf[15].u_iobuf_dq/IBUFDISABLE
    AA1                  IBUF_INTERMDISABLE (Prop_ibuf_intermdisable_IBUFDISABLE_O)
                                                      2.299     5.779 r  u_ddr3/u_mig_7series_0/u_mig_7series_0_mig/u_memc_ui_top_axi/mem_intfc0/ddr_phy_top0/u_ddr_mc_phy_wrapper/gen_dq_iobuf_HR.gen_dq_iobuf[15].u_iobuf_dq/IBUF/O
                         net (fo=2, routed)           0.000     5.779    u_ddr3/u_mig_7series_0/u_mig_7series_0_mig/u_memc_ui_top_axi/mem_intfc0/ddr_phy_top0/u_ddr_mc_phy_wrapper/u_ddr_mc_phy/ddr_phy_4lanes_0.u_ddr_phy_4lanes/ddr_byte_lane_C.ddr_byte_lane_C/ddr_byte_group_io/mem_dq_in[7]
    IDELAY_X1Y36         IDELAYE2 (Prop_idelaye2_IDATAIN_DATAOUT)
                                                      0.679     6.458 r  u_ddr3/u_mig_7series_0/u_mig_7series_0_mig/u_memc_ui_top_axi/mem_intfc0/ddr_phy_top0/u_ddr_mc_phy_wrapper/u_ddr_mc_phy/ddr_phy_4lanes_0.u_ddr_phy_4lanes/ddr_byte_lane_C.ddr_byte_lane_C/ddr_byte_group_io/input_[9].iserdes_dq_.idelay_dq.idelaye2/DATAOUT
                         net (fo=1, routed)           0.000     6.458    u_ddr3/u_mig_7series_0/u_mig_7series_0_mig/u_memc_ui_top_axi/mem_intfc0/ddr_phy_top0/u_ddr_mc_phy_wrapper/u_ddr_mc_phy/ddr_phy_4lanes_0.u_ddr_phy_4lanes/ddr_byte_lane_C.ddr_byte_lane_C/ddr_byte_group_io/data_in_dly_9
    ILOGIC_X1Y36         ISERDESE2                                    r  u_ddr3/u_mig_7series_0/u_mig_7series_0_mig/u_memc_ui_top_axi/mem_intfc0/ddr_phy_top0/u_ddr_mc_phy_wrapper/u_ddr_mc_phy/ddr_phy_4lanes_0.u_ddr_phy_4lanes/ddr_byte_lane_C.ddr_byte_lane_C/ddr_byte_group_io/input_[9].iserdes_dq_.iserdesdq/DDLY
  -------------------------------------------------------------------    -------------------

                         (clock u_memc_ui_top_axi/mem_intfc0/ddr_phy_top0/u_ddr_mc_phy_wrapper/u_ddr_mc_phy/ddr_phy_4lanes_0.u_ddr_phy_4lanes/ddr_byte_lane_C.ddr_byte_lane_C/iserdes_clk fall edge)
                                                     13.750    13.750 f  
    Y18                                               0.000    13.750 f  Clk (IN)
                         net (fo=0)                   0.000    13.750    u_mmcm/inst/clk_in1
    Y18                  IBUF (Prop_ibuf_I_O)         1.361    15.111 f  u_mmcm/inst/clkin1_ibufg/O
                         net (fo=1, routed)           1.004    16.114    u_mmcm/inst/clk_in1_mmcm
    MMCME2_ADV_X0Y0      MMCME2_ADV (Prop_mmcme2_adv_CLKIN1_CLKOUT0)
                                                     -6.061    10.053 f  u_mmcm/inst/mmcm_adv_inst/CLKOUT0
                         net (fo=1, routed)           1.357    11.411    u_mmcm/inst/clk_out1_mmcm
    BUFGCTRL_X0Y1        BUFG (Prop_bufg_I_O)         0.077    11.488 f  u_mmcm/inst/clkout1_buf/O
                         net (fo=63, routed)          1.304    12.791    u_ddr3/u_mig_7series_0/u_mig_7series_0_mig/u_ddr3_infrastructure/CLK
    PLLE2_ADV_X1Y0       PLLE2_ADV (Prop_plle2_adv_CLKIN1_CLKOUT0)
                                                      0.073    12.864 f  u_ddr3/u_mig_7series_0/u_mig_7series_0_mig/u_ddr3_infrastructure/plle2_i/CLKOUT0
                         net (fo=7, routed)           0.490    13.354    u_ddr3/u_mig_7series_0/u_mig_7series_0_mig/u_memc_ui_top_axi/mem_intfc0/ddr_phy_top0/u_ddr_mc_phy_wrapper/u_ddr_mc_phy/ddr_phy_4lanes_0.u_ddr_phy_4lanes/ddr_byte_lane_C.ddr_byte_lane_C/freq_refclk
    PHASER_IN_PHY_X1Y2   PHASER_IN_PHY (Prop_phaser_in_phy_FREQREFCLK_ICLK)
                                                      1.394    14.748 f  u_ddr3/u_mig_7series_0/u_mig_7series_0_mig/u_memc_ui_top_axi/mem_intfc0/ddr_phy_top0/u_ddr_mc_phy_wrapper/u_ddr_mc_phy/ddr_phy_4lanes_0.u_ddr_phy_4lanes/ddr_byte_lane_C.ddr_byte_lane_C/phaser_in_gen.phaser_in/ICLK
                         net (fo=16, routed)          0.343    15.091    u_ddr3/u_mig_7series_0/u_mig_7series_0_mig/u_memc_ui_top_axi/mem_intfc0/ddr_phy_top0/u_ddr_mc_phy_wrapper/u_ddr_mc_phy/ddr_phy_4lanes_0.u_ddr_phy_4lanes/ddr_byte_lane_C.ddr_byte_lane_C/ddr_byte_group_io/CLKB0_4
    ILOGIC_X1Y36         ISERDESE2                                    r  u_ddr3/u_mig_7series_0/u_mig_7series_0_mig/u_memc_ui_top_axi/mem_intfc0/ddr_phy_top0/u_ddr_mc_phy_wrapper/u_ddr_mc_phy/ddr_phy_4lanes_0.u_ddr_phy_4lanes/ddr_byte_lane_C.ddr_byte_lane_C/ddr_byte_group_io/input_[9].iserdes_dq_.iserdesdq/CLKB  (IS_INVERTED)
                         clock pessimism              0.444    15.535    
                         clock uncertainty           -0.213    15.322    
    ILOGIC_X1Y36         ISERDESE2 (Setup_iserdese2_CLKB_DDLY)
                                                     -0.132    15.190    u_ddr3/u_mig_7series_0/u_mig_7series_0_mig/u_memc_ui_top_axi/mem_intfc0/ddr_phy_top0/u_ddr_mc_phy_wrapper/u_ddr_mc_phy/ddr_phy_4lanes_0.u_ddr_phy_4lanes/ddr_byte_lane_C.ddr_byte_lane_C/ddr_byte_group_io/input_[9].iserdes_dq_.iserdesdq
  -------------------------------------------------------------------
                         required time                         15.190    
                         arrival time                          -6.458    
  -------------------------------------------------------------------
                         slack                                  8.732    





Min Delay Paths
--------------------------------------------------------------------------------------
Slack (MET) :             38.025ns  (arrival time - required time)
  Source:                 u_ddr3/u_mig_7series_0/u_mig_7series_0_mig/u_memc_ui_top_axi/mem_intfc0/mc0/mc_read_idle_r_reg/C
                            (rising edge-triggered cell FDRE clocked by clk_pll_i  {rise@0.000ns fall@5.000ns period=10.000ns})
  Destination:            u_ddr3/u_mig_7series_0/u_mig_7series_0_mig/u_memc_ui_top_axi/mem_intfc0/ddr_phy_top0/u_ddr_mc_phy_wrapper/u_ddr_mc_phy/ddr_phy_4lanes_0.u_ddr_phy_4lanes/ddr_byte_lane_C.ddr_byte_lane_C/ddr_byte_group_io/input_[5].iserdes_dq_.iserdesdq/DDLY
                            (rising edge-triggered cell ISERDESE2 clocked by u_memc_ui_top_axi/mem_intfc0/ddr_phy_top0/u_ddr_mc_phy_wrapper/u_ddr_mc_phy/ddr_phy_4lanes_0.u_ddr_phy_4lanes/ddr_byte_lane_C.ddr_byte_lane_C/iserdes_clk  {rise@0.000ns fall@1.250ns period=2.500ns})
  Path Group:             u_memc_ui_top_axi/mem_intfc0/ddr_phy_top0/u_ddr_mc_phy_wrapper/u_ddr_mc_phy/ddr_phy_4lanes_0.u_ddr_phy_4lanes/ddr_byte_lane_C.ddr_byte_lane_C/iserdes_clk
  Path Type:              Hold (Min at Fast Process Corner)
  Requirement:            -37.500ns  (u_memc_ui_top_axi/mem_intfc0/ddr_phy_top0/u_ddr_mc_phy_wrapper/u_ddr_mc_phy/ddr_phy_4lanes_0.u_ddr_phy_4lanes/ddr_byte_lane_C.ddr_byte_lane_C/iserdes_clk rise@12.500ns - clk_pll_i rise@50.000ns)
  Data Path Delay:        1.742ns  (logic 1.068ns (61.305%)  route 0.674ns (38.695%))
  Logic Levels:           2  (IBUF_INTERMDISABLE=1 IDELAYE2=1)
  Clock Path Skew:        0.947ns (DCD - SCD - CPR)
    Destination Clock Delay (DCD):    0.837ns
    Source Clock Delay      (SCD):    0.126ns
    Clock Pessimism Removal (CPR):    -0.236ns
  Clock Uncertainty:      0.213ns  ((TSJ^2 + DJ^2)^1/2) / 2 + PE
    Total System Jitter     (TSJ):    0.071ns
    Discrete Jitter          (DJ):    0.104ns
    Phase Error              (PE):    0.150ns
  Timing Exception:       MultiCycle Path   Setup -end   6    Hold  -start 5  

    Location             Delay type                Incr(ns)  Path(ns)    Netlist Resource(s)
  -------------------------------------------------------------------    -------------------
                         (clock clk_pll_i rise edge)
                                                     50.000    50.000 r  
    Y18                                               0.000    50.000 r  Clk (IN)
                         net (fo=0)                   0.000    50.000    u_mmcm/inst/clk_in1
    Y18                  IBUF (Prop_ibuf_I_O)         0.264    50.264 r  u_mmcm/inst/clkin1_ibufg/O
                         net (fo=1, routed)           0.440    50.704    u_mmcm/inst/clk_in1_mmcm
    MMCME2_ADV_X0Y0      MMCME2_ADV (Prop_mmcme2_adv_CLKIN1_CLKOUT0)
                                                     -2.362    48.341 r  u_mmcm/inst/mmcm_adv_inst/CLKOUT0
                         net (fo=1, routed)           0.489    48.830    u_mmcm/inst/clk_out1_mmcm
    BUFGCTRL_X0Y1        BUFG (Prop_bufg_I_O)         0.026    48.856 r  u_mmcm/inst/clkout1_buf/O
                         net (fo=63, routed)          0.554    49.410    u_ddr3/u_mig_7series_0/u_mig_7series_0_mig/u_ddr3_infrastructure/CLK
    PLLE2_ADV_X1Y0       PLLE2_ADV (Prop_plle2_adv_CLKIN1_CLKOUT3)
                                                      0.050    49.460 r  u_ddr3/u_mig_7series_0/u_mig_7series_0_mig/u_ddr3_infrastructure/plle2_i/CLKOUT3
                         net (fo=1, routed)           0.381    49.841    u_ddr3/u_mig_7series_0/u_mig_7series_0_mig/u_ddr3_infrastructure/pll_clk3_out
    BUFHCE_X1Y0          BUFH (Prop_bufh_I_O)         0.020    49.861 r  u_ddr3/u_mig_7series_0/u_mig_7series_0_mig/u_ddr3_infrastructure/u_bufh_pll_clk3/O
                         net (fo=1, routed)           0.259    50.120    u_ddr3/u_mig_7series_0/u_mig_7series_0_mig/u_ddr3_infrastructure/pll_clk3
    MMCME2_ADV_X1Y0      MMCME2_ADV (Prop_mmcme2_adv_CLKIN1_CLKFBOUT)
                                                     -1.061    49.059 r  u_ddr3/u_mig_7series_0/u_mig_7series_0_mig/u_ddr3_infrastructure/gen_mmcm.mmcm_i/CLKFBOUT
                         net (fo=1, routed)           0.486    49.545    u_ddr3/u_mig_7series_0/u_mig_7series_0_mig/u_ddr3_infrastructure/clk_pll_i
    BUFGCTRL_X0Y0        BUFG (Prop_bufg_I_O)         0.026    49.571 r  u_ddr3/u_mig_7series_0/u_mig_7series_0_mig/u_ddr3_infrastructure/u_bufg_clkdiv0/O
                         net (fo=21229, routed)       0.555    50.126    u_ddr3/u_mig_7series_0/u_mig_7series_0_mig/u_memc_ui_top_axi/mem_intfc0/mc0/grant_r_reg[2]
    SLICE_X40Y30         FDRE                                         r  u_ddr3/u_mig_7series_0/u_mig_7series_0_mig/u_memc_ui_top_axi/mem_intfc0/mc0/mc_read_idle_r_reg/C
  -------------------------------------------------------------------    -------------------
    SLICE_X40Y30         FDRE (Prop_fdre_C_Q)         0.141    50.267 r  u_ddr3/u_mig_7series_0/u_mig_7series_0_mig/u_memc_ui_top_axi/mem_intfc0/mc0/mc_read_idle_r_reg/Q
                         net (fo=36, routed)          0.674    50.941    u_ddr3/u_mig_7series_0/u_mig_7series_0_mig/u_memc_ui_top_axi/mem_intfc0/ddr_phy_top0/u_ddr_mc_phy_wrapper/gen_dq_iobuf_HR.gen_dq_iobuf[9].u_iobuf_dq/IBUFDISABLE
    AA5                  IBUF_INTERMDISABLE (Prop_ibuf_intermdisable_IBUFDISABLE_O)
                                                      0.684    51.625 r  u_ddr3/u_mig_7series_0/u_mig_7series_0_mig/u_memc_ui_top_axi/mem_intfc0/ddr_phy_top0/u_ddr_mc_phy_wrapper/gen_dq_iobuf_HR.gen_dq_iobuf[9].u_iobuf_dq/IBUF/O
                         net (fo=2, routed)           0.000    51.625    u_ddr3/u_mig_7series_0/u_mig_7series_0_mig/u_memc_ui_top_axi/mem_intfc0/ddr_phy_top0/u_ddr_mc_phy_wrapper/u_ddr_mc_phy/ddr_phy_4lanes_0.u_ddr_phy_4lanes/ddr_byte_lane_C.ddr_byte_lane_C/ddr_byte_group_io/mem_dq_in[4]
    IDELAY_X1Y30         IDELAYE2 (Prop_idelaye2_IDATAIN_DATAOUT)
                                                      0.243    51.868 r  u_ddr3/u_mig_7series_0/u_mig_7series_0_mig/u_memc_ui_top_axi/mem_intfc0/ddr_phy_top0/u_ddr_mc_phy_wrapper/u_ddr_mc_phy/ddr_phy_4lanes_0.u_ddr_phy_4lanes/ddr_byte_lane_C.ddr_byte_lane_C/ddr_byte_group_io/input_[5].iserdes_dq_.idelay_dq.idelaye2/DATAOUT
                         net (fo=1, routed)           0.000    51.868    u_ddr3/u_mig_7series_0/u_mig_7series_0_mig/u_memc_ui_top_axi/mem_intfc0/ddr_phy_top0/u_ddr_mc_phy_wrapper/u_ddr_mc_phy/ddr_phy_4lanes_0.u_ddr_phy_4lanes/ddr_byte_lane_C.ddr_byte_lane_C/ddr_byte_group_io/data_in_dly_5
    ILOGIC_X1Y30         ISERDESE2                                    r  u_ddr3/u_mig_7series_0/u_mig_7series_0_mig/u_memc_ui_top_axi/mem_intfc0/ddr_phy_top0/u_ddr_mc_phy_wrapper/u_ddr_mc_phy/ddr_phy_4lanes_0.u_ddr_phy_4lanes/ddr_byte_lane_C.ddr_byte_lane_C/ddr_byte_group_io/input_[5].iserdes_dq_.iserdesdq/DDLY
  -------------------------------------------------------------------    -------------------

                         (clock u_memc_ui_top_axi/mem_intfc0/ddr_phy_top0/u_ddr_mc_phy_wrapper/u_ddr_mc_phy/ddr_phy_4lanes_0.u_ddr_phy_4lanes/ddr_byte_lane_C.ddr_byte_lane_C/iserdes_clk rise edge)
                                                     12.500    12.500 r  
    Y18                                               0.000    12.500 r  Clk (IN)
                         net (fo=0)                   0.000    12.500    u_mmcm/inst/clk_in1
    Y18                  IBUF (Prop_ibuf_I_O)         0.452    12.952 r  u_mmcm/inst/clkin1_ibufg/O
                         net (fo=1, routed)           0.480    13.432    u_mmcm/inst/clk_in1_mmcm
    MMCME2_ADV_X0Y0      MMCME2_ADV (Prop_mmcme2_adv_CLKIN1_CLKOUT0)
                                                     -3.145    10.286 r  u_mmcm/inst/mmcm_adv_inst/CLKOUT0
                         net (fo=1, routed)           0.534    10.820    u_mmcm/inst/clk_out1_mmcm
    BUFGCTRL_X0Y1        BUFG (Prop_bufg_I_O)         0.029    10.849 r  u_mmcm/inst/clkout1_buf/O
                         net (fo=63, routed)          0.822    11.671    u_ddr3/u_mig_7series_0/u_mig_7series_0_mig/u_ddr3_infrastructure/CLK
    PLLE2_ADV_X1Y0       PLLE2_ADV (Prop_plle2_adv_CLKIN1_CLKOUT0)
                                                      0.053    11.724 r  u_ddr3/u_mig_7series_0/u_mig_7series_0_mig/u_ddr3_infrastructure/plle2_i/CLKOUT0
                         net (fo=7, routed)           0.217    11.941    u_ddr3/u_mig_7series_0/u_mig_7series_0_mig/u_memc_ui_top_axi/mem_intfc0/ddr_phy_top0/u_ddr_mc_phy_wrapper/u_ddr_mc_phy/ddr_phy_4lanes_0.u_ddr_phy_4lanes/ddr_byte_lane_C.ddr_byte_lane_C/freq_refclk
    PHASER_IN_PHY_X1Y2   PHASER_IN_PHY (Prop_phaser_in_phy_FREQREFCLK_ICLK)
                                                      1.219    13.160 r  u_ddr3/u_mig_7series_0/u_mig_7series_0_mig/u_memc_ui_top_axi/mem_intfc0/ddr_phy_top0/u_ddr_mc_phy_wrapper/u_ddr_mc_phy/ddr_phy_4lanes_0.u_ddr_phy_4lanes/ddr_byte_lane_C.ddr_byte_lane_C/phaser_in_gen.phaser_in/ICLK
                         net (fo=16, routed)          0.177    13.337    u_ddr3/u_mig_7series_0/u_mig_7series_0_mig/u_memc_ui_top_axi/mem_intfc0/ddr_phy_top0/u_ddr_mc_phy_wrapper/u_ddr_mc_phy/ddr_phy_4lanes_0.u_ddr_phy_4lanes/ddr_byte_lane_C.ddr_byte_lane_C/ddr_byte_group_io/dq_gen_40.if_post_fifo_gen.if_empty_r_reg[3]
    ILOGIC_X1Y30         ISERDESE2                                    r  u_ddr3/u_mig_7series_0/u_mig_7series_0_mig/u_memc_ui_top_axi/mem_intfc0/ddr_phy_top0/u_ddr_mc_phy_wrapper/u_ddr_mc_phy/ddr_phy_4lanes_0.u_ddr_phy_4lanes/ddr_byte_lane_C.ddr_byte_lane_C/ddr_byte_group_io/input_[5].iserdes_dq_.iserdesdq/CLK
                         clock pessimism              0.236    13.573    
                         clock uncertainty            0.213    13.786    
    ILOGIC_X1Y30         ISERDESE2 (Hold_iserdese2_CLK_DDLY)
                                                      0.056    13.842    u_ddr3/u_mig_7series_0/u_mig_7series_0_mig/u_memc_ui_top_axi/mem_intfc0/ddr_phy_top0/u_ddr_mc_phy_wrapper/u_ddr_mc_phy/ddr_phy_4lanes_0.u_ddr_phy_4lanes/ddr_byte_lane_C.ddr_byte_lane_C/ddr_byte_group_io/input_[5].iserdes_dq_.iserdesdq
  -------------------------------------------------------------------
                         required time                        -13.842    
                         arrival time                          51.868    
  -------------------------------------------------------------------
                         slack                                 38.025    





---------------------------------------------------------------------------------------------------
From Clock:  sync_pulse
  To Clock:  mem_refclk

Setup :            0  Failing Endpoints,  Worst Slack        0.982ns,  Total Violation        0.000ns
Hold  :            0  Failing Endpoints,  Worst Slack        0.678ns,  Total Violation        0.000ns
---------------------------------------------------------------------------------------------------


Max Delay Paths
--------------------------------------------------------------------------------------
Slack (MET) :             0.982ns  (required time - arrival time)
  Source:                 u_ddr3/u_mig_7series_0/u_mig_7series_0_mig/u_ddr3_infrastructure/plle2_i/CLKOUT2
                            (clock source 'sync_pulse'  {rise@1.094ns fall@3.594ns period=40.000ns})
  Destination:            u_ddr3/u_mig_7series_0/u_mig_7series_0_mig/u_memc_ui_top_axi/mem_intfc0/ddr_phy_top0/u_ddr_mc_phy_wrapper/u_ddr_mc_phy/ddr_phy_4lanes_0.u_ddr_phy_4lanes/phy_control_i/SYNCIN
                            (rising edge-triggered cell PHY_CONTROL clocked by mem_refclk  {rise@0.000ns fall@1.250ns period=2.500ns})
  Path Group:             mem_refclk
  Path Type:              Setup (Max at Slow Process Corner)
  Requirement:            1.406ns  (mem_refclk rise@5.000ns - sync_pulse fall@3.594ns)
  Data Path Delay:        0.528ns  (logic 0.000ns (0.000%)  route 0.528ns (100.000%))
  Logic Levels:           0  
  Clock Path Skew:        0.501ns (DCD - SCD + CPR)
    Destination Clock Delay (DCD):    -0.385ns = ( 4.615 - 5.000 ) 
    Source Clock Delay      (SCD):    -0.442ns = ( 3.152 - 3.594 ) 
    Clock Pessimism Removal (CPR):    0.444ns
  Clock Uncertainty:      0.215ns  ((TSJ^2 + DJ^2)^1/2) / 2 + PE
    Total System Jitter     (TSJ):    0.071ns
    Discrete Jitter          (DJ):    0.177ns
    Phase Error              (PE):    0.120ns

    Location             Delay type                Incr(ns)  Path(ns)    Netlist Resource(s)
  -------------------------------------------------------------------    -------------------
                         (clock sync_pulse fall edge)
                                                      3.594     3.594 f  
    Y18                                               0.000     3.594 f  Clk (IN)
                         net (fo=0)                   0.000     3.594    u_mmcm/inst/clk_in1
    Y18                  IBUF (Prop_ibuf_I_O)         1.427     5.021 f  u_mmcm/inst/clkin1_ibufg/O
                         net (fo=1, routed)           1.065     6.086    u_mmcm/inst/clk_in1_mmcm
    MMCME2_ADV_X0Y0      MMCME2_ADV (Prop_mmcme2_adv_CLKIN1_CLKOUT0)
                                                     -5.924     0.161 f  u_mmcm/inst/mmcm_adv_inst/CLKOUT0
                         net (fo=1, routed)           1.425     1.586    u_mmcm/inst/clk_out1_mmcm
    BUFGCTRL_X0Y1        BUFG (Prop_bufg_I_O)         0.081     1.667 f  u_mmcm/inst/clkout1_buf/O
                         net (fo=63, routed)          1.408     3.075    u_ddr3/u_mig_7series_0/u_mig_7series_0_mig/u_ddr3_infrastructure/CLK
  -------------------------------------------------------------------    -------------------
    PLLE2_ADV_X1Y0       PLLE2_ADV (Prop_plle2_adv_CLKIN1_CLKOUT2)
                                                      0.077     3.152 f  u_ddr3/u_mig_7series_0/u_mig_7series_0_mig/u_ddr3_infrastructure/plle2_i/CLKOUT2
                         net (fo=7, routed)           0.528     3.680    u_ddr3/u_mig_7series_0/u_mig_7series_0_mig/u_memc_ui_top_axi/mem_intfc0/ddr_phy_top0/u_ddr_mc_phy_wrapper/u_ddr_mc_phy/ddr_phy_4lanes_0.u_ddr_phy_4lanes/sync_pulse
    PHY_CONTROL_X1Y0     PHY_CONTROL                                  f  u_ddr3/u_mig_7series_0/u_mig_7series_0_mig/u_memc_ui_top_axi/mem_intfc0/ddr_phy_top0/u_ddr_mc_phy_wrapper/u_ddr_mc_phy/ddr_phy_4lanes_0.u_ddr_phy_4lanes/phy_control_i/SYNCIN
  -------------------------------------------------------------------    -------------------

                         (clock mem_refclk rise edge)
                                                      5.000     5.000 r  
    Y18                                               0.000     5.000 r  Clk (IN)
                         net (fo=0)                   0.000     5.000    u_mmcm/inst/clk_in1
    Y18                  IBUF (Prop_ibuf_I_O)         1.361     6.361 r  u_mmcm/inst/clkin1_ibufg/O
                         net (fo=1, routed)           1.004     7.364    u_mmcm/inst/clk_in1_mmcm
    MMCME2_ADV_X0Y0      MMCME2_ADV (Prop_mmcme2_adv_CLKIN1_CLKOUT0)
                                                     -6.061     1.303 r  u_mmcm/inst/mmcm_adv_inst/CLKOUT0
                         net (fo=1, routed)           1.357     2.661    u_mmcm/inst/clk_out1_mmcm
    BUFGCTRL_X0Y1        BUFG (Prop_bufg_I_O)         0.077     2.738 r  u_mmcm/inst/clkout1_buf/O
                         net (fo=63, routed)          1.304     4.041    u_ddr3/u_mig_7series_0/u_mig_7series_0_mig/u_ddr3_infrastructure/CLK
    PLLE2_ADV_X1Y0       PLLE2_ADV (Prop_plle2_adv_CLKIN1_CLKOUT1)
                                                      0.073     4.114 r  u_ddr3/u_mig_7series_0/u_mig_7series_0_mig/u_ddr3_infrastructure/plle2_i/CLKOUT1
                         net (fo=7, routed)           0.501     4.615    u_ddr3/u_mig_7series_0/u_mig_7series_0_mig/u_memc_ui_top_axi/mem_intfc0/ddr_phy_top0/u_ddr_mc_phy_wrapper/u_ddr_mc_phy/ddr_phy_4lanes_0.u_ddr_phy_4lanes/mem_refclk
    PHY_CONTROL_X1Y0     PHY_CONTROL                                  r  u_ddr3/u_mig_7series_0/u_mig_7series_0_mig/u_memc_ui_top_axi/mem_intfc0/ddr_phy_top0/u_ddr_mc_phy_wrapper/u_ddr_mc_phy/ddr_phy_4lanes_0.u_ddr_phy_4lanes/phy_control_i/MEMREFCLK
                         clock pessimism              0.444     5.059    
                         clock uncertainty           -0.215     4.844    
    PHY_CONTROL_X1Y0     PHY_CONTROL (Setup_phy_control_MEMREFCLK_SYNCIN)
                                                     -0.182     4.662    u_ddr3/u_mig_7series_0/u_mig_7series_0_mig/u_memc_ui_top_axi/mem_intfc0/ddr_phy_top0/u_ddr_mc_phy_wrapper/u_ddr_mc_phy/ddr_phy_4lanes_0.u_ddr_phy_4lanes/phy_control_i
  -------------------------------------------------------------------
                         required time                          4.662    
                         arrival time                          -3.680    
  -------------------------------------------------------------------
                         slack                                  0.982    





Min Delay Paths
--------------------------------------------------------------------------------------
Slack (MET) :             0.678ns  (arrival time - required time)
  Source:                 u_ddr3/u_mig_7series_0/u_mig_7series_0_mig/u_ddr3_infrastructure/plle2_i/CLKOUT2
                            (clock source 'sync_pulse'  {rise@1.094ns fall@3.594ns period=40.000ns})
  Destination:            u_ddr3/u_mig_7series_0/u_mig_7series_0_mig/u_memc_ui_top_axi/mem_intfc0/ddr_phy_top0/u_ddr_mc_phy_wrapper/u_ddr_mc_phy/ddr_phy_4lanes_0.u_ddr_phy_4lanes/phy_control_i/SYNCIN
                            (rising edge-triggered cell PHY_CONTROL clocked by mem_refclk  {rise@0.000ns fall@1.250ns period=2.500ns})
  Path Group:             mem_refclk
  Path Type:              Hold (Min at Slow Process Corner)
  Requirement:            -1.094ns  (mem_refclk rise@0.000ns - sync_pulse rise@1.094ns)
  Data Path Delay:        0.501ns  (logic 0.000ns (0.000%)  route 0.501ns (100.000%))
  Logic Levels:           0  
  Clock Path Skew:        0.528ns (DCD - SCD - CPR)
    Destination Clock Delay (DCD):    0.086ns
    Source Clock Delay      (SCD):    -0.886ns = ( 0.208 - 1.094 ) 
    Clock Pessimism Removal (CPR):    0.444ns
  Clock Uncertainty:      0.215ns  ((TSJ^2 + DJ^2)^1/2) / 2 + PE
    Total System Jitter     (TSJ):    0.071ns
    Discrete Jitter          (DJ):    0.177ns
    Phase Error              (PE):    0.120ns

    Location             Delay type                Incr(ns)  Path(ns)    Netlist Resource(s)
  -------------------------------------------------------------------    -------------------
                         (clock sync_pulse rise edge)
                                                      1.094     1.094 r  
    Y18                                               0.000     1.094 r  Clk (IN)
                         net (fo=0)                   0.000     1.094    u_mmcm/inst/clk_in1
    Y18                  IBUF (Prop_ibuf_I_O)         1.361     2.455 r  u_mmcm/inst/clkin1_ibufg/O
                         net (fo=1, routed)           1.004     3.458    u_mmcm/inst/clk_in1_mmcm
    MMCME2_ADV_X0Y0      MMCME2_ADV (Prop_mmcme2_adv_CLKIN1_CLKOUT0)
                                                     -6.061    -2.603 r  u_mmcm/inst/mmcm_adv_inst/CLKOUT0
                         net (fo=1, routed)           1.357    -1.246    u_mmcm/inst/clk_out1_mmcm
    BUFGCTRL_X0Y1        BUFG (Prop_bufg_I_O)         0.077    -1.169 r  u_mmcm/inst/clkout1_buf/O
                         net (fo=63, routed)          1.304     0.135    u_ddr3/u_mig_7series_0/u_mig_7series_0_mig/u_ddr3_infrastructure/CLK
  -------------------------------------------------------------------    -------------------
    PLLE2_ADV_X1Y0       PLLE2_ADV (Prop_plle2_adv_CLKIN1_CLKOUT2)
                                                      0.073     0.208 r  u_ddr3/u_mig_7series_0/u_mig_7series_0_mig/u_ddr3_infrastructure/plle2_i/CLKOUT2
                         net (fo=7, routed)           0.501     0.709    u_ddr3/u_mig_7series_0/u_mig_7series_0_mig/u_memc_ui_top_axi/mem_intfc0/ddr_phy_top0/u_ddr_mc_phy_wrapper/u_ddr_mc_phy/ddr_phy_4lanes_0.u_ddr_phy_4lanes/sync_pulse
    PHY_CONTROL_X1Y0     PHY_CONTROL                                  r  u_ddr3/u_mig_7series_0/u_mig_7series_0_mig/u_memc_ui_top_axi/mem_intfc0/ddr_phy_top0/u_ddr_mc_phy_wrapper/u_ddr_mc_phy/ddr_phy_4lanes_0.u_ddr_phy_4lanes/phy_control_i/SYNCIN
  -------------------------------------------------------------------    -------------------

                         (clock mem_refclk rise edge)
                                                      0.000     0.000 r  
    Y18                                               0.000     0.000 r  Clk (IN)
                         net (fo=0)                   0.000     0.000    u_mmcm/inst/clk_in1
    Y18                  IBUF (Prop_ibuf_I_O)         1.427     1.427 r  u_mmcm/inst/clkin1_ibufg/O
                         net (fo=1, routed)           1.065     2.492    u_mmcm/inst/clk_in1_mmcm
    MMCME2_ADV_X0Y0      MMCME2_ADV (Prop_mmcme2_adv_CLKIN1_CLKOUT0)
                                                     -5.924    -3.433 r  u_mmcm/inst/mmcm_adv_inst/CLKOUT0
                         net (fo=1, routed)           1.425    -2.008    u_mmcm/inst/clk_out1_mmcm
    BUFGCTRL_X0Y1        BUFG (Prop_bufg_I_O)         0.081    -1.927 r  u_mmcm/inst/clkout1_buf/O
                         net (fo=63, routed)          1.408    -0.519    u_ddr3/u_mig_7series_0/u_mig_7series_0_mig/u_ddr3_infrastructure/CLK
    PLLE2_ADV_X1Y0       PLLE2_ADV (Prop_plle2_adv_CLKIN1_CLKOUT1)
                                                      0.077    -0.442 r  u_ddr3/u_mig_7series_0/u_mig_7series_0_mig/u_ddr3_infrastructure/plle2_i/CLKOUT1
                         net (fo=7, routed)           0.528     0.086    u_ddr3/u_mig_7series_0/u_mig_7series_0_mig/u_memc_ui_top_axi/mem_intfc0/ddr_phy_top0/u_ddr_mc_phy_wrapper/u_ddr_mc_phy/ddr_phy_4lanes_0.u_ddr_phy_4lanes/mem_refclk
    PHY_CONTROL_X1Y0     PHY_CONTROL                                  r  u_ddr3/u_mig_7series_0/u_mig_7series_0_mig/u_memc_ui_top_axi/mem_intfc0/ddr_phy_top0/u_ddr_mc_phy_wrapper/u_ddr_mc_phy/ddr_phy_4lanes_0.u_ddr_phy_4lanes/phy_control_i/MEMREFCLK
                         clock pessimism             -0.444    -0.358    
                         clock uncertainty            0.215    -0.142    
    PHY_CONTROL_X1Y0     PHY_CONTROL (Hold_phy_control_MEMREFCLK_SYNCIN)
                                                      0.174     0.032    u_ddr3/u_mig_7series_0/u_mig_7series_0_mig/u_memc_ui_top_axi/mem_intfc0/ddr_phy_top0/u_ddr_mc_phy_wrapper/u_ddr_mc_phy/ddr_phy_4lanes_0.u_ddr_phy_4lanes/phy_control_i
  -------------------------------------------------------------------
                         required time                         -0.032    
                         arrival time                           0.709    
  -------------------------------------------------------------------
                         slack                                  0.678    





---------------------------------------------------------------------------------------------------
From Clock:  oserdes_clk
  To Clock:  oserdes_clkdiv

Setup :            0  Failing Endpoints,  Worst Slack        1.699ns,  Total Violation        0.000ns
Hold  :            0  Failing Endpoints,  Worst Slack        0.089ns,  Total Violation        0.000ns
---------------------------------------------------------------------------------------------------


Max Delay Paths
--------------------------------------------------------------------------------------
Slack (MET) :             1.699ns  (required time - arrival time)
  Source:                 u_ddr3/u_mig_7series_0/u_mig_7series_0_mig/u_memc_ui_top_axi/mem_intfc0/ddr_phy_top0/u_ddr_mc_phy_wrapper/u_ddr_mc_phy/ddr_phy_4lanes_0.u_ddr_phy_4lanes/ddr_byte_lane_A.ddr_byte_lane_A/phaser_out/OCLK
                            (rising edge-triggered cell PHASER_OUT_PHY clocked by oserdes_clk  {rise@0.000ns fall@1.250ns period=2.500ns})
  Destination:            u_ddr3/u_mig_7series_0/u_mig_7series_0_mig/u_memc_ui_top_axi/mem_intfc0/ddr_phy_top0/u_ddr_mc_phy_wrapper/u_ddr_mc_phy/ddr_phy_4lanes_0.u_ddr_phy_4lanes/ddr_byte_lane_A.ddr_byte_lane_A/out_fifo/RDEN
                            (rising edge-triggered cell OUT_FIFO clocked by oserdes_clkdiv  {rise@0.000ns fall@2.500ns period=5.000ns})
  Path Group:             oserdes_clkdiv
  Path Type:              Setup (Max at Slow Process Corner)
  Requirement:            2.500ns  (oserdes_clkdiv rise@5.000ns - oserdes_clk rise@2.500ns)
  Data Path Delay:        0.301ns  (logic 0.301ns (100.000%)  route 0.000ns (0.000%))
  Logic Levels:           0  
  Clock Path Skew:        0.133ns (DCD - SCD + CPR)
    Destination Clock Delay (DCD):    1.770ns = ( 6.770 - 5.000 ) 
    Source Clock Delay      (SCD):    2.163ns = ( 4.663 - 2.500 ) 
    Clock Pessimism Removal (CPR):    0.526ns
  Clock Uncertainty:      0.060ns  ((TSJ^2 + DJ^2)^1/2) / 2 + PE
    Total System Jitter     (TSJ):    0.071ns
    Discrete Jitter          (DJ):    0.096ns
    Phase Error              (PE):    0.000ns

    Location             Delay type                Incr(ns)  Path(ns)    Netlist Resource(s)
  -------------------------------------------------------------------    -------------------
                         (clock oserdes_clk rise edge)
                                                      2.500     2.500 r  
    Y18                                               0.000     2.500 r  Clk (IN)
                         net (fo=0)                   0.000     2.500    u_mmcm/inst/clk_in1
    Y18                  IBUF (Prop_ibuf_I_O)         1.427     3.927 r  u_mmcm/inst/clkin1_ibufg/O
                         net (fo=1, routed)           1.065     4.992    u_mmcm/inst/clk_in1_mmcm
    MMCME2_ADV_X0Y0      MMCME2_ADV (Prop_mmcme2_adv_CLKIN1_CLKOUT0)
                                                     -5.924    -0.933 r  u_mmcm/inst/mmcm_adv_inst/CLKOUT0
                         net (fo=1, routed)           1.425     0.492    u_mmcm/inst/clk_out1_mmcm
    BUFGCTRL_X0Y1        BUFG (Prop_bufg_I_O)         0.081     0.573 r  u_mmcm/inst/clkout1_buf/O
                         net (fo=63, routed)          1.408     1.981    u_ddr3/u_mig_7series_0/u_mig_7series_0_mig/u_ddr3_infrastructure/CLK
    PLLE2_ADV_X1Y0       PLLE2_ADV (Prop_plle2_adv_CLKIN1_CLKOUT1)
                                                      0.077     2.058 r  u_ddr3/u_mig_7series_0/u_mig_7series_0_mig/u_ddr3_infrastructure/plle2_i/CLKOUT1
                         net (fo=7, routed)           0.522     2.580    u_ddr3/u_mig_7series_0/u_mig_7series_0_mig/u_memc_ui_top_axi/mem_intfc0/ddr_phy_top0/u_ddr_mc_phy_wrapper/u_ddr_mc_phy/ddr_phy_4lanes_0.u_ddr_phy_4lanes/ddr_byte_lane_A.ddr_byte_lane_A/mem_refclk
    PHASER_OUT_PHY_X1Y0  PHASER_OUT_PHY (Prop_phaser_out_phy_MEMREFCLK_OCLK)
                                                      2.083     4.663 r  u_ddr3/u_mig_7series_0/u_mig_7series_0_mig/u_memc_ui_top_axi/mem_intfc0/ddr_phy_top0/u_ddr_mc_phy_wrapper/u_ddr_mc_phy/ddr_phy_4lanes_0.u_ddr_phy_4lanes/ddr_byte_lane_A.ddr_byte_lane_A/phaser_out/OCLK
  -------------------------------------------------------------------    -------------------
    PHASER_OUT_PHY_X1Y0  PHASER_OUT_PHY (Prop_phaser_out_phy_OCLK_RDENABLE)
                                                      0.301     4.964 r  u_ddr3/u_mig_7series_0/u_mig_7series_0_mig/u_memc_ui_top_axi/mem_intfc0/ddr_phy_top0/u_ddr_mc_phy_wrapper/u_ddr_mc_phy/ddr_phy_4lanes_0.u_ddr_phy_4lanes/ddr_byte_lane_A.ddr_byte_lane_A/phaser_out/RDENABLE
                         net (fo=1, routed)           0.000     4.964    u_ddr3/u_mig_7series_0/u_mig_7series_0_mig/u_memc_ui_top_axi/mem_intfc0/ddr_phy_top0/u_ddr_mc_phy_wrapper/u_ddr_mc_phy/ddr_phy_4lanes_0.u_ddr_phy_4lanes/ddr_byte_lane_A.ddr_byte_lane_A/po_rd_enable
    OUT_FIFO_X1Y0        OUT_FIFO                                     r  u_ddr3/u_mig_7series_0/u_mig_7series_0_mig/u_memc_ui_top_axi/mem_intfc0/ddr_phy_top0/u_ddr_mc_phy_wrapper/u_ddr_mc_phy/ddr_phy_4lanes_0.u_ddr_phy_4lanes/ddr_byte_lane_A.ddr_byte_lane_A/out_fifo/RDEN
  -------------------------------------------------------------------    -------------------

                         (clock oserdes_clkdiv rise edge)
                                                      5.000     5.000 r  
    Y18                                               0.000     5.000 r  Clk (IN)
                         net (fo=0)                   0.000     5.000    u_mmcm/inst/clk_in1
    Y18                  IBUF (Prop_ibuf_I_O)         1.361     6.361 r  u_mmcm/inst/clkin1_ibufg/O
                         net (fo=1, routed)           1.004     7.364    u_mmcm/inst/clk_in1_mmcm
    MMCME2_ADV_X0Y0      MMCME2_ADV (Prop_mmcme2_adv_CLKIN1_CLKOUT0)
                                                     -6.061     1.303 r  u_mmcm/inst/mmcm_adv_inst/CLKOUT0
                         net (fo=1, routed)           1.357     2.661    u_mmcm/inst/clk_out1_mmcm
    BUFGCTRL_X0Y1        BUFG (Prop_bufg_I_O)         0.077     2.738 r  u_mmcm/inst/clkout1_buf/O
                         net (fo=63, routed)          1.304     4.041    u_ddr3/u_mig_7series_0/u_mig_7series_0_mig/u_ddr3_infrastructure/CLK
    PLLE2_ADV_X1Y0       PLLE2_ADV (Prop_plle2_adv_CLKIN1_CLKOUT1)
                                                      0.073     4.114 r  u_ddr3/u_mig_7series_0/u_mig_7series_0_mig/u_ddr3_infrastructure/plle2_i/CLKOUT1
                         net (fo=7, routed)           0.496     4.610    u_ddr3/u_mig_7series_0/u_mig_7series_0_mig/u_memc_ui_top_axi/mem_intfc0/ddr_phy_top0/u_ddr_mc_phy_wrapper/u_ddr_mc_phy/ddr_phy_4lanes_0.u_ddr_phy_4lanes/ddr_byte_lane_A.ddr_byte_lane_A/mem_refclk
    PHASER_OUT_PHY_X1Y0  PHASER_OUT_PHY (Prop_phaser_out_phy_MEMREFCLK_OCLK)
                                                      2.027     6.637 r  u_ddr3/u_mig_7series_0/u_mig_7series_0_mig/u_memc_ui_top_axi/mem_intfc0/ddr_phy_top0/u_ddr_mc_phy_wrapper/u_ddr_mc_phy/ddr_phy_4lanes_0.u_ddr_phy_4lanes/ddr_byte_lane_A.ddr_byte_lane_A/phaser_out/OCLK
    PHASER_OUT_PHY_X1Y0  PHASER_OUT_PHY (Prop_phaser_out_phy_OCLK_OCLKDIV)
                                                      0.133     6.770 r  u_ddr3/u_mig_7series_0/u_mig_7series_0_mig/u_memc_ui_top_axi/mem_intfc0/ddr_phy_top0/u_ddr_mc_phy_wrapper/u_ddr_mc_phy/ddr_phy_4lanes_0.u_ddr_phy_4lanes/ddr_byte_lane_A.ddr_byte_lane_A/phaser_out/OCLKDIV
                         net (fo=11, routed)          0.000     6.770    u_ddr3/u_mig_7series_0/u_mig_7series_0_mig/u_memc_ui_top_axi/mem_intfc0/ddr_phy_top0/u_ddr_mc_phy_wrapper/u_ddr_mc_phy/ddr_phy_4lanes_0.u_ddr_phy_4lanes/ddr_byte_lane_A.ddr_byte_lane_A/oserdes_clkdiv
    OUT_FIFO_X1Y0        OUT_FIFO                                     r  u_ddr3/u_mig_7series_0/u_mig_7series_0_mig/u_memc_ui_top_axi/mem_intfc0/ddr_phy_top0/u_ddr_mc_phy_wrapper/u_ddr_mc_phy/ddr_phy_4lanes_0.u_ddr_phy_4lanes/ddr_byte_lane_A.ddr_byte_lane_A/out_fifo/RDCLK
                         clock pessimism              0.526     7.296    
                         clock uncertainty           -0.060     7.236    
    OUT_FIFO_X1Y0        OUT_FIFO (Setup_out_fifo_RDCLK_RDEN)
                                                     -0.573     6.663    u_ddr3/u_mig_7series_0/u_mig_7series_0_mig/u_memc_ui_top_axi/mem_intfc0/ddr_phy_top0/u_ddr_mc_phy_wrapper/u_ddr_mc_phy/ddr_phy_4lanes_0.u_ddr_phy_4lanes/ddr_byte_lane_A.ddr_byte_lane_A/out_fifo
  -------------------------------------------------------------------
                         required time                          6.663    
                         arrival time                          -4.964    
  -------------------------------------------------------------------
                         slack                                  1.699    





Min Delay Paths
--------------------------------------------------------------------------------------
Slack (MET) :             0.089ns  (arrival time - required time)
  Source:                 u_ddr3/u_mig_7series_0/u_mig_7series_0_mig/u_memc_ui_top_axi/mem_intfc0/ddr_phy_top0/u_ddr_mc_phy_wrapper/u_ddr_mc_phy/ddr_phy_4lanes_0.u_ddr_phy_4lanes/ddr_byte_lane_A.ddr_byte_lane_A/phaser_out/OCLK
                            (rising edge-triggered cell PHASER_OUT_PHY clocked by oserdes_clk  {rise@0.000ns fall@1.250ns period=2.500ns})
  Destination:            u_ddr3/u_mig_7series_0/u_mig_7series_0_mig/u_memc_ui_top_axi/mem_intfc0/ddr_phy_top0/u_ddr_mc_phy_wrapper/u_ddr_mc_phy/ddr_phy_4lanes_0.u_ddr_phy_4lanes/ddr_byte_lane_A.ddr_byte_lane_A/ddr_byte_group_io/output_[9].oserdes_dq_.ddr.oserdes_dq_i/RST
                            (rising edge-triggered cell OSERDESE2 clocked by oserdes_clkdiv  {rise@0.000ns fall@2.500ns period=5.000ns})
  Path Group:             oserdes_clkdiv
  Path Type:              Hold (Min at Fast Process Corner)
  Requirement:            0.000ns  (oserdes_clkdiv rise@0.000ns - oserdes_clk rise@0.000ns)
  Data Path Delay:        0.916ns  (logic 0.272ns (29.697%)  route 0.644ns (70.303%))
  Logic Levels:           0  
  Clock Path Skew:        0.268ns (DCD - SCD - CPR)
    Destination Clock Delay (DCD):    1.568ns
    Source Clock Delay      (SCD):    1.470ns
    Clock Pessimism Removal (CPR):    -0.170ns
  Timing Exception:       MultiCycle Path   Setup -start 2    Hold  -start 1  

    Location             Delay type                Incr(ns)  Path(ns)    Netlist Resource(s)
  -------------------------------------------------------------------    -------------------
                         (clock oserdes_clk rise edge)
                                                      0.000     0.000 r  
    Y18                                               0.000     0.000 r  Clk (IN)
                         net (fo=0)                   0.000     0.000    u_mmcm/inst/clk_in1
    Y18                  IBUF (Prop_ibuf_I_O)         0.264     0.264 r  u_mmcm/inst/clkin1_ibufg/O
                         net (fo=1, routed)           0.440     0.704    u_mmcm/inst/clk_in1_mmcm
    MMCME2_ADV_X0Y0      MMCME2_ADV (Prop_mmcme2_adv_CLKIN1_CLKOUT0)
                                                     -2.362    -1.659 r  u_mmcm/inst/mmcm_adv_inst/CLKOUT0
                         net (fo=1, routed)           0.489    -1.170    u_mmcm/inst/clk_out1_mmcm
    BUFGCTRL_X0Y1        BUFG (Prop_bufg_I_O)         0.026    -1.144 r  u_mmcm/inst/clkout1_buf/O
                         net (fo=63, routed)          0.554    -0.590    u_ddr3/u_mig_7series_0/u_mig_7series_0_mig/u_ddr3_infrastructure/CLK
    PLLE2_ADV_X1Y0       PLLE2_ADV (Prop_plle2_adv_CLKIN1_CLKOUT1)
                                                      0.050    -0.540 r  u_ddr3/u_mig_7series_0/u_mig_7series_0_mig/u_ddr3_infrastructure/plle2_i/CLKOUT1
                         net (fo=7, routed)           0.197    -0.343    u_ddr3/u_mig_7series_0/u_mig_7series_0_mig/u_memc_ui_top_axi/mem_intfc0/ddr_phy_top0/u_ddr_mc_phy_wrapper/u_ddr_mc_phy/ddr_phy_4lanes_0.u_ddr_phy_4lanes/ddr_byte_lane_A.ddr_byte_lane_A/mem_refclk
    PHASER_OUT_PHY_X1Y0  PHASER_OUT_PHY (Prop_phaser_out_phy_MEMREFCLK_OCLK)
                                                      1.813     1.470 r  u_ddr3/u_mig_7series_0/u_mig_7series_0_mig/u_memc_ui_top_axi/mem_intfc0/ddr_phy_top0/u_ddr_mc_phy_wrapper/u_ddr_mc_phy/ddr_phy_4lanes_0.u_ddr_phy_4lanes/ddr_byte_lane_A.ddr_byte_lane_A/phaser_out/OCLK
  -------------------------------------------------------------------    -------------------
    PHASER_OUT_PHY_X1Y0  PHASER_OUT_PHY (Prop_phaser_out_phy_OCLK_OSERDESRST)
                                                      0.272     1.742 r  u_ddr3/u_mig_7series_0/u_mig_7series_0_mig/u_memc_ui_top_axi/mem_intfc0/ddr_phy_top0/u_ddr_mc_phy_wrapper/u_ddr_mc_phy/ddr_phy_4lanes_0.u_ddr_phy_4lanes/ddr_byte_lane_A.ddr_byte_lane_A/phaser_out/OSERDESRST
                         net (fo=10, routed)          0.644     2.386    u_ddr3/u_mig_7series_0/u_mig_7series_0_mig/u_memc_ui_top_axi/mem_intfc0/ddr_phy_top0/u_ddr_mc_phy_wrapper/u_ddr_mc_phy/ddr_phy_4lanes_0.u_ddr_phy_4lanes/ddr_byte_lane_A.ddr_byte_lane_A/ddr_byte_group_io/po_oserdes_rst
    OLOGIC_X1Y12         OSERDESE2                                    r  u_ddr3/u_mig_7series_0/u_mig_7series_0_mig/u_memc_ui_top_axi/mem_intfc0/ddr_phy_top0/u_ddr_mc_phy_wrapper/u_ddr_mc_phy/ddr_phy_4lanes_0.u_ddr_phy_4lanes/ddr_byte_lane_A.ddr_byte_lane_A/ddr_byte_group_io/output_[9].oserdes_dq_.ddr.oserdes_dq_i/RST
  -------------------------------------------------------------------    -------------------

                         (clock oserdes_clkdiv rise edge)
                                                      0.000     0.000 r  
    Y18                                               0.000     0.000 r  Clk (IN)
                         net (fo=0)                   0.000     0.000    u_mmcm/inst/clk_in1
    Y18                  IBUF (Prop_ibuf_I_O)         0.452     0.452 r  u_mmcm/inst/clkin1_ibufg/O
                         net (fo=1, routed)           0.480     0.932    u_mmcm/inst/clk_in1_mmcm
    MMCME2_ADV_X0Y0      MMCME2_ADV (Prop_mmcme2_adv_CLKIN1_CLKOUT0)
                                                     -3.145    -2.214 r  u_mmcm/inst/mmcm_adv_inst/CLKOUT0
                         net (fo=1, routed)           0.534    -1.680    u_mmcm/inst/clk_out1_mmcm
    BUFGCTRL_X0Y1        BUFG (Prop_bufg_I_O)         0.029    -1.651 r  u_mmcm/inst/clkout1_buf/O
                         net (fo=63, routed)          0.822    -0.829    u_ddr3/u_mig_7series_0/u_mig_7series_0_mig/u_ddr3_infrastructure/CLK
    PLLE2_ADV_X1Y0       PLLE2_ADV (Prop_plle2_adv_CLKIN1_CLKOUT1)
                                                      0.053    -0.776 r  u_ddr3/u_mig_7series_0/u_mig_7series_0_mig/u_ddr3_infrastructure/plle2_i/CLKOUT1
                         net (fo=7, routed)           0.218    -0.558    u_ddr3/u_mig_7series_0/u_mig_7series_0_mig/u_memc_ui_top_axi/mem_intfc0/ddr_phy_top0/u_ddr_mc_phy_wrapper/u_ddr_mc_phy/ddr_phy_4lanes_0.u_ddr_phy_4lanes/ddr_byte_lane_A.ddr_byte_lane_A/mem_refclk
    PHASER_OUT_PHY_X1Y0  PHASER_OUT_PHY (Prop_phaser_out_phy_MEMREFCLK_OCLK)
                                                      1.858     1.300 r  u_ddr3/u_mig_7series_0/u_mig_7series_0_mig/u_memc_ui_top_axi/mem_intfc0/ddr_phy_top0/u_ddr_mc_phy_wrapper/u_ddr_mc_phy/ddr_phy_4lanes_0.u_ddr_phy_4lanes/ddr_byte_lane_A.ddr_byte_lane_A/phaser_out/OCLK
    PHASER_OUT_PHY_X1Y0  PHASER_OUT_PHY (Prop_phaser_out_phy_OCLK_OCLKDIV)
                                                      0.088     1.388 r  u_ddr3/u_mig_7series_0/u_mig_7series_0_mig/u_memc_ui_top_axi/mem_intfc0/ddr_phy_top0/u_ddr_mc_phy_wrapper/u_ddr_mc_phy/ddr_phy_4lanes_0.u_ddr_phy_4lanes/ddr_byte_lane_A.ddr_byte_lane_A/phaser_out/OCLKDIV
                         net (fo=11, routed)          0.180     1.568    u_ddr3/u_mig_7series_0/u_mig_7series_0_mig/u_memc_ui_top_axi/mem_intfc0/ddr_phy_top0/u_ddr_mc_phy_wrapper/u_ddr_mc_phy/ddr_phy_4lanes_0.u_ddr_phy_4lanes/ddr_byte_lane_A.ddr_byte_lane_A/ddr_byte_group_io/oserdes_clkdiv
    OLOGIC_X1Y12         OSERDESE2                                    r  u_ddr3/u_mig_7series_0/u_mig_7series_0_mig/u_memc_ui_top_axi/mem_intfc0/ddr_phy_top0/u_ddr_mc_phy_wrapper/u_ddr_mc_phy/ddr_phy_4lanes_0.u_ddr_phy_4lanes/ddr_byte_lane_A.ddr_byte_lane_A/ddr_byte_group_io/output_[9].oserdes_dq_.ddr.oserdes_dq_i/CLKDIV
                         clock pessimism              0.170     1.738    
    OLOGIC_X1Y12         OSERDESE2 (Hold_oserdese2_CLKDIV_RST)
                                                      0.559     2.297    u_ddr3/u_mig_7series_0/u_mig_7series_0_mig/u_memc_ui_top_axi/mem_intfc0/ddr_phy_top0/u_ddr_mc_phy_wrapper/u_ddr_mc_phy/ddr_phy_4lanes_0.u_ddr_phy_4lanes/ddr_byte_lane_A.ddr_byte_lane_A/ddr_byte_group_io/output_[9].oserdes_dq_.ddr.oserdes_dq_i
  -------------------------------------------------------------------
                         required time                         -2.297    
                         arrival time                           2.386    
  -------------------------------------------------------------------
                         slack                                  0.089    





---------------------------------------------------------------------------------------------------
From Clock:  oserdes_clk_1
  To Clock:  oserdes_clkdiv_1

Setup :            0  Failing Endpoints,  Worst Slack        1.699ns,  Total Violation        0.000ns
Hold  :            0  Failing Endpoints,  Worst Slack        0.080ns,  Total Violation        0.000ns
---------------------------------------------------------------------------------------------------


Max Delay Paths
--------------------------------------------------------------------------------------
Slack (MET) :             1.699ns  (required time - arrival time)
  Source:                 u_ddr3/u_mig_7series_0/u_mig_7series_0_mig/u_memc_ui_top_axi/mem_intfc0/ddr_phy_top0/u_ddr_mc_phy_wrapper/u_ddr_mc_phy/ddr_phy_4lanes_0.u_ddr_phy_4lanes/ddr_byte_lane_B.ddr_byte_lane_B/phaser_out/OCLK
                            (rising edge-triggered cell PHASER_OUT_PHY clocked by oserdes_clk_1  {rise@0.000ns fall@1.250ns period=2.500ns})
  Destination:            u_ddr3/u_mig_7series_0/u_mig_7series_0_mig/u_memc_ui_top_axi/mem_intfc0/ddr_phy_top0/u_ddr_mc_phy_wrapper/u_ddr_mc_phy/ddr_phy_4lanes_0.u_ddr_phy_4lanes/ddr_byte_lane_B.ddr_byte_lane_B/out_fifo/RDEN
                            (rising edge-triggered cell OUT_FIFO clocked by oserdes_clkdiv_1  {rise@0.000ns fall@5.000ns period=10.000ns})
  Path Group:             oserdes_clkdiv_1
  Path Type:              Setup (Max at Slow Process Corner)
  Requirement:            2.500ns  (oserdes_clkdiv_1 rise@10.000ns - oserdes_clk_1 rise@7.500ns)
  Data Path Delay:        0.301ns  (logic 0.301ns (100.000%)  route 0.000ns (0.000%))
  Logic Levels:           0  
  Clock Path Skew:        0.133ns (DCD - SCD + CPR)
    Destination Clock Delay (DCD):    1.760ns = ( 11.760 - 10.000 ) 
    Source Clock Delay      (SCD):    2.152ns = ( 9.652 - 7.500 ) 
    Clock Pessimism Removal (CPR):    0.525ns
  Clock Uncertainty:      0.060ns  ((TSJ^2 + DJ^2)^1/2) / 2 + PE
    Total System Jitter     (TSJ):    0.071ns
    Discrete Jitter          (DJ):    0.096ns
    Phase Error              (PE):    0.000ns

    Location             Delay type                Incr(ns)  Path(ns)    Netlist Resource(s)
  -------------------------------------------------------------------    -------------------
                         (clock oserdes_clk_1 rise edge)
                                                      7.500     7.500 r  
    Y18                                               0.000     7.500 r  Clk (IN)
                         net (fo=0)                   0.000     7.500    u_mmcm/inst/clk_in1
    Y18                  IBUF (Prop_ibuf_I_O)         1.427     8.927 r  u_mmcm/inst/clkin1_ibufg/O
                         net (fo=1, routed)           1.065     9.992    u_mmcm/inst/clk_in1_mmcm
    MMCME2_ADV_X0Y0      MMCME2_ADV (Prop_mmcme2_adv_CLKIN1_CLKOUT0)
                                                     -5.924     4.067 r  u_mmcm/inst/mmcm_adv_inst/CLKOUT0
                         net (fo=1, routed)           1.425     5.492    u_mmcm/inst/clk_out1_mmcm
    BUFGCTRL_X0Y1        BUFG (Prop_bufg_I_O)         0.081     5.573 r  u_mmcm/inst/clkout1_buf/O
                         net (fo=63, routed)          1.408     6.981    u_ddr3/u_mig_7series_0/u_mig_7series_0_mig/u_ddr3_infrastructure/CLK
    PLLE2_ADV_X1Y0       PLLE2_ADV (Prop_plle2_adv_CLKIN1_CLKOUT1)
                                                      0.077     7.058 r  u_ddr3/u_mig_7series_0/u_mig_7series_0_mig/u_ddr3_infrastructure/plle2_i/CLKOUT1
                         net (fo=7, routed)           0.511     7.569    u_ddr3/u_mig_7series_0/u_mig_7series_0_mig/u_memc_ui_top_axi/mem_intfc0/ddr_phy_top0/u_ddr_mc_phy_wrapper/u_ddr_mc_phy/ddr_phy_4lanes_0.u_ddr_phy_4lanes/ddr_byte_lane_B.ddr_byte_lane_B/mem_refclk
    PHASER_OUT_PHY_X1Y1  PHASER_OUT_PHY (Prop_phaser_out_phy_MEMREFCLK_OCLK)
                                                      2.083     9.652 r  u_ddr3/u_mig_7series_0/u_mig_7series_0_mig/u_memc_ui_top_axi/mem_intfc0/ddr_phy_top0/u_ddr_mc_phy_wrapper/u_ddr_mc_phy/ddr_phy_4lanes_0.u_ddr_phy_4lanes/ddr_byte_lane_B.ddr_byte_lane_B/phaser_out/OCLK
  -------------------------------------------------------------------    -------------------
    PHASER_OUT_PHY_X1Y1  PHASER_OUT_PHY (Prop_phaser_out_phy_OCLK_RDENABLE)
                                                      0.301     9.953 r  u_ddr3/u_mig_7series_0/u_mig_7series_0_mig/u_memc_ui_top_axi/mem_intfc0/ddr_phy_top0/u_ddr_mc_phy_wrapper/u_ddr_mc_phy/ddr_phy_4lanes_0.u_ddr_phy_4lanes/ddr_byte_lane_B.ddr_byte_lane_B/phaser_out/RDENABLE
                         net (fo=1, routed)           0.000     9.953    u_ddr3/u_mig_7series_0/u_mig_7series_0_mig/u_memc_ui_top_axi/mem_intfc0/ddr_phy_top0/u_ddr_mc_phy_wrapper/u_ddr_mc_phy/ddr_phy_4lanes_0.u_ddr_phy_4lanes/ddr_byte_lane_B.ddr_byte_lane_B/po_rd_enable
    OUT_FIFO_X1Y1        OUT_FIFO                                     r  u_ddr3/u_mig_7series_0/u_mig_7series_0_mig/u_memc_ui_top_axi/mem_intfc0/ddr_phy_top0/u_ddr_mc_phy_wrapper/u_ddr_mc_phy/ddr_phy_4lanes_0.u_ddr_phy_4lanes/ddr_byte_lane_B.ddr_byte_lane_B/out_fifo/RDEN
  -------------------------------------------------------------------    -------------------

                         (clock oserdes_clkdiv_1 rise edge)
                                                     10.000    10.000 r  
    Y18                                               0.000    10.000 r  Clk (IN)
                         net (fo=0)                   0.000    10.000    u_mmcm/inst/clk_in1
    Y18                  IBUF (Prop_ibuf_I_O)         1.361    11.361 r  u_mmcm/inst/clkin1_ibufg/O
                         net (fo=1, routed)           1.004    12.364    u_mmcm/inst/clk_in1_mmcm
    MMCME2_ADV_X0Y0      MMCME2_ADV (Prop_mmcme2_adv_CLKIN1_CLKOUT0)
                                                     -6.061     6.303 r  u_mmcm/inst/mmcm_adv_inst/CLKOUT0
                         net (fo=1, routed)           1.357     7.661    u_mmcm/inst/clk_out1_mmcm
    BUFGCTRL_X0Y1        BUFG (Prop_bufg_I_O)         0.077     7.738 r  u_mmcm/inst/clkout1_buf/O
                         net (fo=63, routed)          1.304     9.041    u_ddr3/u_mig_7series_0/u_mig_7series_0_mig/u_ddr3_infrastructure/CLK
    PLLE2_ADV_X1Y0       PLLE2_ADV (Prop_plle2_adv_CLKIN1_CLKOUT1)
                                                      0.073     9.114 r  u_ddr3/u_mig_7series_0/u_mig_7series_0_mig/u_ddr3_infrastructure/plle2_i/CLKOUT1
                         net (fo=7, routed)           0.486     9.600    u_ddr3/u_mig_7series_0/u_mig_7series_0_mig/u_memc_ui_top_axi/mem_intfc0/ddr_phy_top0/u_ddr_mc_phy_wrapper/u_ddr_mc_phy/ddr_phy_4lanes_0.u_ddr_phy_4lanes/ddr_byte_lane_B.ddr_byte_lane_B/mem_refclk
    PHASER_OUT_PHY_X1Y1  PHASER_OUT_PHY (Prop_phaser_out_phy_MEMREFCLK_OCLK)
                                                      2.027    11.627 r  u_ddr3/u_mig_7series_0/u_mig_7series_0_mig/u_memc_ui_top_axi/mem_intfc0/ddr_phy_top0/u_ddr_mc_phy_wrapper/u_ddr_mc_phy/ddr_phy_4lanes_0.u_ddr_phy_4lanes/ddr_byte_lane_B.ddr_byte_lane_B/phaser_out/OCLK
    PHASER_OUT_PHY_X1Y1  PHASER_OUT_PHY (Prop_phaser_out_phy_OCLK_OCLKDIV)
                                                      0.133    11.760 r  u_ddr3/u_mig_7series_0/u_mig_7series_0_mig/u_memc_ui_top_axi/mem_intfc0/ddr_phy_top0/u_ddr_mc_phy_wrapper/u_ddr_mc_phy/ddr_phy_4lanes_0.u_ddr_phy_4lanes/ddr_byte_lane_B.ddr_byte_lane_B/phaser_out/OCLKDIV
                         net (fo=13, routed)          0.000    11.760    u_ddr3/u_mig_7series_0/u_mig_7series_0_mig/u_memc_ui_top_axi/mem_intfc0/ddr_phy_top0/u_ddr_mc_phy_wrapper/u_ddr_mc_phy/ddr_phy_4lanes_0.u_ddr_phy_4lanes/ddr_byte_lane_B.ddr_byte_lane_B/oserdes_clkdiv
    OUT_FIFO_X1Y1        OUT_FIFO                                     r  u_ddr3/u_mig_7series_0/u_mig_7series_0_mig/u_memc_ui_top_axi/mem_intfc0/ddr_phy_top0/u_ddr_mc_phy_wrapper/u_ddr_mc_phy/ddr_phy_4lanes_0.u_ddr_phy_4lanes/ddr_byte_lane_B.ddr_byte_lane_B/out_fifo/RDCLK
                         clock pessimism              0.525    12.285    
                         clock uncertainty           -0.060    12.225    
    OUT_FIFO_X1Y1        OUT_FIFO (Setup_out_fifo_RDCLK_RDEN)
                                                     -0.573    11.652    u_ddr3/u_mig_7series_0/u_mig_7series_0_mig/u_memc_ui_top_axi/mem_intfc0/ddr_phy_top0/u_ddr_mc_phy_wrapper/u_ddr_mc_phy/ddr_phy_4lanes_0.u_ddr_phy_4lanes/ddr_byte_lane_B.ddr_byte_lane_B/out_fifo
  -------------------------------------------------------------------
                         required time                         11.652    
                         arrival time                          -9.953    
  -------------------------------------------------------------------
                         slack                                  1.699    





Min Delay Paths
--------------------------------------------------------------------------------------
Slack (MET) :             0.080ns  (arrival time - required time)
  Source:                 u_ddr3/u_mig_7series_0/u_mig_7series_0_mig/u_memc_ui_top_axi/mem_intfc0/ddr_phy_top0/u_ddr_mc_phy_wrapper/u_ddr_mc_phy/ddr_phy_4lanes_0.u_ddr_phy_4lanes/ddr_byte_lane_B.ddr_byte_lane_B/phaser_out/OCLK
                            (rising edge-triggered cell PHASER_OUT_PHY clocked by oserdes_clk_1  {rise@0.000ns fall@1.250ns period=2.500ns})
  Destination:            u_ddr3/u_mig_7series_0/u_mig_7series_0_mig/u_memc_ui_top_axi/mem_intfc0/ddr_phy_top0/u_ddr_mc_phy_wrapper/u_ddr_mc_phy/ddr_phy_4lanes_0.u_ddr_phy_4lanes/ddr_byte_lane_B.ddr_byte_lane_B/ddr_byte_group_io/output_[4].oserdes_dq_.sdr.oserdes_dq_i/RST
                            (rising edge-triggered cell OSERDESE2 clocked by oserdes_clkdiv_1  {rise@0.000ns fall@5.000ns period=10.000ns})
  Path Group:             oserdes_clkdiv_1
  Path Type:              Hold (Min at Fast Process Corner)
  Requirement:            0.000ns  (oserdes_clkdiv_1 rise@0.000ns - oserdes_clk_1 rise@0.000ns)
  Data Path Delay:        0.901ns  (logic 0.272ns (30.187%)  route 0.629ns (69.813%))
  Logic Levels:           0  
  Clock Path Skew:        0.262ns (DCD - SCD - CPR)
    Destination Clock Delay (DCD):    1.553ns
    Source Clock Delay      (SCD):    1.463ns
    Clock Pessimism Removal (CPR):    -0.172ns
  Timing Exception:       MultiCycle Path   Setup -start 2    Hold  -start 1  

    Location             Delay type                Incr(ns)  Path(ns)    Netlist Resource(s)
  -------------------------------------------------------------------    -------------------
                         (clock oserdes_clk_1 rise edge)
                                                      0.000     0.000 r  
    Y18                                               0.000     0.000 r  Clk (IN)
                         net (fo=0)                   0.000     0.000    u_mmcm/inst/clk_in1
    Y18                  IBUF (Prop_ibuf_I_O)         0.264     0.264 r  u_mmcm/inst/clkin1_ibufg/O
                         net (fo=1, routed)           0.440     0.704    u_mmcm/inst/clk_in1_mmcm
    MMCME2_ADV_X0Y0      MMCME2_ADV (Prop_mmcme2_adv_CLKIN1_CLKOUT0)
                                                     -2.362    -1.659 r  u_mmcm/inst/mmcm_adv_inst/CLKOUT0
                         net (fo=1, routed)           0.489    -1.170    u_mmcm/inst/clk_out1_mmcm
    BUFGCTRL_X0Y1        BUFG (Prop_bufg_I_O)         0.026    -1.144 r  u_mmcm/inst/clkout1_buf/O
                         net (fo=63, routed)          0.554    -0.590    u_ddr3/u_mig_7series_0/u_mig_7series_0_mig/u_ddr3_infrastructure/CLK
    PLLE2_ADV_X1Y0       PLLE2_ADV (Prop_plle2_adv_CLKIN1_CLKOUT1)
                                                      0.050    -0.540 r  u_ddr3/u_mig_7series_0/u_mig_7series_0_mig/u_ddr3_infrastructure/plle2_i/CLKOUT1
                         net (fo=7, routed)           0.190    -0.350    u_ddr3/u_mig_7series_0/u_mig_7series_0_mig/u_memc_ui_top_axi/mem_intfc0/ddr_phy_top0/u_ddr_mc_phy_wrapper/u_ddr_mc_phy/ddr_phy_4lanes_0.u_ddr_phy_4lanes/ddr_byte_lane_B.ddr_byte_lane_B/mem_refclk
    PHASER_OUT_PHY_X1Y1  PHASER_OUT_PHY (Prop_phaser_out_phy_MEMREFCLK_OCLK)
                                                      1.813     1.463 r  u_ddr3/u_mig_7series_0/u_mig_7series_0_mig/u_memc_ui_top_axi/mem_intfc0/ddr_phy_top0/u_ddr_mc_phy_wrapper/u_ddr_mc_phy/ddr_phy_4lanes_0.u_ddr_phy_4lanes/ddr_byte_lane_B.ddr_byte_lane_B/phaser_out/OCLK
  -------------------------------------------------------------------    -------------------
    PHASER_OUT_PHY_X1Y1  PHASER_OUT_PHY (Prop_phaser_out_phy_OCLK_OSERDESRST)
                                                      0.272     1.735 r  u_ddr3/u_mig_7series_0/u_mig_7series_0_mig/u_memc_ui_top_axi/mem_intfc0/ddr_phy_top0/u_ddr_mc_phy_wrapper/u_ddr_mc_phy/ddr_phy_4lanes_0.u_ddr_phy_4lanes/ddr_byte_lane_B.ddr_byte_lane_B/phaser_out/OSERDESRST
                         net (fo=12, routed)          0.629     2.364    u_ddr3/u_mig_7series_0/u_mig_7series_0_mig/u_memc_ui_top_axi/mem_intfc0/ddr_phy_top0/u_ddr_mc_phy_wrapper/u_ddr_mc_phy/ddr_phy_4lanes_0.u_ddr_phy_4lanes/ddr_byte_lane_B.ddr_byte_lane_B/ddr_byte_group_io/po_oserdes_rst
    OLOGIC_X1Y17         OSERDESE2                                    r  u_ddr3/u_mig_7series_0/u_mig_7series_0_mig/u_memc_ui_top_axi/mem_intfc0/ddr_phy_top0/u_ddr_mc_phy_wrapper/u_ddr_mc_phy/ddr_phy_4lanes_0.u_ddr_phy_4lanes/ddr_byte_lane_B.ddr_byte_lane_B/ddr_byte_group_io/output_[4].oserdes_dq_.sdr.oserdes_dq_i/RST
  -------------------------------------------------------------------    -------------------

                         (clock oserdes_clkdiv_1 rise edge)
                                                      0.000     0.000 r  
    Y18                                               0.000     0.000 r  Clk (IN)
                         net (fo=0)                   0.000     0.000    u_mmcm/inst/clk_in1
    Y18                  IBUF (Prop_ibuf_I_O)         0.452     0.452 r  u_mmcm/inst/clkin1_ibufg/O
                         net (fo=1, routed)           0.480     0.932    u_mmcm/inst/clk_in1_mmcm
    MMCME2_ADV_X0Y0      MMCME2_ADV (Prop_mmcme2_adv_CLKIN1_CLKOUT0)
                                                     -3.145    -2.214 r  u_mmcm/inst/mmcm_adv_inst/CLKOUT0
                         net (fo=1, routed)           0.534    -1.680    u_mmcm/inst/clk_out1_mmcm
    BUFGCTRL_X0Y1        BUFG (Prop_bufg_I_O)         0.029    -1.651 r  u_mmcm/inst/clkout1_buf/O
                         net (fo=63, routed)          0.822    -0.829    u_ddr3/u_mig_7series_0/u_mig_7series_0_mig/u_ddr3_infrastructure/CLK
    PLLE2_ADV_X1Y0       PLLE2_ADV (Prop_plle2_adv_CLKIN1_CLKOUT1)
                                                      0.053    -0.776 r  u_ddr3/u_mig_7series_0/u_mig_7series_0_mig/u_ddr3_infrastructure/plle2_i/CLKOUT1
                         net (fo=7, routed)           0.209    -0.567    u_ddr3/u_mig_7series_0/u_mig_7series_0_mig/u_memc_ui_top_axi/mem_intfc0/ddr_phy_top0/u_ddr_mc_phy_wrapper/u_ddr_mc_phy/ddr_phy_4lanes_0.u_ddr_phy_4lanes/ddr_byte_lane_B.ddr_byte_lane_B/mem_refclk
    PHASER_OUT_PHY_X1Y1  PHASER_OUT_PHY (Prop_phaser_out_phy_MEMREFCLK_OCLK)
                                                      1.858     1.291 r  u_ddr3/u_mig_7series_0/u_mig_7series_0_mig/u_memc_ui_top_axi/mem_intfc0/ddr_phy_top0/u_ddr_mc_phy_wrapper/u_ddr_mc_phy/ddr_phy_4lanes_0.u_ddr_phy_4lanes/ddr_byte_lane_B.ddr_byte_lane_B/phaser_out/OCLK
    PHASER_OUT_PHY_X1Y1  PHASER_OUT_PHY (Prop_phaser_out_phy_OCLK_OCLKDIV)
                                                      0.088     1.379 r  u_ddr3/u_mig_7series_0/u_mig_7series_0_mig/u_memc_ui_top_axi/mem_intfc0/ddr_phy_top0/u_ddr_mc_phy_wrapper/u_ddr_mc_phy/ddr_phy_4lanes_0.u_ddr_phy_4lanes/ddr_byte_lane_B.ddr_byte_lane_B/phaser_out/OCLKDIV
                         net (fo=13, routed)          0.174     1.553    u_ddr3/u_mig_7series_0/u_mig_7series_0_mig/u_memc_ui_top_axi/mem_intfc0/ddr_phy_top0/u_ddr_mc_phy_wrapper/u_ddr_mc_phy/ddr_phy_4lanes_0.u_ddr_phy_4lanes/ddr_byte_lane_B.ddr_byte_lane_B/ddr_byte_group_io/oserdes_clkdiv
    OLOGIC_X1Y17         OSERDESE2                                    r  u_ddr3/u_mig_7series_0/u_mig_7series_0_mig/u_memc_ui_top_axi/mem_intfc0/ddr_phy_top0/u_ddr_mc_phy_wrapper/u_ddr_mc_phy/ddr_phy_4lanes_0.u_ddr_phy_4lanes/ddr_byte_lane_B.ddr_byte_lane_B/ddr_byte_group_io/output_[4].oserdes_dq_.sdr.oserdes_dq_i/CLKDIV
                         clock pessimism              0.172     1.725    
    OLOGIC_X1Y17         OSERDESE2 (Hold_oserdese2_CLKDIV_RST)
                                                      0.559     2.284    u_ddr3/u_mig_7series_0/u_mig_7series_0_mig/u_memc_ui_top_axi/mem_intfc0/ddr_phy_top0/u_ddr_mc_phy_wrapper/u_ddr_mc_phy/ddr_phy_4lanes_0.u_ddr_phy_4lanes/ddr_byte_lane_B.ddr_byte_lane_B/ddr_byte_group_io/output_[4].oserdes_dq_.sdr.oserdes_dq_i
  -------------------------------------------------------------------
                         required time                         -2.284    
                         arrival time                           2.364    
  -------------------------------------------------------------------
                         slack                                  0.080    





---------------------------------------------------------------------------------------------------
From Clock:  oserdes_clk_2
  To Clock:  oserdes_clkdiv_2

Setup :            0  Failing Endpoints,  Worst Slack        1.699ns,  Total Violation        0.000ns
Hold  :            0  Failing Endpoints,  Worst Slack        0.095ns,  Total Violation        0.000ns
---------------------------------------------------------------------------------------------------


Max Delay Paths
--------------------------------------------------------------------------------------
Slack (MET) :             1.699ns  (required time - arrival time)
  Source:                 u_ddr3/u_mig_7series_0/u_mig_7series_0_mig/u_memc_ui_top_axi/mem_intfc0/ddr_phy_top0/u_ddr_mc_phy_wrapper/u_ddr_mc_phy/ddr_phy_4lanes_0.u_ddr_phy_4lanes/ddr_byte_lane_C.ddr_byte_lane_C/phaser_out/OCLK
                            (rising edge-triggered cell PHASER_OUT_PHY clocked by oserdes_clk_2  {rise@0.000ns fall@1.250ns period=2.500ns})
  Destination:            u_ddr3/u_mig_7series_0/u_mig_7series_0_mig/u_memc_ui_top_axi/mem_intfc0/ddr_phy_top0/u_ddr_mc_phy_wrapper/u_ddr_mc_phy/ddr_phy_4lanes_0.u_ddr_phy_4lanes/ddr_byte_lane_C.ddr_byte_lane_C/out_fifo/RDEN
                            (rising edge-triggered cell OUT_FIFO clocked by oserdes_clkdiv_2  {rise@0.000ns fall@2.500ns period=5.000ns})
  Path Group:             oserdes_clkdiv_2
  Path Type:              Setup (Max at Slow Process Corner)
  Requirement:            2.500ns  (oserdes_clkdiv_2 rise@5.000ns - oserdes_clk_2 rise@2.500ns)
  Data Path Delay:        0.301ns  (logic 0.301ns (100.000%)  route 0.000ns (0.000%))
  Logic Levels:           0  
  Clock Path Skew:        0.133ns (DCD - SCD + CPR)
    Destination Clock Delay (DCD):    1.770ns = ( 6.770 - 5.000 ) 
    Source Clock Delay      (SCD):    2.163ns = ( 4.663 - 2.500 ) 
    Clock Pessimism Removal (CPR):    0.526ns
  Clock Uncertainty:      0.060ns  ((TSJ^2 + DJ^2)^1/2) / 2 + PE
    Total System Jitter     (TSJ):    0.071ns
    Discrete Jitter          (DJ):    0.096ns
    Phase Error              (PE):    0.000ns

    Location             Delay type                Incr(ns)  Path(ns)    Netlist Resource(s)
  -------------------------------------------------------------------    -------------------
                         (clock oserdes_clk_2 rise edge)
                                                      2.500     2.500 r  
    Y18                                               0.000     2.500 r  Clk (IN)
                         net (fo=0)                   0.000     2.500    u_mmcm/inst/clk_in1
    Y18                  IBUF (Prop_ibuf_I_O)         1.427     3.927 r  u_mmcm/inst/clkin1_ibufg/O
                         net (fo=1, routed)           1.065     4.992    u_mmcm/inst/clk_in1_mmcm
    MMCME2_ADV_X0Y0      MMCME2_ADV (Prop_mmcme2_adv_CLKIN1_CLKOUT0)
                                                     -5.924    -0.933 r  u_mmcm/inst/mmcm_adv_inst/CLKOUT0
                         net (fo=1, routed)           1.425     0.492    u_mmcm/inst/clk_out1_mmcm
    BUFGCTRL_X0Y1        BUFG (Prop_bufg_I_O)         0.081     0.573 r  u_mmcm/inst/clkout1_buf/O
                         net (fo=63, routed)          1.408     1.981    u_ddr3/u_mig_7series_0/u_mig_7series_0_mig/u_ddr3_infrastructure/CLK
    PLLE2_ADV_X1Y0       PLLE2_ADV (Prop_plle2_adv_CLKIN1_CLKOUT1)
                                                      0.077     2.058 r  u_ddr3/u_mig_7series_0/u_mig_7series_0_mig/u_ddr3_infrastructure/plle2_i/CLKOUT1
                         net (fo=7, routed)           0.522     2.580    u_ddr3/u_mig_7series_0/u_mig_7series_0_mig/u_memc_ui_top_axi/mem_intfc0/ddr_phy_top0/u_ddr_mc_phy_wrapper/u_ddr_mc_phy/ddr_phy_4lanes_0.u_ddr_phy_4lanes/ddr_byte_lane_C.ddr_byte_lane_C/mem_refclk
    PHASER_OUT_PHY_X1Y2  PHASER_OUT_PHY (Prop_phaser_out_phy_MEMREFCLK_OCLK)
                                                      2.083     4.663 r  u_ddr3/u_mig_7series_0/u_mig_7series_0_mig/u_memc_ui_top_axi/mem_intfc0/ddr_phy_top0/u_ddr_mc_phy_wrapper/u_ddr_mc_phy/ddr_phy_4lanes_0.u_ddr_phy_4lanes/ddr_byte_lane_C.ddr_byte_lane_C/phaser_out/OCLK
  -------------------------------------------------------------------    -------------------
    PHASER_OUT_PHY_X1Y2  PHASER_OUT_PHY (Prop_phaser_out_phy_OCLK_RDENABLE)
                                                      0.301     4.964 r  u_ddr3/u_mig_7series_0/u_mig_7series_0_mig/u_memc_ui_top_axi/mem_intfc0/ddr_phy_top0/u_ddr_mc_phy_wrapper/u_ddr_mc_phy/ddr_phy_4lanes_0.u_ddr_phy_4lanes/ddr_byte_lane_C.ddr_byte_lane_C/phaser_out/RDENABLE
                         net (fo=1, routed)           0.000     4.964    u_ddr3/u_mig_7series_0/u_mig_7series_0_mig/u_memc_ui_top_axi/mem_intfc0/ddr_phy_top0/u_ddr_mc_phy_wrapper/u_ddr_mc_phy/ddr_phy_4lanes_0.u_ddr_phy_4lanes/ddr_byte_lane_C.ddr_byte_lane_C/po_rd_enable
    OUT_FIFO_X1Y2        OUT_FIFO                                     r  u_ddr3/u_mig_7series_0/u_mig_7series_0_mig/u_memc_ui_top_axi/mem_intfc0/ddr_phy_top0/u_ddr_mc_phy_wrapper/u_ddr_mc_phy/ddr_phy_4lanes_0.u_ddr_phy_4lanes/ddr_byte_lane_C.ddr_byte_lane_C/out_fifo/RDEN
  -------------------------------------------------------------------    -------------------

                         (clock oserdes_clkdiv_2 rise edge)
                                                      5.000     5.000 r  
    Y18                                               0.000     5.000 r  Clk (IN)
                         net (fo=0)                   0.000     5.000    u_mmcm/inst/clk_in1
    Y18                  IBUF (Prop_ibuf_I_O)         1.361     6.361 r  u_mmcm/inst/clkin1_ibufg/O
                         net (fo=1, routed)           1.004     7.364    u_mmcm/inst/clk_in1_mmcm
    MMCME2_ADV_X0Y0      MMCME2_ADV (Prop_mmcme2_adv_CLKIN1_CLKOUT0)
                                                     -6.061     1.303 r  u_mmcm/inst/mmcm_adv_inst/CLKOUT0
                         net (fo=1, routed)           1.357     2.661    u_mmcm/inst/clk_out1_mmcm
    BUFGCTRL_X0Y1        BUFG (Prop_bufg_I_O)         0.077     2.738 r  u_mmcm/inst/clkout1_buf/O
                         net (fo=63, routed)          1.304     4.041    u_ddr3/u_mig_7series_0/u_mig_7series_0_mig/u_ddr3_infrastructure/CLK
    PLLE2_ADV_X1Y0       PLLE2_ADV (Prop_plle2_adv_CLKIN1_CLKOUT1)
                                                      0.073     4.114 r  u_ddr3/u_mig_7series_0/u_mig_7series_0_mig/u_ddr3_infrastructure/plle2_i/CLKOUT1
                         net (fo=7, routed)           0.496     4.610    u_ddr3/u_mig_7series_0/u_mig_7series_0_mig/u_memc_ui_top_axi/mem_intfc0/ddr_phy_top0/u_ddr_mc_phy_wrapper/u_ddr_mc_phy/ddr_phy_4lanes_0.u_ddr_phy_4lanes/ddr_byte_lane_C.ddr_byte_lane_C/mem_refclk
    PHASER_OUT_PHY_X1Y2  PHASER_OUT_PHY (Prop_phaser_out_phy_MEMREFCLK_OCLK)
                                                      2.027     6.637 r  u_ddr3/u_mig_7series_0/u_mig_7series_0_mig/u_memc_ui_top_axi/mem_intfc0/ddr_phy_top0/u_ddr_mc_phy_wrapper/u_ddr_mc_phy/ddr_phy_4lanes_0.u_ddr_phy_4lanes/ddr_byte_lane_C.ddr_byte_lane_C/phaser_out/OCLK
    PHASER_OUT_PHY_X1Y2  PHASER_OUT_PHY (Prop_phaser_out_phy_OCLK_OCLKDIV)
                                                      0.133     6.770 r  u_ddr3/u_mig_7series_0/u_mig_7series_0_mig/u_memc_ui_top_axi/mem_intfc0/ddr_phy_top0/u_ddr_mc_phy_wrapper/u_ddr_mc_phy/ddr_phy_4lanes_0.u_ddr_phy_4lanes/ddr_byte_lane_C.ddr_byte_lane_C/phaser_out/OCLKDIV
                         net (fo=11, routed)          0.000     6.770    u_ddr3/u_mig_7series_0/u_mig_7series_0_mig/u_memc_ui_top_axi/mem_intfc0/ddr_phy_top0/u_ddr_mc_phy_wrapper/u_ddr_mc_phy/ddr_phy_4lanes_0.u_ddr_phy_4lanes/ddr_byte_lane_C.ddr_byte_lane_C/oserdes_clkdiv
    OUT_FIFO_X1Y2        OUT_FIFO                                     r  u_ddr3/u_mig_7series_0/u_mig_7series_0_mig/u_memc_ui_top_axi/mem_intfc0/ddr_phy_top0/u_ddr_mc_phy_wrapper/u_ddr_mc_phy/ddr_phy_4lanes_0.u_ddr_phy_4lanes/ddr_byte_lane_C.ddr_byte_lane_C/out_fifo/RDCLK
                         clock pessimism              0.526     7.296    
                         clock uncertainty           -0.060     7.236    
    OUT_FIFO_X1Y2        OUT_FIFO (Setup_out_fifo_RDCLK_RDEN)
                                                     -0.573     6.663    u_ddr3/u_mig_7series_0/u_mig_7series_0_mig/u_memc_ui_top_axi/mem_intfc0/ddr_phy_top0/u_ddr_mc_phy_wrapper/u_ddr_mc_phy/ddr_phy_4lanes_0.u_ddr_phy_4lanes/ddr_byte_lane_C.ddr_byte_lane_C/out_fifo
  -------------------------------------------------------------------
                         required time                          6.663    
                         arrival time                          -4.964    
  -------------------------------------------------------------------
                         slack                                  1.699    





Min Delay Paths
--------------------------------------------------------------------------------------
Slack (MET) :             0.095ns  (arrival time - required time)
  Source:                 u_ddr3/u_mig_7series_0/u_mig_7series_0_mig/u_memc_ui_top_axi/mem_intfc0/ddr_phy_top0/u_ddr_mc_phy_wrapper/u_ddr_mc_phy/ddr_phy_4lanes_0.u_ddr_phy_4lanes/ddr_byte_lane_C.ddr_byte_lane_C/phaser_out/OCLK
                            (rising edge-triggered cell PHASER_OUT_PHY clocked by oserdes_clk_2  {rise@0.000ns fall@1.250ns period=2.500ns})
  Destination:            u_ddr3/u_mig_7series_0/u_mig_7series_0_mig/u_memc_ui_top_axi/mem_intfc0/ddr_phy_top0/u_ddr_mc_phy_wrapper/u_ddr_mc_phy/ddr_phy_4lanes_0.u_ddr_phy_4lanes/ddr_byte_lane_C.ddr_byte_lane_C/out_fifo/RDEN
                            (rising edge-triggered cell OUT_FIFO clocked by oserdes_clkdiv_2  {rise@0.000ns fall@2.500ns period=5.000ns})
  Path Group:             oserdes_clkdiv_2
  Path Type:              Hold (Min at Fast Process Corner)
  Requirement:            0.000ns  (oserdes_clkdiv_2 rise@0.000ns - oserdes_clk_2 rise@0.000ns)
  Data Path Delay:        0.172ns  (logic 0.172ns (100.000%)  route 0.000ns (0.000%))
  Logic Levels:           0  
  Clock Path Skew:        0.088ns (DCD - SCD - CPR)
    Destination Clock Delay (DCD):    1.388ns
    Source Clock Delay      (SCD):    1.470ns
    Clock Pessimism Removal (CPR):    -0.170ns

    Location             Delay type                Incr(ns)  Path(ns)    Netlist Resource(s)
  -------------------------------------------------------------------    -------------------
                         (clock oserdes_clk_2 rise edge)
                                                      0.000     0.000 r  
    Y18                                               0.000     0.000 r  Clk (IN)
                         net (fo=0)                   0.000     0.000    u_mmcm/inst/clk_in1
    Y18                  IBUF (Prop_ibuf_I_O)         0.264     0.264 r  u_mmcm/inst/clkin1_ibufg/O
                         net (fo=1, routed)           0.440     0.704    u_mmcm/inst/clk_in1_mmcm
    MMCME2_ADV_X0Y0      MMCME2_ADV (Prop_mmcme2_adv_CLKIN1_CLKOUT0)
                                                     -2.362    -1.659 r  u_mmcm/inst/mmcm_adv_inst/CLKOUT0
                         net (fo=1, routed)           0.489    -1.170    u_mmcm/inst/clk_out1_mmcm
    BUFGCTRL_X0Y1        BUFG (Prop_bufg_I_O)         0.026    -1.144 r  u_mmcm/inst/clkout1_buf/O
                         net (fo=63, routed)          0.554    -0.590    u_ddr3/u_mig_7series_0/u_mig_7series_0_mig/u_ddr3_infrastructure/CLK
    PLLE2_ADV_X1Y0       PLLE2_ADV (Prop_plle2_adv_CLKIN1_CLKOUT1)
                                                      0.050    -0.540 r  u_ddr3/u_mig_7series_0/u_mig_7series_0_mig/u_ddr3_infrastructure/plle2_i/CLKOUT1
                         net (fo=7, routed)           0.197    -0.343    u_ddr3/u_mig_7series_0/u_mig_7series_0_mig/u_memc_ui_top_axi/mem_intfc0/ddr_phy_top0/u_ddr_mc_phy_wrapper/u_ddr_mc_phy/ddr_phy_4lanes_0.u_ddr_phy_4lanes/ddr_byte_lane_C.ddr_byte_lane_C/mem_refclk
    PHASER_OUT_PHY_X1Y2  PHASER_OUT_PHY (Prop_phaser_out_phy_MEMREFCLK_OCLK)
                                                      1.813     1.470 r  u_ddr3/u_mig_7series_0/u_mig_7series_0_mig/u_memc_ui_top_axi/mem_intfc0/ddr_phy_top0/u_ddr_mc_phy_wrapper/u_ddr_mc_phy/ddr_phy_4lanes_0.u_ddr_phy_4lanes/ddr_byte_lane_C.ddr_byte_lane_C/phaser_out/OCLK
  -------------------------------------------------------------------    -------------------
    PHASER_OUT_PHY_X1Y2  PHASER_OUT_PHY (Prop_phaser_out_phy_OCLK_RDENABLE)
                                                      0.172     1.642 r  u_ddr3/u_mig_7series_0/u_mig_7series_0_mig/u_memc_ui_top_axi/mem_intfc0/ddr_phy_top0/u_ddr_mc_phy_wrapper/u_ddr_mc_phy/ddr_phy_4lanes_0.u_ddr_phy_4lanes/ddr_byte_lane_C.ddr_byte_lane_C/phaser_out/RDENABLE
                         net (fo=1, routed)           0.000     1.642    u_ddr3/u_mig_7series_0/u_mig_7series_0_mig/u_memc_ui_top_axi/mem_intfc0/ddr_phy_top0/u_ddr_mc_phy_wrapper/u_ddr_mc_phy/ddr_phy_4lanes_0.u_ddr_phy_4lanes/ddr_byte_lane_C.ddr_byte_lane_C/po_rd_enable
    OUT_FIFO_X1Y2        OUT_FIFO                                     r  u_ddr3/u_mig_7series_0/u_mig_7series_0_mig/u_memc_ui_top_axi/mem_intfc0/ddr_phy_top0/u_ddr_mc_phy_wrapper/u_ddr_mc_phy/ddr_phy_4lanes_0.u_ddr_phy_4lanes/ddr_byte_lane_C.ddr_byte_lane_C/out_fifo/RDEN
  -------------------------------------------------------------------    -------------------

                         (clock oserdes_clkdiv_2 rise edge)
                                                      0.000     0.000 r  
    Y18                                               0.000     0.000 r  Clk (IN)
                         net (fo=0)                   0.000     0.000    u_mmcm/inst/clk_in1
    Y18                  IBUF (Prop_ibuf_I_O)         0.452     0.452 r  u_mmcm/inst/clkin1_ibufg/O
                         net (fo=1, routed)           0.480     0.932    u_mmcm/inst/clk_in1_mmcm
    MMCME2_ADV_X0Y0      MMCME2_ADV (Prop_mmcme2_adv_CLKIN1_CLKOUT0)
                                                     -3.145    -2.214 r  u_mmcm/inst/mmcm_adv_inst/CLKOUT0
                         net (fo=1, routed)           0.534    -1.680    u_mmcm/inst/clk_out1_mmcm
    BUFGCTRL_X0Y1        BUFG (Prop_bufg_I_O)         0.029    -1.651 r  u_mmcm/inst/clkout1_buf/O
                         net (fo=63, routed)          0.822    -0.829    u_ddr3/u_mig_7series_0/u_mig_7series_0_mig/u_ddr3_infrastructure/CLK
    PLLE2_ADV_X1Y0       PLLE2_ADV (Prop_plle2_adv_CLKIN1_CLKOUT1)
                                                      0.053    -0.776 r  u_ddr3/u_mig_7series_0/u_mig_7series_0_mig/u_ddr3_infrastructure/plle2_i/CLKOUT1
                         net (fo=7, routed)           0.218    -0.558    u_ddr3/u_mig_7series_0/u_mig_7series_0_mig/u_memc_ui_top_axi/mem_intfc0/ddr_phy_top0/u_ddr_mc_phy_wrapper/u_ddr_mc_phy/ddr_phy_4lanes_0.u_ddr_phy_4lanes/ddr_byte_lane_C.ddr_byte_lane_C/mem_refclk
    PHASER_OUT_PHY_X1Y2  PHASER_OUT_PHY (Prop_phaser_out_phy_MEMREFCLK_OCLK)
                                                      1.858     1.300 r  u_ddr3/u_mig_7series_0/u_mig_7series_0_mig/u_memc_ui_top_axi/mem_intfc0/ddr_phy_top0/u_ddr_mc_phy_wrapper/u_ddr_mc_phy/ddr_phy_4lanes_0.u_ddr_phy_4lanes/ddr_byte_lane_C.ddr_byte_lane_C/phaser_out/OCLK
    PHASER_OUT_PHY_X1Y2  PHASER_OUT_PHY (Prop_phaser_out_phy_OCLK_OCLKDIV)
                                                      0.088     1.388 r  u_ddr3/u_mig_7series_0/u_mig_7series_0_mig/u_memc_ui_top_axi/mem_intfc0/ddr_phy_top0/u_ddr_mc_phy_wrapper/u_ddr_mc_phy/ddr_phy_4lanes_0.u_ddr_phy_4lanes/ddr_byte_lane_C.ddr_byte_lane_C/phaser_out/OCLKDIV
                         net (fo=11, routed)          0.000     1.388    u_ddr3/u_mig_7series_0/u_mig_7series_0_mig/u_memc_ui_top_axi/mem_intfc0/ddr_phy_top0/u_ddr_mc_phy_wrapper/u_ddr_mc_phy/ddr_phy_4lanes_0.u_ddr_phy_4lanes/ddr_byte_lane_C.ddr_byte_lane_C/oserdes_clkdiv
    OUT_FIFO_X1Y2        OUT_FIFO                                     r  u_ddr3/u_mig_7series_0/u_mig_7series_0_mig/u_memc_ui_top_axi/mem_intfc0/ddr_phy_top0/u_ddr_mc_phy_wrapper/u_ddr_mc_phy/ddr_phy_4lanes_0.u_ddr_phy_4lanes/ddr_byte_lane_C.ddr_byte_lane_C/out_fifo/RDCLK
                         clock pessimism              0.170     1.558    
    OUT_FIFO_X1Y2        OUT_FIFO (Hold_out_fifo_RDCLK_RDEN)
                                                     -0.011     1.547    u_ddr3/u_mig_7series_0/u_mig_7series_0_mig/u_memc_ui_top_axi/mem_intfc0/ddr_phy_top0/u_ddr_mc_phy_wrapper/u_ddr_mc_phy/ddr_phy_4lanes_0.u_ddr_phy_4lanes/ddr_byte_lane_C.ddr_byte_lane_C/out_fifo
  -------------------------------------------------------------------
                         required time                         -1.547    
                         arrival time                           1.642    
  -------------------------------------------------------------------
                         slack                                  0.095    





---------------------------------------------------------------------------------------------------
From Clock:  oserdes_clk_3
  To Clock:  oserdes_clkdiv_3

Setup :            0  Failing Endpoints,  Worst Slack        1.699ns,  Total Violation        0.000ns
Hold  :            0  Failing Endpoints,  Worst Slack        0.082ns,  Total Violation        0.000ns
---------------------------------------------------------------------------------------------------


Max Delay Paths
--------------------------------------------------------------------------------------
Slack (MET) :             1.699ns  (required time - arrival time)
  Source:                 u_ddr3/u_mig_7series_0/u_mig_7series_0_mig/u_memc_ui_top_axi/mem_intfc0/ddr_phy_top0/u_ddr_mc_phy_wrapper/u_ddr_mc_phy/ddr_phy_4lanes_0.u_ddr_phy_4lanes/ddr_byte_lane_D.ddr_byte_lane_D/phaser_out/OCLK
                            (rising edge-triggered cell PHASER_OUT_PHY clocked by oserdes_clk_3  {rise@0.000ns fall@1.250ns period=2.500ns})
  Destination:            u_ddr3/u_mig_7series_0/u_mig_7series_0_mig/u_memc_ui_top_axi/mem_intfc0/ddr_phy_top0/u_ddr_mc_phy_wrapper/u_ddr_mc_phy/ddr_phy_4lanes_0.u_ddr_phy_4lanes/ddr_byte_lane_D.ddr_byte_lane_D/out_fifo/RDEN
                            (rising edge-triggered cell OUT_FIFO clocked by oserdes_clkdiv_3  {rise@0.000ns fall@5.000ns period=10.000ns})
  Path Group:             oserdes_clkdiv_3
  Path Type:              Setup (Max at Slow Process Corner)
  Requirement:            2.500ns  (oserdes_clkdiv_3 rise@10.000ns - oserdes_clk_3 rise@7.500ns)
  Data Path Delay:        0.301ns  (logic 0.301ns (100.000%)  route 0.000ns (0.000%))
  Logic Levels:           0  
  Clock Path Skew:        0.133ns (DCD - SCD + CPR)
    Destination Clock Delay (DCD):    1.760ns = ( 11.760 - 10.000 ) 
    Source Clock Delay      (SCD):    2.152ns = ( 9.652 - 7.500 ) 
    Clock Pessimism Removal (CPR):    0.525ns
  Clock Uncertainty:      0.060ns  ((TSJ^2 + DJ^2)^1/2) / 2 + PE
    Total System Jitter     (TSJ):    0.071ns
    Discrete Jitter          (DJ):    0.096ns
    Phase Error              (PE):    0.000ns

    Location             Delay type                Incr(ns)  Path(ns)    Netlist Resource(s)
  -------------------------------------------------------------------    -------------------
                         (clock oserdes_clk_3 rise edge)
                                                      7.500     7.500 r  
    Y18                                               0.000     7.500 r  Clk (IN)
                         net (fo=0)                   0.000     7.500    u_mmcm/inst/clk_in1
    Y18                  IBUF (Prop_ibuf_I_O)         1.427     8.927 r  u_mmcm/inst/clkin1_ibufg/O
                         net (fo=1, routed)           1.065     9.992    u_mmcm/inst/clk_in1_mmcm
    MMCME2_ADV_X0Y0      MMCME2_ADV (Prop_mmcme2_adv_CLKIN1_CLKOUT0)
                                                     -5.924     4.067 r  u_mmcm/inst/mmcm_adv_inst/CLKOUT0
                         net (fo=1, routed)           1.425     5.492    u_mmcm/inst/clk_out1_mmcm
    BUFGCTRL_X0Y1        BUFG (Prop_bufg_I_O)         0.081     5.573 r  u_mmcm/inst/clkout1_buf/O
                         net (fo=63, routed)          1.408     6.981    u_ddr3/u_mig_7series_0/u_mig_7series_0_mig/u_ddr3_infrastructure/CLK
    PLLE2_ADV_X1Y0       PLLE2_ADV (Prop_plle2_adv_CLKIN1_CLKOUT1)
                                                      0.077     7.058 r  u_ddr3/u_mig_7series_0/u_mig_7series_0_mig/u_ddr3_infrastructure/plle2_i/CLKOUT1
                         net (fo=7, routed)           0.511     7.569    u_ddr3/u_mig_7series_0/u_mig_7series_0_mig/u_memc_ui_top_axi/mem_intfc0/ddr_phy_top0/u_ddr_mc_phy_wrapper/u_ddr_mc_phy/ddr_phy_4lanes_0.u_ddr_phy_4lanes/ddr_byte_lane_D.ddr_byte_lane_D/mem_refclk
    PHASER_OUT_PHY_X1Y3  PHASER_OUT_PHY (Prop_phaser_out_phy_MEMREFCLK_OCLK)
                                                      2.083     9.652 r  u_ddr3/u_mig_7series_0/u_mig_7series_0_mig/u_memc_ui_top_axi/mem_intfc0/ddr_phy_top0/u_ddr_mc_phy_wrapper/u_ddr_mc_phy/ddr_phy_4lanes_0.u_ddr_phy_4lanes/ddr_byte_lane_D.ddr_byte_lane_D/phaser_out/OCLK
  -------------------------------------------------------------------    -------------------
    PHASER_OUT_PHY_X1Y3  PHASER_OUT_PHY (Prop_phaser_out_phy_OCLK_RDENABLE)
                                                      0.301     9.953 r  u_ddr3/u_mig_7series_0/u_mig_7series_0_mig/u_memc_ui_top_axi/mem_intfc0/ddr_phy_top0/u_ddr_mc_phy_wrapper/u_ddr_mc_phy/ddr_phy_4lanes_0.u_ddr_phy_4lanes/ddr_byte_lane_D.ddr_byte_lane_D/phaser_out/RDENABLE
                         net (fo=1, routed)           0.000     9.953    u_ddr3/u_mig_7series_0/u_mig_7series_0_mig/u_memc_ui_top_axi/mem_intfc0/ddr_phy_top0/u_ddr_mc_phy_wrapper/u_ddr_mc_phy/ddr_phy_4lanes_0.u_ddr_phy_4lanes/ddr_byte_lane_D.ddr_byte_lane_D/po_rd_enable
    OUT_FIFO_X1Y3        OUT_FIFO                                     r  u_ddr3/u_mig_7series_0/u_mig_7series_0_mig/u_memc_ui_top_axi/mem_intfc0/ddr_phy_top0/u_ddr_mc_phy_wrapper/u_ddr_mc_phy/ddr_phy_4lanes_0.u_ddr_phy_4lanes/ddr_byte_lane_D.ddr_byte_lane_D/out_fifo/RDEN
  -------------------------------------------------------------------    -------------------

                         (clock oserdes_clkdiv_3 rise edge)
                                                     10.000    10.000 r  
    Y18                                               0.000    10.000 r  Clk (IN)
                         net (fo=0)                   0.000    10.000    u_mmcm/inst/clk_in1
    Y18                  IBUF (Prop_ibuf_I_O)         1.361    11.361 r  u_mmcm/inst/clkin1_ibufg/O
                         net (fo=1, routed)           1.004    12.364    u_mmcm/inst/clk_in1_mmcm
    MMCME2_ADV_X0Y0      MMCME2_ADV (Prop_mmcme2_adv_CLKIN1_CLKOUT0)
                                                     -6.061     6.303 r  u_mmcm/inst/mmcm_adv_inst/CLKOUT0
                         net (fo=1, routed)           1.357     7.661    u_mmcm/inst/clk_out1_mmcm
    BUFGCTRL_X0Y1        BUFG (Prop_bufg_I_O)         0.077     7.738 r  u_mmcm/inst/clkout1_buf/O
                         net (fo=63, routed)          1.304     9.041    u_ddr3/u_mig_7series_0/u_mig_7series_0_mig/u_ddr3_infrastructure/CLK
    PLLE2_ADV_X1Y0       PLLE2_ADV (Prop_plle2_adv_CLKIN1_CLKOUT1)
                                                      0.073     9.114 r  u_ddr3/u_mig_7series_0/u_mig_7series_0_mig/u_ddr3_infrastructure/plle2_i/CLKOUT1
                         net (fo=7, routed)           0.486     9.600    u_ddr3/u_mig_7series_0/u_mig_7series_0_mig/u_memc_ui_top_axi/mem_intfc0/ddr_phy_top0/u_ddr_mc_phy_wrapper/u_ddr_mc_phy/ddr_phy_4lanes_0.u_ddr_phy_4lanes/ddr_byte_lane_D.ddr_byte_lane_D/mem_refclk
    PHASER_OUT_PHY_X1Y3  PHASER_OUT_PHY (Prop_phaser_out_phy_MEMREFCLK_OCLK)
                                                      2.027    11.627 r  u_ddr3/u_mig_7series_0/u_mig_7series_0_mig/u_memc_ui_top_axi/mem_intfc0/ddr_phy_top0/u_ddr_mc_phy_wrapper/u_ddr_mc_phy/ddr_phy_4lanes_0.u_ddr_phy_4lanes/ddr_byte_lane_D.ddr_byte_lane_D/phaser_out/OCLK
    PHASER_OUT_PHY_X1Y3  PHASER_OUT_PHY (Prop_phaser_out_phy_OCLK_OCLKDIV)
                                                      0.133    11.760 r  u_ddr3/u_mig_7series_0/u_mig_7series_0_mig/u_memc_ui_top_axi/mem_intfc0/ddr_phy_top0/u_ddr_mc_phy_wrapper/u_ddr_mc_phy/ddr_phy_4lanes_0.u_ddr_phy_4lanes/ddr_byte_lane_D.ddr_byte_lane_D/phaser_out/OCLKDIV
                         net (fo=12, routed)          0.000    11.760    u_ddr3/u_mig_7series_0/u_mig_7series_0_mig/u_memc_ui_top_axi/mem_intfc0/ddr_phy_top0/u_ddr_mc_phy_wrapper/u_ddr_mc_phy/ddr_phy_4lanes_0.u_ddr_phy_4lanes/ddr_byte_lane_D.ddr_byte_lane_D/oserdes_clkdiv
    OUT_FIFO_X1Y3        OUT_FIFO                                     r  u_ddr3/u_mig_7series_0/u_mig_7series_0_mig/u_memc_ui_top_axi/mem_intfc0/ddr_phy_top0/u_ddr_mc_phy_wrapper/u_ddr_mc_phy/ddr_phy_4lanes_0.u_ddr_phy_4lanes/ddr_byte_lane_D.ddr_byte_lane_D/out_fifo/RDCLK
                         clock pessimism              0.525    12.285    
                         clock uncertainty           -0.060    12.225    
    OUT_FIFO_X1Y3        OUT_FIFO (Setup_out_fifo_RDCLK_RDEN)
                                                     -0.573    11.652    u_ddr3/u_mig_7series_0/u_mig_7series_0_mig/u_memc_ui_top_axi/mem_intfc0/ddr_phy_top0/u_ddr_mc_phy_wrapper/u_ddr_mc_phy/ddr_phy_4lanes_0.u_ddr_phy_4lanes/ddr_byte_lane_D.ddr_byte_lane_D/out_fifo
  -------------------------------------------------------------------
                         required time                         11.652    
                         arrival time                          -9.953    
  -------------------------------------------------------------------
                         slack                                  1.699    





Min Delay Paths
--------------------------------------------------------------------------------------
Slack (MET) :             0.082ns  (arrival time - required time)
  Source:                 u_ddr3/u_mig_7series_0/u_mig_7series_0_mig/u_memc_ui_top_axi/mem_intfc0/ddr_phy_top0/u_ddr_mc_phy_wrapper/u_ddr_mc_phy/ddr_phy_4lanes_0.u_ddr_phy_4lanes/ddr_byte_lane_D.ddr_byte_lane_D/phaser_out/OCLK
                            (rising edge-triggered cell PHASER_OUT_PHY clocked by oserdes_clk_3  {rise@0.000ns fall@1.250ns period=2.500ns})
  Destination:            u_ddr3/u_mig_7series_0/u_mig_7series_0_mig/u_memc_ui_top_axi/mem_intfc0/ddr_phy_top0/u_ddr_mc_phy_wrapper/u_ddr_mc_phy/ddr_phy_4lanes_0.u_ddr_phy_4lanes/ddr_byte_lane_D.ddr_byte_lane_D/ddr_byte_group_io/output_[0].oserdes_dq_.sdr.oserdes_dq_i/RST
                            (rising edge-triggered cell OSERDESE2 clocked by oserdes_clkdiv_3  {rise@0.000ns fall@5.000ns period=10.000ns})
  Path Group:             oserdes_clkdiv_3
  Path Type:              Hold (Min at Fast Process Corner)
  Requirement:            0.000ns  (oserdes_clkdiv_3 rise@0.000ns - oserdes_clk_3 rise@0.000ns)
  Data Path Delay:        0.912ns  (logic 0.272ns (29.828%)  route 0.640ns (70.172%))
  Logic Levels:           0  
  Clock Path Skew:        0.271ns (DCD - SCD - CPR)
    Destination Clock Delay (DCD):    1.562ns
    Source Clock Delay      (SCD):    1.463ns
    Clock Pessimism Removal (CPR):    -0.172ns
  Timing Exception:       MultiCycle Path   Setup -start 2    Hold  -start 1  

    Location             Delay type                Incr(ns)  Path(ns)    Netlist Resource(s)
  -------------------------------------------------------------------    -------------------
                         (clock oserdes_clk_3 rise edge)
                                                      0.000     0.000 r  
    Y18                                               0.000     0.000 r  Clk (IN)
                         net (fo=0)                   0.000     0.000    u_mmcm/inst/clk_in1
    Y18                  IBUF (Prop_ibuf_I_O)         0.264     0.264 r  u_mmcm/inst/clkin1_ibufg/O
                         net (fo=1, routed)           0.440     0.704    u_mmcm/inst/clk_in1_mmcm
    MMCME2_ADV_X0Y0      MMCME2_ADV (Prop_mmcme2_adv_CLKIN1_CLKOUT0)
                                                     -2.362    -1.659 r  u_mmcm/inst/mmcm_adv_inst/CLKOUT0
                         net (fo=1, routed)           0.489    -1.170    u_mmcm/inst/clk_out1_mmcm
    BUFGCTRL_X0Y1        BUFG (Prop_bufg_I_O)         0.026    -1.144 r  u_mmcm/inst/clkout1_buf/O
                         net (fo=63, routed)          0.554    -0.590    u_ddr3/u_mig_7series_0/u_mig_7series_0_mig/u_ddr3_infrastructure/CLK
    PLLE2_ADV_X1Y0       PLLE2_ADV (Prop_plle2_adv_CLKIN1_CLKOUT1)
                                                      0.050    -0.540 r  u_ddr3/u_mig_7series_0/u_mig_7series_0_mig/u_ddr3_infrastructure/plle2_i/CLKOUT1
                         net (fo=7, routed)           0.190    -0.350    u_ddr3/u_mig_7series_0/u_mig_7series_0_mig/u_memc_ui_top_axi/mem_intfc0/ddr_phy_top0/u_ddr_mc_phy_wrapper/u_ddr_mc_phy/ddr_phy_4lanes_0.u_ddr_phy_4lanes/ddr_byte_lane_D.ddr_byte_lane_D/mem_refclk
    PHASER_OUT_PHY_X1Y3  PHASER_OUT_PHY (Prop_phaser_out_phy_MEMREFCLK_OCLK)
                                                      1.813     1.463 r  u_ddr3/u_mig_7series_0/u_mig_7series_0_mig/u_memc_ui_top_axi/mem_intfc0/ddr_phy_top0/u_ddr_mc_phy_wrapper/u_ddr_mc_phy/ddr_phy_4lanes_0.u_ddr_phy_4lanes/ddr_byte_lane_D.ddr_byte_lane_D/phaser_out/OCLK
  -------------------------------------------------------------------    -------------------
    PHASER_OUT_PHY_X1Y3  PHASER_OUT_PHY (Prop_phaser_out_phy_OCLK_OSERDESRST)
                                                      0.272     1.735 r  u_ddr3/u_mig_7series_0/u_mig_7series_0_mig/u_memc_ui_top_axi/mem_intfc0/ddr_phy_top0/u_ddr_mc_phy_wrapper/u_ddr_mc_phy/ddr_phy_4lanes_0.u_ddr_phy_4lanes/ddr_byte_lane_D.ddr_byte_lane_D/phaser_out/OSERDESRST
                         net (fo=11, routed)          0.640     2.375    u_ddr3/u_mig_7series_0/u_mig_7series_0_mig/u_memc_ui_top_axi/mem_intfc0/ddr_phy_top0/u_ddr_mc_phy_wrapper/u_ddr_mc_phy/ddr_phy_4lanes_0.u_ddr_phy_4lanes/ddr_byte_lane_D.ddr_byte_lane_D/ddr_byte_group_io/po_oserdes_rst
    OLOGIC_X1Y37         OSERDESE2                                    r  u_ddr3/u_mig_7series_0/u_mig_7series_0_mig/u_memc_ui_top_axi/mem_intfc0/ddr_phy_top0/u_ddr_mc_phy_wrapper/u_ddr_mc_phy/ddr_phy_4lanes_0.u_ddr_phy_4lanes/ddr_byte_lane_D.ddr_byte_lane_D/ddr_byte_group_io/output_[0].oserdes_dq_.sdr.oserdes_dq_i/RST
  -------------------------------------------------------------------    -------------------

                         (clock oserdes_clkdiv_3 rise edge)
                                                      0.000     0.000 r  
    Y18                                               0.000     0.000 r  Clk (IN)
                         net (fo=0)                   0.000     0.000    u_mmcm/inst/clk_in1
    Y18                  IBUF (Prop_ibuf_I_O)         0.452     0.452 r  u_mmcm/inst/clkin1_ibufg/O
                         net (fo=1, routed)           0.480     0.932    u_mmcm/inst/clk_in1_mmcm
    MMCME2_ADV_X0Y0      MMCME2_ADV (Prop_mmcme2_adv_CLKIN1_CLKOUT0)
                                                     -3.145    -2.214 r  u_mmcm/inst/mmcm_adv_inst/CLKOUT0
                         net (fo=1, routed)           0.534    -1.680    u_mmcm/inst/clk_out1_mmcm
    BUFGCTRL_X0Y1        BUFG (Prop_bufg_I_O)         0.029    -1.651 r  u_mmcm/inst/clkout1_buf/O
                         net (fo=63, routed)          0.822    -0.829    u_ddr3/u_mig_7series_0/u_mig_7series_0_mig/u_ddr3_infrastructure/CLK
    PLLE2_ADV_X1Y0       PLLE2_ADV (Prop_plle2_adv_CLKIN1_CLKOUT1)
                                                      0.053    -0.776 r  u_ddr3/u_mig_7series_0/u_mig_7series_0_mig/u_ddr3_infrastructure/plle2_i/CLKOUT1
                         net (fo=7, routed)           0.209    -0.567    u_ddr3/u_mig_7series_0/u_mig_7series_0_mig/u_memc_ui_top_axi/mem_intfc0/ddr_phy_top0/u_ddr_mc_phy_wrapper/u_ddr_mc_phy/ddr_phy_4lanes_0.u_ddr_phy_4lanes/ddr_byte_lane_D.ddr_byte_lane_D/mem_refclk
    PHASER_OUT_PHY_X1Y3  PHASER_OUT_PHY (Prop_phaser_out_phy_MEMREFCLK_OCLK)
                                                      1.858     1.291 r  u_ddr3/u_mig_7series_0/u_mig_7series_0_mig/u_memc_ui_top_axi/mem_intfc0/ddr_phy_top0/u_ddr_mc_phy_wrapper/u_ddr_mc_phy/ddr_phy_4lanes_0.u_ddr_phy_4lanes/ddr_byte_lane_D.ddr_byte_lane_D/phaser_out/OCLK
    PHASER_OUT_PHY_X1Y3  PHASER_OUT_PHY (Prop_phaser_out_phy_OCLK_OCLKDIV)
                                                      0.088     1.379 r  u_ddr3/u_mig_7series_0/u_mig_7series_0_mig/u_memc_ui_top_axi/mem_intfc0/ddr_phy_top0/u_ddr_mc_phy_wrapper/u_ddr_mc_phy/ddr_phy_4lanes_0.u_ddr_phy_4lanes/ddr_byte_lane_D.ddr_byte_lane_D/phaser_out/OCLKDIV
                         net (fo=12, routed)          0.183     1.562    u_ddr3/u_mig_7series_0/u_mig_7series_0_mig/u_memc_ui_top_axi/mem_intfc0/ddr_phy_top0/u_ddr_mc_phy_wrapper/u_ddr_mc_phy/ddr_phy_4lanes_0.u_ddr_phy_4lanes/ddr_byte_lane_D.ddr_byte_lane_D/ddr_byte_group_io/oserdes_clkdiv
    OLOGIC_X1Y37         OSERDESE2                                    r  u_ddr3/u_mig_7series_0/u_mig_7series_0_mig/u_memc_ui_top_axi/mem_intfc0/ddr_phy_top0/u_ddr_mc_phy_wrapper/u_ddr_mc_phy/ddr_phy_4lanes_0.u_ddr_phy_4lanes/ddr_byte_lane_D.ddr_byte_lane_D/ddr_byte_group_io/output_[0].oserdes_dq_.sdr.oserdes_dq_i/CLKDIV
                         clock pessimism              0.172     1.734    
    OLOGIC_X1Y37         OSERDESE2 (Hold_oserdese2_CLKDIV_RST)
                                                      0.559     2.293    u_ddr3/u_mig_7series_0/u_mig_7series_0_mig/u_memc_ui_top_axi/mem_intfc0/ddr_phy_top0/u_ddr_mc_phy_wrapper/u_ddr_mc_phy/ddr_phy_4lanes_0.u_ddr_phy_4lanes/ddr_byte_lane_D.ddr_byte_lane_D/ddr_byte_group_io/output_[0].oserdes_dq_.sdr.oserdes_dq_i
  -------------------------------------------------------------------
                         required time                         -2.293    
                         arrival time                           2.375    
  -------------------------------------------------------------------
                         slack                                  0.082    





---------------------------------------------------------------------------------------------------
From Clock:  clk_out1_mmcm
  To Clock:  clk_pll_i

Setup :            0  Failing Endpoints,  Worst Slack       17.863ns,  Total Violation        0.000ns
Hold  :            0  Failing Endpoints,  Worst Slack        0.082ns,  Total Violation        0.000ns
---------------------------------------------------------------------------------------------------


Max Delay Paths
--------------------------------------------------------------------------------------
Slack (MET) :             17.863ns  (required time - arrival time)
  Source:                 u_ddr3/u_mig_7series_0/u_mig_7series_0_mig/temp_mon_enabled.u_tempmon/xadc_supplied_temperature.temperature_reg[2]/C
                            (rising edge-triggered cell FDRE clocked by clk_out1_mmcm  {rise@0.000ns fall@2.500ns period=5.000ns})
  Destination:            u_ddr3/u_mig_7series_0/u_mig_7series_0_mig/temp_mon_enabled.u_tempmon/device_temp_sync_r1_reg[2]/D
                            (rising edge-triggered cell FDRE clocked by clk_pll_i  {rise@0.000ns fall@5.000ns period=10.000ns})
  Path Group:             clk_pll_i
  Path Type:              Setup (Max at Slow Process Corner)
  Requirement:            20.000ns  (MaxDelay Path 20.000ns)
  Data Path Delay:        3.493ns  (logic 0.379ns (10.851%)  route 3.114ns (89.149%))
  Logic Levels:           0  
  Clock Path Skew:        1.650ns (DCD - SCD + CPR)
    Destination Clock Delay (DCD):    0.798ns
    Source Clock Delay      (SCD):    -0.517ns
    Clock Pessimism Removal (CPR):    0.336ns
  Clock Uncertainty:      0.262ns  ((TSJ^2 + DJ^2)^1/2) / 2 + PE
    Total System Jitter     (TSJ):    0.071ns
    Discrete Jitter          (DJ):    0.100ns
    Phase Error              (PE):    0.201ns
  Timing Exception:       MaxDelay Path 20.000ns

    Location             Delay type                Incr(ns)  Path(ns)    Netlist Resource(s)
  -------------------------------------------------------------------    -------------------
                         (clock clk_out1_mmcm rise edge)
                                                      0.000     0.000 r  
    Y18                                               0.000     0.000 r  Clk (IN)
                         net (fo=0)                   0.000     0.000    u_mmcm/inst/clk_in1
    Y18                  IBUF (Prop_ibuf_I_O)         1.427     1.427 r  u_mmcm/inst/clkin1_ibufg/O
                         net (fo=1, routed)           1.065     2.492    u_mmcm/inst/clk_in1_mmcm
    MMCME2_ADV_X0Y0      MMCME2_ADV (Prop_mmcme2_adv_CLKIN1_CLKOUT0)
                                                     -5.924    -3.433 r  u_mmcm/inst/mmcm_adv_inst/CLKOUT0
                         net (fo=1, routed)           1.425    -2.008    u_mmcm/inst/clk_out1_mmcm
    BUFGCTRL_X0Y1        BUFG (Prop_bufg_I_O)         0.081    -1.927 r  u_mmcm/inst/clkout1_buf/O
                         net (fo=63, routed)          1.410    -0.517    u_ddr3/u_mig_7series_0/u_mig_7series_0_mig/temp_mon_enabled.u_tempmon/mmcm_clk
    SLICE_X5Y78          FDRE                                         r  u_ddr3/u_mig_7series_0/u_mig_7series_0_mig/temp_mon_enabled.u_tempmon/xadc_supplied_temperature.temperature_reg[2]/C
  -------------------------------------------------------------------    -------------------
    SLICE_X5Y78          FDRE (Prop_fdre_C_Q)         0.379    -0.138 r  u_ddr3/u_mig_7series_0/u_mig_7series_0_mig/temp_mon_enabled.u_tempmon/xadc_supplied_temperature.temperature_reg[2]/Q
                         net (fo=1, routed)           3.114     2.976    u_ddr3/u_mig_7series_0/u_mig_7series_0_mig/temp_mon_enabled.u_tempmon/device_temp_lcl[2]
    SLICE_X3Y79          FDRE                                         r  u_ddr3/u_mig_7series_0/u_mig_7series_0_mig/temp_mon_enabled.u_tempmon/device_temp_sync_r1_reg[2]/D
  -------------------------------------------------------------------    -------------------

                         max delay                   20.000    20.000    
    Y18                                               0.000    20.000 r  Clk (IN)
                         net (fo=0)                   0.000    20.000    u_mmcm/inst/clk_in1
    Y18                  IBUF (Prop_ibuf_I_O)         1.361    21.361 r  u_mmcm/inst/clkin1_ibufg/O
                         net (fo=1, routed)           1.004    22.364    u_mmcm/inst/clk_in1_mmcm
    MMCME2_ADV_X0Y0      MMCME2_ADV (Prop_mmcme2_adv_CLKIN1_CLKOUT0)
                                                     -6.061    16.303 r  u_mmcm/inst/mmcm_adv_inst/CLKOUT0
                         net (fo=1, routed)           1.357    17.661    u_mmcm/inst/clk_out1_mmcm
    BUFGCTRL_X0Y1        BUFG (Prop_bufg_I_O)         0.077    17.738 r  u_mmcm/inst/clkout1_buf/O
                         net (fo=63, routed)          1.304    19.041    u_ddr3/u_mig_7series_0/u_mig_7series_0_mig/u_ddr3_infrastructure/CLK
    PLLE2_ADV_X1Y0       PLLE2_ADV (Prop_plle2_adv_CLKIN1_CLKOUT3)
                                                      0.073    19.114 r  u_ddr3/u_mig_7series_0/u_mig_7series_0_mig/u_ddr3_infrastructure/plle2_i/CLKOUT3
                         net (fo=1, routed)           0.929    20.043    u_ddr3/u_mig_7series_0/u_mig_7series_0_mig/u_ddr3_infrastructure/pll_clk3_out
    BUFHCE_X1Y0          BUFH (Prop_bufh_I_O)         0.069    20.112 r  u_ddr3/u_mig_7series_0/u_mig_7series_0_mig/u_ddr3_infrastructure/u_bufh_pll_clk3/O
                         net (fo=1, routed)           0.664    20.776    u_ddr3/u_mig_7series_0/u_mig_7series_0_mig/u_ddr3_infrastructure/pll_clk3
    MMCME2_ADV_X1Y0      MMCME2_ADV (Prop_mmcme2_adv_CLKIN1_CLKFBOUT)
                                                     -2.714    18.062 r  u_ddr3/u_mig_7series_0/u_mig_7series_0_mig/u_ddr3_infrastructure/gen_mmcm.mmcm_i/CLKFBOUT
                         net (fo=1, routed)           1.352    19.415    u_ddr3/u_mig_7series_0/u_mig_7series_0_mig/u_ddr3_infrastructure/clk_pll_i
    BUFGCTRL_X0Y0        BUFG (Prop_bufg_I_O)         0.077    19.492 r  u_ddr3/u_mig_7series_0/u_mig_7series_0_mig/u_ddr3_infrastructure/u_bufg_clkdiv0/O
                         net (fo=21229, routed)       1.306    20.798    u_ddr3/u_mig_7series_0/u_mig_7series_0_mig/temp_mon_enabled.u_tempmon/device_temp_r_reg[11]_0
    SLICE_X3Y79          FDRE                                         r  u_ddr3/u_mig_7series_0/u_mig_7series_0_mig/temp_mon_enabled.u_tempmon/device_temp_sync_r1_reg[2]/C
                         clock pessimism              0.336    21.133    
                         clock uncertainty           -0.262    20.871    
    SLICE_X3Y79          FDRE (Setup_fdre_C_D)       -0.032    20.839    u_ddr3/u_mig_7series_0/u_mig_7series_0_mig/temp_mon_enabled.u_tempmon/device_temp_sync_r1_reg[2]
  -------------------------------------------------------------------
                         required time                         20.839    
                         arrival time                          -2.976    
  -------------------------------------------------------------------
                         slack                                 17.863    





Min Delay Paths
--------------------------------------------------------------------------------------
Slack (MET) :             0.082ns  (arrival time - required time)
  Source:                 u_ddr3/u_mig_7series_0/u_mig_7series_0_mig/temp_mon_enabled.u_tempmon/xadc_supplied_temperature.temperature_reg[5]/C
                            (rising edge-triggered cell FDRE clocked by clk_out1_mmcm  {rise@0.000ns fall@2.500ns period=5.000ns})
  Destination:            u_ddr3/u_mig_7series_0/u_mig_7series_0_mig/temp_mon_enabled.u_tempmon/device_temp_sync_r1_reg[5]/D
                            (rising edge-triggered cell FDRE clocked by clk_pll_i  {rise@0.000ns fall@5.000ns period=10.000ns})
  Path Group:             clk_pll_i
  Path Type:              Hold (Min at Slow Process Corner)
  Requirement:            0.000ns  (clk_pll_i rise@0.000ns - clk_out1_mmcm rise@0.000ns)
  Data Path Delay:        2.506ns  (logic 0.279ns (11.133%)  route 2.227ns (88.867%))
  Logic Levels:           0  
  Clock Path Skew:        2.077ns (DCD - SCD - CPR)
    Destination Clock Delay (DCD):    1.453ns
    Source Clock Delay      (SCD):    -0.959ns
    Clock Pessimism Removal (CPR):    0.336ns
  Clock Uncertainty:      0.262ns  ((TSJ^2 + DJ^2)^1/2) / 2 + PE
    Total System Jitter     (TSJ):    0.071ns
    Discrete Jitter          (DJ):    0.100ns
    Phase Error              (PE):    0.201ns

    Location             Delay type                Incr(ns)  Path(ns)    Netlist Resource(s)
  -------------------------------------------------------------------    -------------------
                         (clock clk_out1_mmcm rise edge)
                                                      0.000     0.000 r  
    Y18                                               0.000     0.000 r  Clk (IN)
                         net (fo=0)                   0.000     0.000    u_mmcm/inst/clk_in1
    Y18                  IBUF (Prop_ibuf_I_O)         1.361     1.361 r  u_mmcm/inst/clkin1_ibufg/O
                         net (fo=1, routed)           1.004     2.364    u_mmcm/inst/clk_in1_mmcm
    MMCME2_ADV_X0Y0      MMCME2_ADV (Prop_mmcme2_adv_CLKIN1_CLKOUT0)
                                                     -6.061    -3.697 r  u_mmcm/inst/mmcm_adv_inst/CLKOUT0
                         net (fo=1, routed)           1.357    -2.339    u_mmcm/inst/clk_out1_mmcm
    BUFGCTRL_X0Y1        BUFG (Prop_bufg_I_O)         0.077    -2.262 r  u_mmcm/inst/clkout1_buf/O
                         net (fo=63, routed)          1.303    -0.959    u_ddr3/u_mig_7series_0/u_mig_7series_0_mig/temp_mon_enabled.u_tempmon/mmcm_clk
    SLICE_X5Y78          FDRE                                         r  u_ddr3/u_mig_7series_0/u_mig_7series_0_mig/temp_mon_enabled.u_tempmon/xadc_supplied_temperature.temperature_reg[5]/C
  -------------------------------------------------------------------    -------------------
    SLICE_X5Y78          FDRE (Prop_fdre_C_Q)         0.279    -0.680 r  u_ddr3/u_mig_7series_0/u_mig_7series_0_mig/temp_mon_enabled.u_tempmon/xadc_supplied_temperature.temperature_reg[5]/Q
                         net (fo=1, routed)           2.227     1.547    u_ddr3/u_mig_7series_0/u_mig_7series_0_mig/temp_mon_enabled.u_tempmon/device_temp_lcl[5]
    SLICE_X2Y80          FDRE                                         r  u_ddr3/u_mig_7series_0/u_mig_7series_0_mig/temp_mon_enabled.u_tempmon/device_temp_sync_r1_reg[5]/D
  -------------------------------------------------------------------    -------------------

                         (clock clk_pll_i rise edge)
                                                      0.000     0.000 r  
    Y18                                               0.000     0.000 r  Clk (IN)
                         net (fo=0)                   0.000     0.000    u_mmcm/inst/clk_in1
    Y18                  IBUF (Prop_ibuf_I_O)         1.427     1.427 r  u_mmcm/inst/clkin1_ibufg/O
                         net (fo=1, routed)           1.065     2.492    u_mmcm/inst/clk_in1_mmcm
    MMCME2_ADV_X0Y0      MMCME2_ADV (Prop_mmcme2_adv_CLKIN1_CLKOUT0)
                                                     -5.924    -3.433 r  u_mmcm/inst/mmcm_adv_inst/CLKOUT0
                         net (fo=1, routed)           1.425    -2.008    u_mmcm/inst/clk_out1_mmcm
    BUFGCTRL_X0Y1        BUFG (Prop_bufg_I_O)         0.081    -1.927 r  u_mmcm/inst/clkout1_buf/O
                         net (fo=63, routed)          1.408    -0.519    u_ddr3/u_mig_7series_0/u_mig_7series_0_mig/u_ddr3_infrastructure/CLK
    PLLE2_ADV_X1Y0       PLLE2_ADV (Prop_plle2_adv_CLKIN1_CLKOUT3)
                                                      0.077    -0.442 r  u_ddr3/u_mig_7series_0/u_mig_7series_0_mig/u_ddr3_infrastructure/plle2_i/CLKOUT3
                         net (fo=1, routed)           1.062     0.620    u_ddr3/u_mig_7series_0/u_mig_7series_0_mig/u_ddr3_infrastructure/pll_clk3_out
    BUFHCE_X1Y0          BUFH (Prop_bufh_I_O)         0.106     0.726 r  u_ddr3/u_mig_7series_0/u_mig_7series_0_mig/u_ddr3_infrastructure/u_bufh_pll_clk3/O
                         net (fo=1, routed)           0.702     1.428    u_ddr3/u_mig_7series_0/u_mig_7series_0_mig/u_ddr3_infrastructure/pll_clk3
    MMCME2_ADV_X1Y0      MMCME2_ADV (Prop_mmcme2_adv_CLKIN1_CLKFBOUT)
                                                     -2.890    -1.463 r  u_ddr3/u_mig_7series_0/u_mig_7series_0_mig/u_ddr3_infrastructure/gen_mmcm.mmcm_i/CLKFBOUT
                         net (fo=1, routed)           1.421    -0.042    u_ddr3/u_mig_7series_0/u_mig_7series_0_mig/u_ddr3_infrastructure/clk_pll_i
    BUFGCTRL_X0Y0        BUFG (Prop_bufg_I_O)         0.081     0.039 r  u_ddr3/u_mig_7series_0/u_mig_7series_0_mig/u_ddr3_infrastructure/u_bufg_clkdiv0/O
                         net (fo=21229, routed)       1.414     1.453    u_ddr3/u_mig_7series_0/u_mig_7series_0_mig/temp_mon_enabled.u_tempmon/device_temp_r_reg[11]_0
    SLICE_X2Y80          FDRE                                         r  u_ddr3/u_mig_7series_0/u_mig_7series_0_mig/temp_mon_enabled.u_tempmon/device_temp_sync_r1_reg[5]/C
                         clock pessimism             -0.336     1.118    
                         clock uncertainty            0.262     1.380    
    SLICE_X2Y80          FDRE (Hold_fdre_C_D)         0.085     1.465    u_ddr3/u_mig_7series_0/u_mig_7series_0_mig/temp_mon_enabled.u_tempmon/device_temp_sync_r1_reg[5]
  -------------------------------------------------------------------
                         required time                         -1.465    
                         arrival time                           1.547    
  -------------------------------------------------------------------
                         slack                                  0.082    





---------------------------------------------------------------------------------------------------
From Clock:  clk_out2_mmcm
  To Clock:  clk_pll_i

Setup :            0  Failing Endpoints,  Worst Slack        6.529ns,  Total Violation        0.000ns
Hold  :            0  Failing Endpoints,  Worst Slack        0.191ns,  Total Violation        0.000ns
---------------------------------------------------------------------------------------------------


Max Delay Paths
--------------------------------------------------------------------------------------
Slack (MET) :             6.529ns  (required time - arrival time)
  Source:                 read_active_reg/C
                            (rising edge-triggered cell FDRE clocked by clk_out2_mmcm  {rise@0.000ns fall@5.000ns period=10.000ns})
  Destination:            u_ddr3/rdfifo_clr_sync_ui_clk_reg/D
                            (rising edge-triggered cell FDRE clocked by clk_pll_i  {rise@0.000ns fall@5.000ns period=10.000ns})
  Path Group:             clk_pll_i
  Path Type:              Setup (Max at Slow Process Corner)
  Requirement:            10.000ns  (clk_pll_i rise@10.000ns - clk_out2_mmcm rise@0.000ns)
  Data Path Delay:        4.808ns  (logic 0.484ns (10.068%)  route 4.324ns (89.932%))
  Logic Levels:           1  (LUT1=1)
  Clock Path Skew:        1.579ns (DCD - SCD + CPR)
    Destination Clock Delay (DCD):    0.741ns = ( 10.741 - 10.000 ) 
    Source Clock Delay      (SCD):    -0.573ns
    Clock Pessimism Removal (CPR):    0.264ns
  Clock Uncertainty:      0.227ns  ((TSJ^2 + DJ^2)^1/2) / 2 + PE
    Total System Jitter     (TSJ):    0.071ns
    Discrete Jitter          (DJ):    0.101ns
    Phase Error              (PE):    0.166ns

    Location             Delay type                Incr(ns)  Path(ns)    Netlist Resource(s)
  -------------------------------------------------------------------    -------------------
                         (clock clk_out2_mmcm rise edge)
                                                      0.000     0.000 r  
    Y18                                               0.000     0.000 r  Clk (IN)
                         net (fo=0)                   0.000     0.000    u_mmcm/inst/clk_in1
    Y18                  IBUF (Prop_ibuf_I_O)         1.427     1.427 r  u_mmcm/inst/clkin1_ibufg/O
                         net (fo=1, routed)           1.065     2.492    u_mmcm/inst/clk_in1_mmcm
    MMCME2_ADV_X0Y0      MMCME2_ADV (Prop_mmcme2_adv_CLKIN1_CLKOUT1)
                                                     -5.924    -3.433 r  u_mmcm/inst/mmcm_adv_inst/CLKOUT1
                         net (fo=1, routed)           1.425    -2.008    u_mmcm/inst/clk_out2_mmcm
    BUFGCTRL_X0Y2        BUFG (Prop_bufg_I_O)         0.081    -1.927 r  u_mmcm/inst/clkout2_buf/O
                         net (fo=489, routed)         1.354    -0.573    clk_100m
    SLICE_X9Y25          FDRE                                         r  read_active_reg/C
  -------------------------------------------------------------------    -------------------
    SLICE_X9Y25          FDRE (Prop_fdre_C_Q)         0.379    -0.194 f  read_active_reg/Q
                         net (fo=6, routed)           2.207     2.013    u_ddr3/rdfifo_clr_sync_ui_clk_reg_0
    SLICE_X9Y26          LUT1 (Prop_lut1_I0_O)        0.105     2.118 r  u_ddr3/rd_ddr3_fifo_i_1/O
                         net (fo=3, routed)           2.117     4.234    u_ddr3/rd_ddr3_fifo_i_1_n_0
    SLICE_X14Y28         FDRE                                         r  u_ddr3/rdfifo_clr_sync_ui_clk_reg/D
  -------------------------------------------------------------------    -------------------

                         (clock clk_pll_i rise edge)
                                                     10.000    10.000 r  
    Y18                                               0.000    10.000 r  Clk (IN)
                         net (fo=0)                   0.000    10.000    u_mmcm/inst/clk_in1
    Y18                  IBUF (Prop_ibuf_I_O)         1.361    11.361 r  u_mmcm/inst/clkin1_ibufg/O
                         net (fo=1, routed)           1.004    12.364    u_mmcm/inst/clk_in1_mmcm
    MMCME2_ADV_X0Y0      MMCME2_ADV (Prop_mmcme2_adv_CLKIN1_CLKOUT0)
                                                     -6.061     6.303 r  u_mmcm/inst/mmcm_adv_inst/CLKOUT0
                         net (fo=1, routed)           1.357     7.661    u_mmcm/inst/clk_out1_mmcm
    BUFGCTRL_X0Y1        BUFG (Prop_bufg_I_O)         0.077     7.738 r  u_mmcm/inst/clkout1_buf/O
                         net (fo=63, routed)          1.304     9.041    u_ddr3/u_mig_7series_0/u_mig_7series_0_mig/u_ddr3_infrastructure/CLK
    PLLE2_ADV_X1Y0       PLLE2_ADV (Prop_plle2_adv_CLKIN1_CLKOUT3)
                                                      0.073     9.114 r  u_ddr3/u_mig_7series_0/u_mig_7series_0_mig/u_ddr3_infrastructure/plle2_i/CLKOUT3
                         net (fo=1, routed)           0.929    10.043    u_ddr3/u_mig_7series_0/u_mig_7series_0_mig/u_ddr3_infrastructure/pll_clk3_out
    BUFHCE_X1Y0          BUFH (Prop_bufh_I_O)         0.069    10.112 r  u_ddr3/u_mig_7series_0/u_mig_7series_0_mig/u_ddr3_infrastructure/u_bufh_pll_clk3/O
                         net (fo=1, routed)           0.664    10.776    u_ddr3/u_mig_7series_0/u_mig_7series_0_mig/u_ddr3_infrastructure/pll_clk3
    MMCME2_ADV_X1Y0      MMCME2_ADV (Prop_mmcme2_adv_CLKIN1_CLKFBOUT)
                                                     -2.714     8.062 r  u_ddr3/u_mig_7series_0/u_mig_7series_0_mig/u_ddr3_infrastructure/gen_mmcm.mmcm_i/CLKFBOUT
                         net (fo=1, routed)           1.352     9.415    u_ddr3/u_mig_7series_0/u_mig_7series_0_mig/u_ddr3_infrastructure/clk_pll_i
    BUFGCTRL_X0Y0        BUFG (Prop_bufg_I_O)         0.077     9.492 r  u_ddr3/u_mig_7series_0/u_mig_7series_0_mig/u_ddr3_infrastructure/u_bufg_clkdiv0/O
                         net (fo=21229, routed)       1.250    10.741    u_ddr3/ui_clk
    SLICE_X14Y28         FDRE                                         r  u_ddr3/rdfifo_clr_sync_ui_clk_reg/C
                         clock pessimism              0.264    11.006    
                         clock uncertainty           -0.227    10.778    
    SLICE_X14Y28         FDRE (Setup_fdre_C_D)       -0.015    10.763    u_ddr3/rdfifo_clr_sync_ui_clk_reg
  -------------------------------------------------------------------
                         required time                         10.763    
                         arrival time                          -4.234    
  -------------------------------------------------------------------
                         slack                                  6.529    





Min Delay Paths
--------------------------------------------------------------------------------------
Slack (MET) :             0.191ns  (arrival time - required time)
  Source:                 npu_start_toggle_reg/C
                            (rising edge-triggered cell FDRE clocked by clk_out2_mmcm  {rise@0.000ns fall@5.000ns period=10.000ns})
  Destination:            u_ddr3/npu_start_meta_reg/D
                            (rising edge-triggered cell FDCE clocked by clk_pll_i  {rise@0.000ns fall@5.000ns period=10.000ns})
  Path Group:             clk_pll_i
  Path Type:              Hold (Min at Fast Process Corner)
  Requirement:            0.000ns  (clk_pll_i rise@0.000ns - clk_out2_mmcm rise@0.000ns)
  Data Path Delay:        1.842ns  (logic 0.164ns (8.903%)  route 1.678ns (91.097%))
  Logic Levels:           0  
  Clock Path Skew:        1.363ns (DCD - SCD - CPR)
    Destination Clock Delay (DCD):    0.220ns
    Source Clock Delay      (SCD):    -0.588ns
    Clock Pessimism Removal (CPR):    -0.555ns
  Clock Uncertainty:      0.227ns  ((TSJ^2 + DJ^2)^1/2) / 2 + PE
    Total System Jitter     (TSJ):    0.071ns
    Discrete Jitter          (DJ):    0.101ns
    Phase Error              (PE):    0.166ns

    Location             Delay type                Incr(ns)  Path(ns)    Netlist Resource(s)
  -------------------------------------------------------------------    -------------------
                         (clock clk_out2_mmcm rise edge)
                                                      0.000     0.000 r  
    Y18                                               0.000     0.000 r  Clk (IN)
                         net (fo=0)                   0.000     0.000    u_mmcm/inst/clk_in1
    Y18                  IBUF (Prop_ibuf_I_O)         0.264     0.264 r  u_mmcm/inst/clkin1_ibufg/O
                         net (fo=1, routed)           0.440     0.704    u_mmcm/inst/clk_in1_mmcm
    MMCME2_ADV_X0Y0      MMCME2_ADV (Prop_mmcme2_adv_CLKIN1_CLKOUT1)
                                                     -2.362    -1.659 r  u_mmcm/inst/mmcm_adv_inst/CLKOUT1
                         net (fo=1, routed)           0.489    -1.170    u_mmcm/inst/clk_out2_mmcm
    BUFGCTRL_X0Y2        BUFG (Prop_bufg_I_O)         0.026    -1.144 r  u_mmcm/inst/clkout2_buf/O
                         net (fo=489, routed)         0.556    -0.588    clk_100m
    SLICE_X8Y28          FDRE                                         r  npu_start_toggle_reg/C
  -------------------------------------------------------------------    -------------------
    SLICE_X8Y28          FDRE (Prop_fdre_C_Q)         0.164    -0.424 r  npu_start_toggle_reg/Q
                         net (fo=2, routed)           1.678     1.254    u_ddr3/npu_start_toggle
    SLICE_X7Y46          FDCE                                         r  u_ddr3/npu_start_meta_reg/D
  -------------------------------------------------------------------    -------------------

                         (clock clk_pll_i rise edge)
                                                      0.000     0.000 r  
    Y18                                               0.000     0.000 r  Clk (IN)
                         net (fo=0)                   0.000     0.000    u_mmcm/inst/clk_in1
    Y18                  IBUF (Prop_ibuf_I_O)         0.452     0.452 r  u_mmcm/inst/clkin1_ibufg/O
                         net (fo=1, routed)           0.480     0.932    u_mmcm/inst/clk_in1_mmcm
    MMCME2_ADV_X0Y0      MMCME2_ADV (Prop_mmcme2_adv_CLKIN1_CLKOUT0)
                                                     -3.145    -2.214 r  u_mmcm/inst/mmcm_adv_inst/CLKOUT0
                         net (fo=1, routed)           0.534    -1.680    u_mmcm/inst/clk_out1_mmcm
    BUFGCTRL_X0Y1        BUFG (Prop_bufg_I_O)         0.029    -1.651 r  u_mmcm/inst/clkout1_buf/O
                         net (fo=63, routed)          0.822    -0.829    u_ddr3/u_mig_7series_0/u_mig_7series_0_mig/u_ddr3_infrastructure/CLK
    PLLE2_ADV_X1Y0       PLLE2_ADV (Prop_plle2_adv_CLKIN1_CLKOUT3)
                                                      0.053    -0.776 r  u_ddr3/u_mig_7series_0/u_mig_7series_0_mig/u_ddr3_infrastructure/plle2_i/CLKOUT3
                         net (fo=1, routed)           0.423    -0.353    u_ddr3/u_mig_7series_0/u_mig_7series_0_mig/u_ddr3_infrastructure/pll_clk3_out
    BUFHCE_X1Y0          BUFH (Prop_bufh_I_O)         0.043    -0.310 r  u_ddr3/u_mig_7series_0/u_mig_7series_0_mig/u_ddr3_infrastructure/u_bufh_pll_clk3/O
                         net (fo=1, routed)           0.483     0.173    u_ddr3/u_mig_7series_0/u_mig_7series_0_mig/u_ddr3_infrastructure/pll_clk3
    MMCME2_ADV_X1Y0      MMCME2_ADV (Prop_mmcme2_adv_CLKIN1_CLKFBOUT)
                                                     -1.375    -1.203 r  u_ddr3/u_mig_7series_0/u_mig_7series_0_mig/u_ddr3_infrastructure/gen_mmcm.mmcm_i/CLKFBOUT
                         net (fo=1, routed)           0.530    -0.673    u_ddr3/u_mig_7series_0/u_mig_7series_0_mig/u_ddr3_infrastructure/clk_pll_i
    BUFGCTRL_X0Y0        BUFG (Prop_bufg_I_O)         0.029    -0.644 r  u_ddr3/u_mig_7series_0/u_mig_7series_0_mig/u_ddr3_infrastructure/u_bufg_clkdiv0/O
                         net (fo=21229, routed)       0.864     0.220    u_ddr3/ui_clk
    SLICE_X7Y46          FDCE                                         r  u_ddr3/npu_start_meta_reg/C
                         clock pessimism              0.555     0.774    
                         clock uncertainty            0.227     1.002    
    SLICE_X7Y46          FDCE (Hold_fdce_C_D)         0.061     1.063    u_ddr3/npu_start_meta_reg
  -------------------------------------------------------------------
                         required time                         -1.063    
                         arrival time                           1.254    
  -------------------------------------------------------------------
                         slack                                  0.191    





---------------------------------------------------------------------------------------------------
From Clock:  clk_pll_i
  To Clock:  clk_out2_mmcm

Setup :            0  Failing Endpoints,  Worst Slack        2.867ns,  Total Violation        0.000ns
Hold  :            0  Failing Endpoints,  Worst Slack        1.182ns,  Total Violation        0.000ns
---------------------------------------------------------------------------------------------------


Max Delay Paths
--------------------------------------------------------------------------------------
Slack (MET) :             2.867ns  (required time - arrival time)
  Source:                 u_ddr3/u_mig_7series_0/u_mig_7series_0_mig/u_memc_ui_top_axi/mem_intfc0/ddr_phy_top0/u_ddr_calib_top/init_calib_complete_reg/C
                            (rising edge-triggered cell FDRE clocked by clk_pll_i  {rise@0.000ns fall@5.000ns period=10.000ns})
  Destination:            output_crc_report_reg[0]/R
                            (rising edge-triggered cell FDRE clocked by clk_out2_mmcm  {rise@0.000ns fall@5.000ns period=10.000ns})
  Path Group:             clk_out2_mmcm
  Path Type:              Setup (Max at Slow Process Corner)
  Requirement:            10.000ns  (clk_out2_mmcm rise@10.000ns - clk_pll_i rise@0.000ns)
  Data Path Delay:        4.422ns  (logic 0.484ns (10.944%)  route 3.938ns (89.056%))
  Logic Levels:           1  (LUT3=1)
  Clock Path Skew:        -2.069ns (DCD - SCD + CPR)
    Destination Clock Delay (DCD):    -0.938ns = ( 9.062 - 10.000 ) 
    Source Clock Delay      (SCD):    1.396ns
    Clock Pessimism Removal (CPR):    0.264ns
  Clock Uncertainty:      0.289ns  ((TSJ^2 + DJ^2)^1/2) / 2 + PE
    Total System Jitter     (TSJ):    0.071ns
    Discrete Jitter          (DJ):    0.162ns
    Phase Error              (PE):    0.201ns

    Location             Delay type                Incr(ns)  Path(ns)    Netlist Resource(s)
  -------------------------------------------------------------------    -------------------
                         (clock clk_pll_i rise edge)
                                                      0.000     0.000 r  
    Y18                                               0.000     0.000 r  Clk (IN)
                         net (fo=0)                   0.000     0.000    u_mmcm/inst/clk_in1
    Y18                  IBUF (Prop_ibuf_I_O)         1.427     1.427 r  u_mmcm/inst/clkin1_ibufg/O
                         net (fo=1, routed)           1.065     2.492    u_mmcm/inst/clk_in1_mmcm
    MMCME2_ADV_X0Y0      MMCME2_ADV (Prop_mmcme2_adv_CLKIN1_CLKOUT0)
                                                     -5.924    -3.433 r  u_mmcm/inst/mmcm_adv_inst/CLKOUT0
                         net (fo=1, routed)           1.425    -2.008    u_mmcm/inst/clk_out1_mmcm
    BUFGCTRL_X0Y1        BUFG (Prop_bufg_I_O)         0.081    -1.927 r  u_mmcm/inst/clkout1_buf/O
                         net (fo=63, routed)          1.408    -0.519    u_ddr3/u_mig_7series_0/u_mig_7series_0_mig/u_ddr3_infrastructure/CLK
    PLLE2_ADV_X1Y0       PLLE2_ADV (Prop_plle2_adv_CLKIN1_CLKOUT3)
                                                      0.077    -0.442 r  u_ddr3/u_mig_7series_0/u_mig_7series_0_mig/u_ddr3_infrastructure/plle2_i/CLKOUT3
                         net (fo=1, routed)           1.062     0.620    u_ddr3/u_mig_7series_0/u_mig_7series_0_mig/u_ddr3_infrastructure/pll_clk3_out
    BUFHCE_X1Y0          BUFH (Prop_bufh_I_O)         0.106     0.726 r  u_ddr3/u_mig_7series_0/u_mig_7series_0_mig/u_ddr3_infrastructure/u_bufh_pll_clk3/O
                         net (fo=1, routed)           0.702     1.428    u_ddr3/u_mig_7series_0/u_mig_7series_0_mig/u_ddr3_infrastructure/pll_clk3
    MMCME2_ADV_X1Y0      MMCME2_ADV (Prop_mmcme2_adv_CLKIN1_CLKFBOUT)
                                                     -2.890    -1.463 r  u_ddr3/u_mig_7series_0/u_mig_7series_0_mig/u_ddr3_infrastructure/gen_mmcm.mmcm_i/CLKFBOUT
                         net (fo=1, routed)           1.421    -0.042    u_ddr3/u_mig_7series_0/u_mig_7series_0_mig/u_ddr3_infrastructure/clk_pll_i
    BUFGCTRL_X0Y0        BUFG (Prop_bufg_I_O)         0.081     0.039 r  u_ddr3/u_mig_7series_0/u_mig_7series_0_mig/u_ddr3_infrastructure/u_bufg_clkdiv0/O
                         net (fo=21229, routed)       1.357     1.396    u_ddr3/u_mig_7series_0/u_mig_7series_0_mig/u_memc_ui_top_axi/mem_intfc0/ddr_phy_top0/u_ddr_calib_top/dout_o_reg[15]
    SLICE_X39Y18         FDRE                                         r  u_ddr3/u_mig_7series_0/u_mig_7series_0_mig/u_memc_ui_top_axi/mem_intfc0/ddr_phy_top0/u_ddr_calib_top/init_calib_complete_reg/C
  -------------------------------------------------------------------    -------------------
    SLICE_X39Y18         FDRE (Prop_fdre_C_Q)         0.379     1.775 f  u_ddr3/u_mig_7series_0/u_mig_7series_0_mig/u_memc_ui_top_axi/mem_intfc0/ddr_phy_top0/u_ddr_calib_top/init_calib_complete_reg/Q
                         net (fo=8, routed)           1.812     3.587    u_ddr3/init_calib_complete
    SLICE_X9Y27          LUT3 (Prop_lut3_I1_O)        0.105     3.692 r  u_ddr3/frame_toggle_meta_i_1/O
                         net (fo=79, routed)          2.126     5.818    frame_toggle_meta_reg0
    SLICE_X3Y14          FDRE                                         r  output_crc_report_reg[0]/R
  -------------------------------------------------------------------    -------------------

                         (clock clk_out2_mmcm rise edge)
                                                     10.000    10.000 r  
    Y18                                               0.000    10.000 r  Clk (IN)
                         net (fo=0)                   0.000    10.000    u_mmcm/inst/clk_in1
    Y18                  IBUF (Prop_ibuf_I_O)         1.361    11.361 r  u_mmcm/inst/clkin1_ibufg/O
                         net (fo=1, routed)           1.004    12.364    u_mmcm/inst/clk_in1_mmcm
    MMCME2_ADV_X0Y0      MMCME2_ADV (Prop_mmcme2_adv_CLKIN1_CLKOUT1)
                                                     -6.061     6.303 r  u_mmcm/inst/mmcm_adv_inst/CLKOUT1
                         net (fo=1, routed)           1.357     7.661    u_mmcm/inst/clk_out2_mmcm
    BUFGCTRL_X0Y2        BUFG (Prop_bufg_I_O)         0.077     7.738 r  u_mmcm/inst/clkout2_buf/O
                         net (fo=489, routed)         1.325     9.062    clk_100m
    SLICE_X3Y14          FDRE                                         r  output_crc_report_reg[0]/C
                         clock pessimism              0.264     9.327    
                         clock uncertainty           -0.289     9.038    
    SLICE_X3Y14          FDRE (Setup_fdre_C_R)       -0.352     8.686    output_crc_report_reg[0]
  -------------------------------------------------------------------
                         required time                          8.686    
                         arrival time                          -5.818    
  -------------------------------------------------------------------
                         slack                                  2.867    





Min Delay Paths
--------------------------------------------------------------------------------------
Slack (MET) :             1.182ns  (arrival time - required time)
  Source:                 u_ddr3/u_mig_7series_0/u_mig_7series_0_mig/u_memc_ui_top_axi/mem_intfc0/ddr_phy_top0/u_ddr_calib_top/init_calib_complete_reg/C
                            (rising edge-triggered cell FDRE clocked by clk_pll_i  {rise@0.000ns fall@5.000ns period=10.000ns})
  Destination:            read_wait_reg[13]/R
                            (rising edge-triggered cell FDRE clocked by clk_out2_mmcm  {rise@0.000ns fall@5.000ns period=10.000ns})
  Path Group:             clk_out2_mmcm
  Path Type:              Hold (Min at Fast Process Corner)
  Requirement:            0.000ns  (clk_out2_mmcm rise@0.000ns - clk_pll_i rise@0.000ns)
  Data Path Delay:        1.077ns  (logic 0.186ns (17.270%)  route 0.891ns (82.730%))
  Logic Levels:           1  (LUT6=1)
  Clock Path Skew:        -0.403ns (DCD - SCD - CPR)
    Destination Clock Delay (DCD):    -0.831ns
    Source Clock Delay      (SCD):    0.127ns
    Clock Pessimism Removal (CPR):    -0.555ns
  Clock Uncertainty:      0.289ns  ((TSJ^2 + DJ^2)^1/2) / 2 + PE
    Total System Jitter     (TSJ):    0.071ns
    Discrete Jitter          (DJ):    0.162ns
    Phase Error              (PE):    0.201ns

    Location             Delay type                Incr(ns)  Path(ns)    Netlist Resource(s)
  -------------------------------------------------------------------    -------------------
                         (clock clk_pll_i rise edge)
                                                      0.000     0.000 r  
    Y18                                               0.000     0.000 r  Clk (IN)
                         net (fo=0)                   0.000     0.000    u_mmcm/inst/clk_in1
    Y18                  IBUF (Prop_ibuf_I_O)         0.264     0.264 r  u_mmcm/inst/clkin1_ibufg/O
                         net (fo=1, routed)           0.440     0.704    u_mmcm/inst/clk_in1_mmcm
    MMCME2_ADV_X0Y0      MMCME2_ADV (Prop_mmcme2_adv_CLKIN1_CLKOUT0)
                                                     -2.362    -1.659 r  u_mmcm/inst/mmcm_adv_inst/CLKOUT0
                         net (fo=1, routed)           0.489    -1.170    u_mmcm/inst/clk_out1_mmcm
    BUFGCTRL_X0Y1        BUFG (Prop_bufg_I_O)         0.026    -1.144 r  u_mmcm/inst/clkout1_buf/O
                         net (fo=63, routed)          0.554    -0.590    u_ddr3/u_mig_7series_0/u_mig_7series_0_mig/u_ddr3_infrastructure/CLK
    PLLE2_ADV_X1Y0       PLLE2_ADV (Prop_plle2_adv_CLKIN1_CLKOUT3)
                                                      0.050    -0.540 r  u_ddr3/u_mig_7series_0/u_mig_7series_0_mig/u_ddr3_infrastructure/plle2_i/CLKOUT3
                         net (fo=1, routed)           0.381    -0.159    u_ddr3/u_mig_7series_0/u_mig_7series_0_mig/u_ddr3_infrastructure/pll_clk3_out
    BUFHCE_X1Y0          BUFH (Prop_bufh_I_O)         0.020    -0.139 r  u_ddr3/u_mig_7series_0/u_mig_7series_0_mig/u_ddr3_infrastructure/u_bufh_pll_clk3/O
                         net (fo=1, routed)           0.259     0.120    u_ddr3/u_mig_7series_0/u_mig_7series_0_mig/u_ddr3_infrastructure/pll_clk3
    MMCME2_ADV_X1Y0      MMCME2_ADV (Prop_mmcme2_adv_CLKIN1_CLKFBOUT)
                                                     -1.061    -0.941 r  u_ddr3/u_mig_7series_0/u_mig_7series_0_mig/u_ddr3_infrastructure/gen_mmcm.mmcm_i/CLKFBOUT
                         net (fo=1, routed)           0.486    -0.455    u_ddr3/u_mig_7series_0/u_mig_7series_0_mig/u_ddr3_infrastructure/clk_pll_i
    BUFGCTRL_X0Y0        BUFG (Prop_bufg_I_O)         0.026    -0.429 r  u_ddr3/u_mig_7series_0/u_mig_7series_0_mig/u_ddr3_infrastructure/u_bufg_clkdiv0/O
                         net (fo=21229, routed)       0.556     0.127    u_ddr3/u_mig_7series_0/u_mig_7series_0_mig/u_memc_ui_top_axi/mem_intfc0/ddr_phy_top0/u_ddr_calib_top/dout_o_reg[15]
    SLICE_X39Y18         FDRE                                         r  u_ddr3/u_mig_7series_0/u_mig_7series_0_mig/u_memc_ui_top_axi/mem_intfc0/ddr_phy_top0/u_ddr_calib_top/init_calib_complete_reg/C
  -------------------------------------------------------------------    -------------------
    SLICE_X39Y18         FDRE (Prop_fdre_C_Q)         0.141     0.268 f  u_ddr3/u_mig_7series_0/u_mig_7series_0_mig/u_memc_ui_top_axi/mem_intfc0/ddr_phy_top0/u_ddr_calib_top/init_calib_complete_reg/Q
                         net (fo=8, routed)           0.775     1.043    u_ddr3/init_calib_complete
    SLICE_X13Y25         LUT6 (Prop_lut6_I1_O)        0.045     1.088 r  u_ddr3/read_wait[14]_i_1/O
                         net (fo=11, routed)          0.116     1.204    u_ddr3_n_50
    SLICE_X12Y25         FDRE                                         r  read_wait_reg[13]/R
  -------------------------------------------------------------------    -------------------

                         (clock clk_out2_mmcm rise edge)
                                                      0.000     0.000 r  
    Y18                                               0.000     0.000 r  Clk (IN)
                         net (fo=0)                   0.000     0.000    u_mmcm/inst/clk_in1
    Y18                  IBUF (Prop_ibuf_I_O)         0.452     0.452 r  u_mmcm/inst/clkin1_ibufg/O
                         net (fo=1, routed)           0.480     0.932    u_mmcm/inst/clk_in1_mmcm
    MMCME2_ADV_X0Y0      MMCME2_ADV (Prop_mmcme2_adv_CLKIN1_CLKOUT1)
                                                     -3.145    -2.214 r  u_mmcm/inst/mmcm_adv_inst/CLKOUT1
                         net (fo=1, routed)           0.534    -1.680    u_mmcm/inst/clk_out2_mmcm
    BUFGCTRL_X0Y2        BUFG (Prop_bufg_I_O)         0.029    -1.651 r  u_mmcm/inst/clkout2_buf/O
                         net (fo=489, routed)         0.820    -0.831    clk_100m
    SLICE_X12Y25         FDRE                                         r  read_wait_reg[13]/C
                         clock pessimism              0.555    -0.277    
                         clock uncertainty            0.289     0.012    
    SLICE_X12Y25         FDRE (Hold_fdre_C_R)         0.009     0.021    read_wait_reg[13]
  -------------------------------------------------------------------
                         required time                         -0.021    
                         arrival time                           1.204    
  -------------------------------------------------------------------
                         slack                                  1.182    





---------------------------------------------------------------------------------------------------
Path Group:  **async_default**
From Clock:  clk_pll_i
  To Clock:  clk_pll_i

Setup :            0  Failing Endpoints,  Worst Slack        4.758ns,  Total Violation        0.000ns
Hold  :            0  Failing Endpoints,  Worst Slack        1.051ns,  Total Violation        0.000ns
---------------------------------------------------------------------------------------------------


Max Delay Paths
--------------------------------------------------------------------------------------
Slack (MET) :             4.758ns  (required time - arrival time)
  Source:                 u_ddr3/u_mig_7series_0/u_mig_7series_0_mig/u_ddr3_infrastructure/rstdiv0_sync_r1_reg_rep/C
                            (rising edge-triggered cell FDPE clocked by clk_pll_i  {rise@0.000ns fall@5.000ns period=10.000ns})
  Destination:            u_ddr3/fifo2mig_axi/m_axi_awaddr_reg[16]/CLR
                            (recovery check against rising-edge clock clk_pll_i  {rise@0.000ns fall@5.000ns period=10.000ns})
  Path Group:             **async_default**
  Path Type:              Recovery (Max at Slow Process Corner)
  Requirement:            10.000ns  (clk_pll_i rise@10.000ns - clk_pll_i rise@0.000ns)
  Data Path Delay:        4.770ns  (logic 0.379ns (7.945%)  route 4.391ns (92.055%))
  Logic Levels:           0  
  Clock Path Skew:        -0.151ns (DCD - SCD + CPR)
    Destination Clock Delay (DCD):    0.754ns = ( 10.754 - 10.000 ) 
    Source Clock Delay      (SCD):    1.459ns
    Clock Pessimism Removal (CPR):    0.554ns
  Clock Uncertainty:      0.063ns  ((TSJ^2 + DJ^2)^1/2) / 2 + PE
    Total System Jitter     (TSJ):    0.071ns
    Discrete Jitter          (DJ):    0.104ns
    Phase Error              (PE):    0.000ns

    Location             Delay type                Incr(ns)  Path(ns)    Netlist Resource(s)
  -------------------------------------------------------------------    -------------------
                         (clock clk_pll_i rise edge)
                                                      0.000     0.000 r  
    Y18                                               0.000     0.000 r  Clk (IN)
                         net (fo=0)                   0.000     0.000    u_mmcm/inst/clk_in1
    Y18                  IBUF (Prop_ibuf_I_O)         1.427     1.427 r  u_mmcm/inst/clkin1_ibufg/O
                         net (fo=1, routed)           1.065     2.492    u_mmcm/inst/clk_in1_mmcm
    MMCME2_ADV_X0Y0      MMCME2_ADV (Prop_mmcme2_adv_CLKIN1_CLKOUT0)
                                                     -5.924    -3.433 r  u_mmcm/inst/mmcm_adv_inst/CLKOUT0
                         net (fo=1, routed)           1.425    -2.008    u_mmcm/inst/clk_out1_mmcm
    BUFGCTRL_X0Y1        BUFG (Prop_bufg_I_O)         0.081    -1.927 r  u_mmcm/inst/clkout1_buf/O
                         net (fo=63, routed)          1.408    -0.519    u_ddr3/u_mig_7series_0/u_mig_7series_0_mig/u_ddr3_infrastructure/CLK
    PLLE2_ADV_X1Y0       PLLE2_ADV (Prop_plle2_adv_CLKIN1_CLKOUT3)
                                                      0.077    -0.442 r  u_ddr3/u_mig_7series_0/u_mig_7series_0_mig/u_ddr3_infrastructure/plle2_i/CLKOUT3
                         net (fo=1, routed)           1.062     0.620    u_ddr3/u_mig_7series_0/u_mig_7series_0_mig/u_ddr3_infrastructure/pll_clk3_out
    BUFHCE_X1Y0          BUFH (Prop_bufh_I_O)         0.106     0.726 r  u_ddr3/u_mig_7series_0/u_mig_7series_0_mig/u_ddr3_infrastructure/u_bufh_pll_clk3/O
                         net (fo=1, routed)           0.702     1.428    u_ddr3/u_mig_7series_0/u_mig_7series_0_mig/u_ddr3_infrastructure/pll_clk3
    MMCME2_ADV_X1Y0      MMCME2_ADV (Prop_mmcme2_adv_CLKIN1_CLKFBOUT)
                                                     -2.890    -1.463 r  u_ddr3/u_mig_7series_0/u_mig_7series_0_mig/u_ddr3_infrastructure/gen_mmcm.mmcm_i/CLKFBOUT
                         net (fo=1, routed)           1.421    -0.042    u_ddr3/u_mig_7series_0/u_mig_7series_0_mig/u_ddr3_infrastructure/clk_pll_i
    BUFGCTRL_X0Y0        BUFG (Prop_bufg_I_O)         0.081     0.039 r  u_ddr3/u_mig_7series_0/u_mig_7series_0_mig/u_ddr3_infrastructure/u_bufg_clkdiv0/O
                         net (fo=21229, routed)       1.420     1.459    u_ddr3/u_mig_7series_0/u_mig_7series_0_mig/u_ddr3_infrastructure/gen_mmcm.mmcm_i_0
    SLICE_X4Y24          FDPE                                         r  u_ddr3/u_mig_7series_0/u_mig_7series_0_mig/u_ddr3_infrastructure/rstdiv0_sync_r1_reg_rep/C
  -------------------------------------------------------------------    -------------------
    SLICE_X4Y24          FDPE (Prop_fdpe_C_Q)         0.379     1.838 f  u_ddr3/u_mig_7series_0/u_mig_7series_0_mig/u_ddr3_infrastructure/rstdiv0_sync_r1_reg_rep/Q
                         net (fo=2121, routed)        4.391     6.229    u_ddr3/fifo2mig_axi/ui_clk_sync_rst
    SLICE_X52Y46         FDCE                                         f  u_ddr3/fifo2mig_axi/m_axi_awaddr_reg[16]/CLR
  -------------------------------------------------------------------    -------------------

                         (clock clk_pll_i rise edge)
                                                     10.000    10.000 r  
    Y18                                               0.000    10.000 r  Clk (IN)
                         net (fo=0)                   0.000    10.000    u_mmcm/inst/clk_in1
    Y18                  IBUF (Prop_ibuf_I_O)         1.361    11.361 r  u_mmcm/inst/clkin1_ibufg/O
                         net (fo=1, routed)           1.004    12.364    u_mmcm/inst/clk_in1_mmcm
    MMCME2_ADV_X0Y0      MMCME2_ADV (Prop_mmcme2_adv_CLKIN1_CLKOUT0)
                                                     -6.061     6.303 r  u_mmcm/inst/mmcm_adv_inst/CLKOUT0
                         net (fo=1, routed)           1.357     7.661    u_mmcm/inst/clk_out1_mmcm
    BUFGCTRL_X0Y1        BUFG (Prop_bufg_I_O)         0.077     7.738 r  u_mmcm/inst/clkout1_buf/O
                         net (fo=63, routed)          1.304     9.041    u_ddr3/u_mig_7series_0/u_mig_7series_0_mig/u_ddr3_infrastructure/CLK
    PLLE2_ADV_X1Y0       PLLE2_ADV (Prop_plle2_adv_CLKIN1_CLKOUT3)
                                                      0.073     9.114 r  u_ddr3/u_mig_7series_0/u_mig_7series_0_mig/u_ddr3_infrastructure/plle2_i/CLKOUT3
                         net (fo=1, routed)           0.929    10.043    u_ddr3/u_mig_7series_0/u_mig_7series_0_mig/u_ddr3_infrastructure/pll_clk3_out
    BUFHCE_X1Y0          BUFH (Prop_bufh_I_O)         0.069    10.112 r  u_ddr3/u_mig_7series_0/u_mig_7series_0_mig/u_ddr3_infrastructure/u_bufh_pll_clk3/O
                         net (fo=1, routed)           0.664    10.776    u_ddr3/u_mig_7series_0/u_mig_7series_0_mig/u_ddr3_infrastructure/pll_clk3
    MMCME2_ADV_X1Y0      MMCME2_ADV (Prop_mmcme2_adv_CLKIN1_CLKFBOUT)
                                                     -2.714     8.062 r  u_ddr3/u_mig_7series_0/u_mig_7series_0_mig/u_ddr3_infrastructure/gen_mmcm.mmcm_i/CLKFBOUT
                         net (fo=1, routed)           1.352     9.415    u_ddr3/u_mig_7series_0/u_mig_7series_0_mig/u_ddr3_infrastructure/clk_pll_i
    BUFGCTRL_X0Y0        BUFG (Prop_bufg_I_O)         0.077     9.492 r  u_ddr3/u_mig_7series_0/u_mig_7series_0_mig/u_ddr3_infrastructure/u_bufg_clkdiv0/O
                         net (fo=21229, routed)       1.263    10.754    u_ddr3/fifo2mig_axi/ui_clk
    SLICE_X52Y46         FDCE                                         r  u_ddr3/fifo2mig_axi/m_axi_awaddr_reg[16]/C
                         clock pessimism              0.554    11.308    
                         clock uncertainty           -0.063    11.245    
    SLICE_X52Y46         FDCE (Recov_fdce_C_CLR)     -0.258    10.987    u_ddr3/fifo2mig_axi/m_axi_awaddr_reg[16]
  -------------------------------------------------------------------
                         required time                         10.987    
                         arrival time                          -6.229    
  -------------------------------------------------------------------
                         slack                                  4.758    





Min Delay Paths
--------------------------------------------------------------------------------------
Slack (MET) :             1.051ns  (arrival time - required time)
  Source:                 u_ddr3/u_mig_7series_0/u_mig_7series_0_mig/u_ddr3_infrastructure/rstdiv0_sync_r1_reg_rep__13/C
                            (rising edge-triggered cell FDPE clocked by clk_pll_i  {rise@0.000ns fall@5.000ns period=10.000ns})
  Destination:            u_ddr3/u_mig_7series_0/u_mig_7series_0_mig/u_memc_ui_top_axi/mem_intfc0/ddr_phy_top0/u_ddr_mc_phy_wrapper/u_ddr_mc_phy/ddr_phy_4lanes_0.u_ddr_phy_4lanes/rst_out_reg/CLR
                            (removal check against rising-edge clock clk_pll_i  {rise@0.000ns fall@5.000ns period=10.000ns})
  Path Group:             **async_default**
  Path Type:              Removal (Min at Fast Process Corner)
  Requirement:            0.000ns  (clk_pll_i rise@0.000ns - clk_pll_i rise@0.000ns)
  Data Path Delay:        1.027ns  (logic 0.141ns (13.733%)  route 0.886ns (86.267%))
  Logic Levels:           0  
  Clock Path Skew:        0.068ns (DCD - SCD - CPR)
    Destination Clock Delay (DCD):    0.213ns
    Source Clock Delay      (SCD):    0.126ns
    Clock Pessimism Removal (CPR):    0.019ns

    Location             Delay type                Incr(ns)  Path(ns)    Netlist Resource(s)
  -------------------------------------------------------------------    -------------------
                         (clock clk_pll_i rise edge)
                                                      0.000     0.000 r  
    Y18                                               0.000     0.000 r  Clk (IN)
                         net (fo=0)                   0.000     0.000    u_mmcm/inst/clk_in1
    Y18                  IBUF (Prop_ibuf_I_O)         0.264     0.264 r  u_mmcm/inst/clkin1_ibufg/O
                         net (fo=1, routed)           0.440     0.704    u_mmcm/inst/clk_in1_mmcm
    MMCME2_ADV_X0Y0      MMCME2_ADV (Prop_mmcme2_adv_CLKIN1_CLKOUT0)
                                                     -2.362    -1.659 r  u_mmcm/inst/mmcm_adv_inst/CLKOUT0
                         net (fo=1, routed)           0.489    -1.170    u_mmcm/inst/clk_out1_mmcm
    BUFGCTRL_X0Y1        BUFG (Prop_bufg_I_O)         0.026    -1.144 r  u_mmcm/inst/clkout1_buf/O
                         net (fo=63, routed)          0.554    -0.590    u_ddr3/u_mig_7series_0/u_mig_7series_0_mig/u_ddr3_infrastructure/CLK
    PLLE2_ADV_X1Y0       PLLE2_ADV (Prop_plle2_adv_CLKIN1_CLKOUT3)
                                                      0.050    -0.540 r  u_ddr3/u_mig_7series_0/u_mig_7series_0_mig/u_ddr3_infrastructure/plle2_i/CLKOUT3
                         net (fo=1, routed)           0.381    -0.159    u_ddr3/u_mig_7series_0/u_mig_7series_0_mig/u_ddr3_infrastructure/pll_clk3_out
    BUFHCE_X1Y0          BUFH (Prop_bufh_I_O)         0.020    -0.139 r  u_ddr3/u_mig_7series_0/u_mig_7series_0_mig/u_ddr3_infrastructure/u_bufh_pll_clk3/O
                         net (fo=1, routed)           0.259     0.120    u_ddr3/u_mig_7series_0/u_mig_7series_0_mig/u_ddr3_infrastructure/pll_clk3
    MMCME2_ADV_X1Y0      MMCME2_ADV (Prop_mmcme2_adv_CLKIN1_CLKFBOUT)
                                                     -1.061    -0.941 r  u_ddr3/u_mig_7series_0/u_mig_7series_0_mig/u_ddr3_infrastructure/gen_mmcm.mmcm_i/CLKFBOUT
                         net (fo=1, routed)           0.486    -0.455    u_ddr3/u_mig_7series_0/u_mig_7series_0_mig/u_ddr3_infrastructure/clk_pll_i
    BUFGCTRL_X0Y0        BUFG (Prop_bufg_I_O)         0.026    -0.429 r  u_ddr3/u_mig_7series_0/u_mig_7series_0_mig/u_ddr3_infrastructure/u_bufg_clkdiv0/O
                         net (fo=21229, routed)       0.555     0.126    u_ddr3/u_mig_7series_0/u_mig_7series_0_mig/u_ddr3_infrastructure/gen_mmcm.mmcm_i_0
    SLICE_X45Y29         FDPE                                         r  u_ddr3/u_mig_7series_0/u_mig_7series_0_mig/u_ddr3_infrastructure/rstdiv0_sync_r1_reg_rep__13/C
  -------------------------------------------------------------------    -------------------
    SLICE_X45Y29         FDPE (Prop_fdpe_C_Q)         0.141     0.267 f  u_ddr3/u_mig_7series_0/u_mig_7series_0_mig/u_ddr3_infrastructure/rstdiv0_sync_r1_reg_rep__13/Q
                         net (fo=3, routed)           0.886     1.152    u_ddr3/u_mig_7series_0/u_mig_7series_0_mig/u_memc_ui_top_axi/mem_intfc0/ddr_phy_top0/u_ddr_mc_phy_wrapper/u_ddr_mc_phy/ddr_phy_4lanes_0.u_ddr_phy_4lanes/rst_out_reg_0[0]
    SLICE_X62Y18         FDCE                                         f  u_ddr3/u_mig_7series_0/u_mig_7series_0_mig/u_memc_ui_top_axi/mem_intfc0/ddr_phy_top0/u_ddr_mc_phy_wrapper/u_ddr_mc_phy/ddr_phy_4lanes_0.u_ddr_phy_4lanes/rst_out_reg/CLR
  -------------------------------------------------------------------    -------------------

                         (clock clk_pll_i rise edge)
                                                      0.000     0.000 r  
    Y18                                               0.000     0.000 r  Clk (IN)
                         net (fo=0)                   0.000     0.000    u_mmcm/inst/clk_in1
    Y18                  IBUF (Prop_ibuf_I_O)         0.452     0.452 r  u_mmcm/inst/clkin1_ibufg/O
                         net (fo=1, routed)           0.480     0.932    u_mmcm/inst/clk_in1_mmcm
    MMCME2_ADV_X0Y0      MMCME2_ADV (Prop_mmcme2_adv_CLKIN1_CLKOUT0)
                                                     -3.145    -2.214 r  u_mmcm/inst/mmcm_adv_inst/CLKOUT0
                         net (fo=1, routed)           0.534    -1.680    u_mmcm/inst/clk_out1_mmcm
    BUFGCTRL_X0Y1        BUFG (Prop_bufg_I_O)         0.029    -1.651 r  u_mmcm/inst/clkout1_buf/O
                         net (fo=63, routed)          0.822    -0.829    u_ddr3/u_mig_7series_0/u_mig_7series_0_mig/u_ddr3_infrastructure/CLK
    PLLE2_ADV_X1Y0       PLLE2_ADV (Prop_plle2_adv_CLKIN1_CLKOUT3)
                                                      0.053    -0.776 r  u_ddr3/u_mig_7series_0/u_mig_7series_0_mig/u_ddr3_infrastructure/plle2_i/CLKOUT3
                         net (fo=1, routed)           0.423    -0.353    u_ddr3/u_mig_7series_0/u_mig_7series_0_mig/u_ddr3_infrastructure/pll_clk3_out
    BUFHCE_X1Y0          BUFH (Prop_bufh_I_O)         0.043    -0.310 r  u_ddr3/u_mig_7series_0/u_mig_7series_0_mig/u_ddr3_infrastructure/u_bufh_pll_clk3/O
                         net (fo=1, routed)           0.483     0.173    u_ddr3/u_mig_7series_0/u_mig_7series_0_mig/u_ddr3_infrastructure/pll_clk3
    MMCME2_ADV_X1Y0      MMCME2_ADV (Prop_mmcme2_adv_CLKIN1_CLKFBOUT)
                                                     -1.375    -1.203 r  u_ddr3/u_mig_7series_0/u_mig_7series_0_mig/u_ddr3_infrastructure/gen_mmcm.mmcm_i/CLKFBOUT
                         net (fo=1, routed)           0.530    -0.673    u_ddr3/u_mig_7series_0/u_mig_7series_0_mig/u_ddr3_infrastructure/clk_pll_i
    BUFGCTRL_X0Y0        BUFG (Prop_bufg_I_O)         0.029    -0.644 r  u_ddr3/u_mig_7series_0/u_mig_7series_0_mig/u_ddr3_infrastructure/u_bufg_clkdiv0/O
                         net (fo=21229, routed)       0.857     0.213    u_ddr3/u_mig_7series_0/u_mig_7series_0_mig/u_memc_ui_top_axi/mem_intfc0/ddr_phy_top0/u_ddr_mc_phy_wrapper/u_ddr_mc_phy/ddr_phy_4lanes_0.u_ddr_phy_4lanes/my_full_reg[4]
    SLICE_X62Y18         FDCE                                         r  u_ddr3/u_mig_7series_0/u_mig_7series_0_mig/u_memc_ui_top_axi/mem_intfc0/ddr_phy_top0/u_ddr_mc_phy_wrapper/u_ddr_mc_phy/ddr_phy_4lanes_0.u_ddr_phy_4lanes/rst_out_reg/C
                         clock pessimism             -0.019     0.194    
    SLICE_X62Y18         FDCE (Remov_fdce_C_CLR)     -0.092     0.102    u_ddr3/u_mig_7series_0/u_mig_7series_0_mig/u_memc_ui_top_axi/mem_intfc0/ddr_phy_top0/u_ddr_mc_phy_wrapper/u_ddr_mc_phy/ddr_phy_4lanes_0.u_ddr_phy_4lanes/rst_out_reg
  -------------------------------------------------------------------
                         required time                         -0.102    
                         arrival time                           1.152    
  -------------------------------------------------------------------
                         slack                                  1.051    





---------------------------------------------------------------------------------------------------
Path Group:  **default**
From Clock:  clk_pll_i
  To Clock:  

Setup :            0  Failing Endpoints,  Worst Slack        0.521ns,  Total Violation        0.000ns
Hold  :           NA  Failing Endpoints,  Worst Slack           NA  ,  Total Violation           NA
---------------------------------------------------------------------------------------------------


Max Delay Paths
--------------------------------------------------------------------------------------
Slack (MET) :             0.521ns  (required time - arrival time)
  Source:                 u_ddr3/u_mig_7series_0/u_mig_7series_0_mig/u_ddr3_infrastructure/rstdiv0_sync_r1_reg_rep/C
                            (rising edge-triggered cell FDPE clocked by clk_pll_i  {rise@0.000ns fall@5.000ns period=10.000ns})
  Destination:            u_ddr3/u_mig_7series_0/u_mig_7series_0_mig/u_memc_ui_top_axi/mem_intfc0/ddr_phy_top0/u_ddr_mc_phy_wrapper/u_ddr_mc_phy/ddr_phy_4lanes_0.u_ddr_phy_4lanes/phy_control_i/RESET
  Path Group:             **default**
  Path Type:              Max at Slow Process Corner
  Requirement:            5.000ns  (MaxDelay Path 5.000ns)
  Data Path Delay:        4.479ns  (logic 0.379ns (8.463%)  route 4.100ns (91.537%))
  Logic Levels:           0  
  Output Delay:           0.000ns
  Timing Exception:       MaxDelay Path 5.000ns -datapath_only

    Location             Delay type                Incr(ns)  Path(ns)    Netlist Resource(s)
  -------------------------------------------------------------------    -------------------
    SLICE_X4Y24                                       0.000     0.000 r  u_ddr3/u_mig_7series_0/u_mig_7series_0_mig/u_ddr3_infrastructure/rstdiv0_sync_r1_reg_rep/C
    SLICE_X4Y24          FDPE (Prop_fdpe_C_Q)         0.379     0.379 r  u_ddr3/u_mig_7series_0/u_mig_7series_0_mig/u_ddr3_infrastructure/rstdiv0_sync_r1_reg_rep/Q
                         net (fo=2121, routed)        4.100     4.479    u_ddr3/u_mig_7series_0/u_mig_7series_0_mig/u_memc_ui_top_axi/mem_intfc0/ddr_phy_top0/u_ddr_mc_phy_wrapper/u_ddr_mc_phy/ddr_phy_4lanes_0.u_ddr_phy_4lanes/in0
    PHY_CONTROL_X1Y0     PHY_CONTROL                                  r  u_ddr3/u_mig_7series_0/u_mig_7series_0_mig/u_memc_ui_top_axi/mem_intfc0/ddr_phy_top0/u_ddr_mc_phy_wrapper/u_ddr_mc_phy/ddr_phy_4lanes_0.u_ddr_phy_4lanes/phy_control_i/RESET
  -------------------------------------------------------------------    -------------------

                         max delay                    5.000     5.000    
    PHY_CONTROL_X1Y0     PHY_CONTROL                  0.000     5.000    u_ddr3/u_mig_7series_0/u_mig_7series_0_mig/u_memc_ui_top_axi/mem_intfc0/ddr_phy_top0/u_ddr_mc_phy_wrapper/u_ddr_mc_phy/ddr_phy_4lanes_0.u_ddr_phy_4lanes/phy_control_i
                         output delay                -0.000     5.000    
  -------------------------------------------------------------------
                         required time                          5.000    
                         arrival time                          -4.479    
  -------------------------------------------------------------------
                         slack                                  0.521    





